,line,name,Y좌표,X좌표,geometry,행정동
0,01호선,종로3가,37.571607,126.991806,POINT (955123.4726345112 1952591.994464539),종로1·2·3·4가동
1,01호선,종로5가,37.570926,127.001849,POINT (956009.9340638698 1952511.691729874),종로5·6가동
2,01호선,동대문,37.57142,127.009745,POINT (956707.494084943 1952562.831297767),종로5·6가동
3,01호선,동묘앞,37.572627,127.016429,POINT (957298.4248585501 1952693.683352406),숭인2동
4,01호선,종각,37.570161,126.982923,POINT (954338.1630656671 1952435.847386413),종로1·2·3·4가동
5,02호선,을지로입구,37.566014,126.982618,POINT (954308.6958991543 1951975.906327138),명동
6,02호선,을지로3가,37.566295,126.99191,POINT (955129.4699438839 1952002.604582098),을지로동
7,02호선,을지로4가,37.566941,126.998079,POINT (955674.6541476132 1952071.347367762),을지로동
8,02호선,신당,37.565972,127.01782,POINT (957417.4687592915 1951954.713361346),신당동
9,03호선,경복궁,37.575762,126.97353,POINT (953512.1654431194 1953061.857535412),사직동
10,03호선,안국,37.576477,126.985443,POINT (954564.5372687263 1953135.355562073),종로1·2·3·4가동
11,03호선,종로3가,37.571607,126.991806,POINT (955123.4726345112 1952591.994464539),종로1·2·3·4가동
12,03호선,을지로3가,37.566295,126.99191,POINT (955129.4699438839 1952002.604582098),을지로동
13,03호선,무악재,37.582299,126.950291,POINT (951464.3658727232 1953798.860333043),홍제1동
14,03호선,독립문,37.574571,126.957748,POINT (952117.8256258027 1952937.647562767),천연동
15,04호선,성신여대입구,37.592624,127.016403,POINT (957307.5499962475 1954912.2667422),동선동
16,04호선,한성대입구,37.588458,127.006221,POINT (956406.2367691039 1954454.745330006),성북동
17,04호선,혜화,37.582336,127.001844,POINT (956016.2045109431 1953777.578469835),이화동
18,04호선,동대문,37.57142,127.009745,POINT (956707.494084943 1952562.831297767),종로5·6가동
19,05호선,종로3가,37.571607,126.991806,POINT (955123.4726345112 1952591.994464539),종로1·2·3·4가동
20,05호선,광화문,37.571026,126.976669,POINT (953786.4177656958 1952534.872424297),사직동
21,05호선,을지로4가,37.566941,126.998079,POINT (955674.6541476132 1952071.347367762),을지로동
22,06호선,신당,37.565972,127.01782,POINT (957417.4687592915 1951954.713361346),신당동
23,06호선,동묘앞,37.572627,127.016429,POINT (957298.4248585501 1952693.683352406),숭인2동
24,06호선,창신,37.579661,127.015241,POINT (957197.5447204586 1953474.61177932),숭인1동
25,06호선,보문,37.585286,127.019381,POINT (957566.2867427192 1954096.800392414),보문동
26,우이신설경전철,삼양사거리,37.621512,127.02048,POINT (957683.8431107318 1958115.419513683),송천동
27,우이신설경전철,솔샘,37.62124,127.013528,POINT (957070.19043393 1958088.399310886),삼양동
28,우이신설경전철,북한산보국문,37.612343,127.008009,POINT (956577.9772055106 1957103.852364454),정릉4동
29,우이신설경전철,정릉,37.602798,127.01349,POINT (957056.2335015928 1956042.354566943),정릉1동
30,우이신설경전철,성신여대입구,37.592624,127.016403,POINT (957307.5499962475 1954912.2667422),동선동
31,우이신설경전철,보문,37.585286,127.019381,POINT (957566.2867427192 1954096.800392414),보문동
32,우이신설경전철,삼양,37.627165,127.018152,POINT (957481.6231054806 1958743.649364888),삼양동
33,01호선,서울,37.554648,126.972559,POINT (953413.2773498337 1950719.843822011),회현동
34,01호선,시청,37.564718,126.977108,POINT (953821.2904436305 1951834.814801783),소공동
35,02호선,동대문역사문화공원,37.565138,127.007896,POINT (956540.5652524176 1951866.728394113),광희동
36,02호선,충정로,37.559973,126.963672,POINT (952631.6898234187 1951315.06746509),충현동
37,02호선,시청,37.564718,126.977108,POINT (953821.2904436305 1951834.814801783),소공동
38,03호선,동대입구,37.559052,127.005602,POINT (956334.4208181662 1951192.581171285),장충동
39,03호선,금호,37.548034,127.015872,POINT (957235.1845672427 1949965.471028717),금호4가동
40,03호선,약수,37.55434,127.010655,POINT (956777.9865784801 1950667.473939285),약수동
41,03호선,충무로,37.561243,126.99428,POINT (955335.7550944617 1951440.981640361),필동
42,04호선,동대문역사문화공원,37.565138,127.007896,POINT (956540.5652524176 1951866.728394113),광희동
43,04호선,충무로,37.561243,126.99428,POINT (955335.7550944617 1951440.981640361),필동
44,04호선,명동,37.560989,126.986325,POINT (954633.0255050746 1951416.61180675),명동
45,04호선,회현,37.558514,126.978246,POINT (953917.9714392016 1951145.95346405),회현동
46,04호선,서울,37.554648,126.972559,POINT (953413.2773498337 1950719.843822011),회현동
47,04호선,숙대입구,37.54456,126.972106,POINT (953366.9806954446 1949600.857293786),남영동
48,05호선,서대문,37.565773,126.966641,POINT (952897.5647361026 1951957.056688222),충현동
49,05호선,충정로,37.559973,126.963672,POINT (952631.6898234187 1951315.06746509),충현동
50,05호선,신금호,37.554548,127.020331,POINT (957632.7544570969 1950686.145293144),금호2·3가동
51,05호선,동대문역사문화공원,37.565138,127.007896,POINT (956540.5652524176 1951866.728394113),광희동
52,05호선,청구,37.560245,127.013828,POINT (957061.6361258936 1951321.148483264),청구동
53,06호선,버티고개,37.548013,127.007055,POINT (956456.3292074092 1949967.188406177),약수동
54,06호선,약수,37.55434,127.010655,POINT (956777.9865784801 1950667.473939285),약수동
55,06호선,청구,37.560245,127.013828,POINT (957061.6361258936 1951321.148483264),청구동
56,경의선,서울,37.554648,126.972559,POINT (953413.2773498337 1950719.843822011),회현동
57,공항철도,서울,37.554648,126.972559,POINT (953413.2773498337 1950719.843822011),회현동
58,01호선,남영,37.541021,126.9713,POINT (953293.5720868133 1949208.624159321),남영동
59,01호선,용산,37.529849,126.964561,POINT (952691.1734842091 1947972.520231516),한강로동
60,03호선,잠원,37.512759,127.01122,POINT (956803.9150620385 1946054.038331335),잠원동
61,04호선,삼각지,37.534777,126.97311,POINT (953449.5908213287 1948514.988680814),한강로동
62,04호선,신용산,37.52917,126.967894,POINT (952985.2374301468 1947895.517637272),한강로동
63,04호선,이촌,37.522272,126.974345,POINT (953550.9494265374 1947127.018405759),이촌1동
64,05호선,애오개,37.553736,126.95682,POINT (952022.5200281158 1950626.578846025),아현동
65,05호선,마포,37.539574,126.945932,POINT (951051.5479145241 1949060.990527304),용강동
66,05호선,공덕,37.544018,126.951592,POINT (951554.4532490878 1949551.097676678),공덕동
67,06호선,공덕,37.544018,126.951592,POINT (951554.4532490878 1949551.097676678),공덕동
68,06호선,효창공원앞,37.539261,126.961351,POINT (952413.532062864 1949018.350018794),용문동
69,06호선,삼각지,37.534777,126.97311,POINT (953449.5908213287 1948514.988680814),한강로동
70,06호선,녹사평,37.534675,126.986695,POINT (954649.7639620048 1948497.034444012),용산2가동
71,06호선,이태원,37.534488,126.994302,POINT (955321.7315632796 1948472.646640248),이태원1동
72,06호선,한강진,37.539631,127.001725,POINT (955980.5791275548 1949039.733145555),한남동
73,07호선,반포,37.508178,127.011727,POINT (956846.0842959931 1945545.571723246),반포1동
74,09호선,흑석,37.50877,126.963708,POINT (952602.4742572081 1945634.355309325),흑석동
75,09호선,노들,37.512887,126.953222,POINT (951678.3677872734 1946096.446009799),노량진1동
76,경의선,이촌,37.522272,126.974345,POINT (953550.9494265374 1947127.018405759),이촌1동
77,경의선,서빙고,37.519594,126.988537,POINT (954803.4066970554 1946822.996698171),서빙고동
78,경의선,효창공원앞,37.539261,126.961351,POINT (952413.532062864 1949018.350018794),용문동
79,경의선,공덕,37.544018,126.951592,POINT (951554.4532490878 1949551.097676678),공덕동
80,경의선,한남,37.52943,127.009169,POINT (956632.3064542707 1947904.531025496),한남동
81,경의선,용산,37.529849,126.964561,POINT (952691.1734842091 1947972.520231516),한강로동
82,공항철도,공덕,37.544018,126.951592,POINT (951554.4532490878 1949551.097676678),공덕동
83,02호선,용답,37.561904,127.050899,POINT (960336.6179818982 1951488.915390796),용답동
84,02호선,한양대,37.555273,127.043655,POINT (959693.272243363 1950756.323153737),사근동
85,02호선,뚝섬,37.547184,127.047367,POINT (960016.8158561928 1949857.307797962),성수1가2동
86,02호선,성수,37.544581,127.055961,POINT (960774.6040368318 1949564.899406236),성수2가3동
87,02호선,건대입구,37.540693,127.07023,POINT (962033.1297023536 1949127.690783628),화양동
88,02호선,신답,37.57004,127.046481,POINT (959950.7862038359 1952393.435835119),용답동
89,02호선,왕십리,37.561533,127.037732,POINT (959173.535359473 1951453.393134684),행당1동
90,02호선,상왕십리,37.564354,127.029354,POINT (958435.1723902002 1951770.040757527),왕십리도선동
91,03호선,옥수,37.540685,127.017965,POINT (957415.8880418609 1949149.189903764),옥수동
92,05호선,왕십리,37.561533,127.037732,POINT (959173.535359473 1951453.393134684),행당1동
93,05호선,행당,37.557322,127.029476,POINT (958442.0410832409 1950989.82326664),행당2동
94,05호선,마장,37.5661,127.042973,POINT (959638.8752050526 1951957.814088993),마장동
95,05호선,답십리,37.566747,127.052704,POINT (960498.5888421375 1952025.460497431),용답동
96,05호선,장한평,37.56144,127.064623,POINT (961548.4521097562 1951431.733734952),장안1동
97,07호선,건대입구,37.540693,127.07023,POINT (962033.1297023536 1949127.690783628),화양동
98,07호선,뚝섬유원지,37.53154,127.066704,POINT (961716.9543339988 1948113.648557256),자양4동
99,경의선,옥수,37.540685,127.017965,POINT (957415.8880418609 1949149.189903764),옥수동
100,경의선,왕십리,37.561533,127.037732,POINT (959173.535359473 1951453.393134684),행당1동
101,경의선,응봉,37.549946,127.034538,POINT (958885.0812025575 1950169.269820623),응봉동
102,분당선,왕십리,37.561533,127.037732,POINT (959173.535359473 1951453.393134684),행당1동
103,분당선,서울숲,37.543617,127.044707,POINT (959779.9279887868 1949462.70367634),성수1가1동
104,02호선,강변,37.535095,127.094681,POINT (964190.5199883514 1948497.033950748),구의3동
105,02호선,구의,37.537077,127.085916,POINT (963417.106819557 1948720.298765176),자양2동
106,05호선,군자,37.557121,127.079542,POINT (962863.9283956947 1950946.565154102),능동
107,05호선,아차산,37.551691,127.089761,POINT (963763.8750814992 1950340.148695438),구의2동
108,05호선,광나루,37.545303,127.10357,POINT (964980.6311172165 1949626.203550992),광장동
109,07호선,군자,37.557121,127.079542,POINT (962863.9283956947 1950946.565154102),능동
110,07호선,용마산,37.573647,127.086727,POINT (963506.5941864024 1952777.221518227),면목4동
111,07호선,중곡,37.565923,127.08432,POINT (963290.2561892348 1951921.222148583),중곡3동
112,07호선,어린이대공원,37.548014,127.074658,POINT (962427.9856642481 1949938.135086302),능동
113,01호선,회기,37.58946,127.057583,POINT (960941.3295757654 1954543.313898248),휘경1동
114,01호선,외대앞,37.596073,127.063549,POINT (961471.4484915579 1955274.530420157),이문1동
115,01호선,신이문,37.601854,127.067325,POINT (961807.7389674725 1955914.362868811),이문2동
116,01호선,신설동,37.575297,127.025087,POINT (958064.4684845038 1952986.007052303),용신동
117,01호선,제기동,37.578103,127.034893,POINT (958931.8991252331 1953292.987231055),제기동
118,01호선,청량리,37.580178,127.046835,POINT (959987.4721818434 1953518.04497146),전농1동
119,02호선,신설동,37.575297,127.025087,POINT (958064.4684845038 1952986.007052303),용신동
120,02호선,용두,37.574028,127.038091,POINT (959212.0556127914 1952839.493184657),용신동
121,04호선,길음,37.603407,127.025053,POINT (958077.2361788766 1956104.694895185),길음1동
122,06호선,안암,37.586272,127.029005,POINT (958416.5404411453 1954201.88836058),안암동
123,06호선,고려대,37.590508,127.036296,POINT (959062.5759523876 1954668.649689372),안암동
124,06호선,월곡,37.601948,127.041518,POINT (959529.791492945 1955935.601484135),월곡2동
125,06호선,상월곡,37.606377,127.048491,POINT (960147.6644353246 1956423.996566126),월곡2동
126,경의선,청량리,37.580178,127.046835,POINT (959987.4721818434 1953518.04497146),전농1동
127,경의선,중랑,37.594917,127.076116,POINT (962580.2510133351 1955141.19616238),중화2동
128,경의선,회기,37.58946,127.057583,POINT (960941.3295757654 1954543.313898248),휘경1동
129,경춘선,청량리,37.580178,127.046835,POINT (959987.4721818434 1953518.04497146),전농1동
130,경춘선,회기,37.58946,127.057583,POINT (960941.3295757654 1954543.313898248),휘경1동
131,경춘선,중랑,37.594917,127.076116,POINT (962580.2510133351 1955141.19616238),중화2동
132,분당선,청량리,37.580178,127.046835,POINT (959987.4721818434 1953518.04497146),전농1동
133,우이신설경전철,신설동,37.575297,127.025087,POINT (958064.4684845038 1952986.007052303),용신동
134,06호선,태릉입구,37.617983,127.07512,POINT (962503.9060071325 1957700.660858873),공릉1동
135,06호선,화랑대,37.620064,127.084689,POINT (963349.4054368566 1957927.759247925),공릉2동
136,06호선,봉화산,37.617283,127.091401,POINT (963940.3892214247 1957616.619802593),신내1동
137,06호선,신내,37.612887,127.103218,POINT (964981.2039814838 1957124.429447009),망우본동
138,07호선,사가정,37.580894,127.088478,POINT (963664.735810349 1953580.560118827),면목3·8동
139,07호선,중화,37.602545,127.079264,POINT (962861.9440325768 1955986.237055504),중화2동
140,07호선,상봉,37.596362,127.085032,POINT (963368.0520995697 1955297.996772808),상봉1동
141,07호선,면목,37.588579,127.087503,POINT (963582.3920059367 1954433.549855942),면목본동
142,07호선,태릉입구,37.617983,127.07512,POINT (962503.9060071325 1957700.660858873),공릉1동
143,07호선,먹골,37.610637,127.077725,POINT (962730.134798193 1956884.617262702),묵2동
144,경의선,상봉,37.596362,127.085032,POINT (963368.0520995697 1955297.996772808),상봉1동
145,경의선,망우,37.59955,127.091909,POINT (963976.6697093964 1955649.029820131),상봉1동
146,경의선,양원,37.606596,127.107906,POINT (965392.0395965421 1956424.733621049),망우본동
147,경춘선,상봉,37.596362,127.085032,POINT (963368.0520995697 1955297.996772808),상봉1동
148,경춘선,망우,37.59955,127.091909,POINT (963976.6697093964 1955649.029820131),상봉1동
149,경춘선,신내,37.612887,127.103218,POINT (964981.2039814838 1957124.429447009),망우본동
150,01호선,광운대,37.623632,127.061835,POINT (961334.4111855606 1958332.783340619),월계1동
151,01호선,월계,37.633212,127.058831,POINT (961074.3204619294 1959396.886966424),월계3동
152,01호선,석계,37.614805,127.065851,POINT (961684.2725670411 1957351.818640398),월계1동
153,04호선,미아,37.62667,127.025983,POINT (958172.3590174244 1958685.211914821),미아동
154,04호선,미아사거리,37.613292,127.030053,POINT (958524.0698109508 1957199.17192503),송중동
155,06호선,돌곶이,37.610537,127.056431,POINT (960850.67086265 1956882.189431054),석관동
156,06호선,석계,37.614805,127.065851,POINT (961684.2725670411 1957351.818640398),월계1동
157,07호선,하계,37.636352,127.06799,POINT (961884.0547698608 1959741.497270769),하계1동
158,경춘선,광운대,37.623632,127.061835,POINT (961334.4111855606 1958332.783340619),월계1동
159,우이신설경전철,화계,37.634802,127.017519,POINT (957430.1232334566 1959591.231871831),인수동
160,01호선,창동,37.653166,127.047731,POINT (960105.6015490793 1961615.370669722),창4동
161,01호선,방학,37.667503,127.044273,POINT (959808.3018232151 1963207.488041586),방학1동
162,01호선,도봉,37.679563,127.045595,POINT (959931.3784827332 1964544.940615989),도봉2동
163,04호선,창동,37.653166,127.047731,POINT (960105.6015490793 1961615.370669722),창4동
164,04호선,쌍문,37.648627,127.034709,POINT (958954.4335958529 1961117.403640625),쌍문3동
165,04호선,수유,37.638052,127.025732,POINT (958156.5929829995 1959948.112467746),수유3동
166,우이신설경전철,북한산우이,37.663146,127.012789,POINT (957029.1211650298 1962738.055344493),우이동
167,우이신설경전철,솔밭공원,37.656088,127.013252,POINT (957065.8924393579 1961954.781637953),우이동
168,우이신설경전철,419민주묘지,37.649593,127.013746,POINT (957105.7305720018 1961233.957784195),우이동
169,우이신설경전철,가오리,37.641701,127.016792,POINT (957369.9208841289 1960356.980206224),수유2동
170,01호선,녹천,37.644799,127.051269,POINT (960413.2473256962 1960685.583760954),월계2동
171,01호선,도봉산,37.689313,127.046222,POINT (959991.9038874392 1965626.406080467),도봉2동
172,07호선,도봉산,37.689313,127.046222,POINT (959991.9038874392 1965626.406080467),도봉2동
173,07호선,수락산,37.67785,127.055315,POINT (960787.5735618527 1964350.77804653),상계1동
174,04호선,당고개,37.670272,127.079066,POINT (962878.1770398101 1963500.353839187),상계3·4동
175,04호선,상계,37.660878,127.073572,POINT (962388.923483901 1962460.311513946),상계5동
176,04호선,노원,37.655128,127.061368,POINT (961309.5379340926 1961827.334288183),상계2동
177,07호선,마들,37.66494,127.057675,POINT (960988.9222008474 1962917.471312501),상계9동
178,07호선,노원,37.655128,127.061368,POINT (961309.5379340926 1961827.334288183),상계2동
179,07호선,중계,37.644583,127.064303,POINT (961562.9926717475 1960656.198925361),중계2·3동
180,07호선,공릉,37.625742,127.072896,POINT (962311.5520738907 1958562.379530736),공릉1동
181,03호선,구파발,37.636763,126.918821,POINT (948723.1578719995 1959858.157976287),진관동
182,03호선,연신내,37.619001,126.921008,POINT (948903.9579471396 1957886.333098226),갈현1동
183,03호선,불광,37.610469,126.929887,POINT (949681.7873504405 1956934.943466696),불광1동
184,03호선,녹번,37.600927,126.935756,POINT (950193.4279567295 1955873.167006311),녹번동
185,03호선,홍제,37.589066,126.943736,POINT (950890.0444777303 1954553.036232036),홍제1동
186,06호선,응암,37.598605,126.915577,POINT (948410.5816538801 1955626.445229076),신사1동
187,06호선,역촌,37.606021,126.922744,POINT (949048.3059611372 1956445.307633802),녹번동
188,06호선,불광,37.610469,126.929887,POINT (949681.7873504405 1956934.943466696),불광1동
189,06호선,독바위,37.618456,126.933031,POINT (949964.6314273328 1957819.390238984),불광1동
190,06호선,연신내,37.619001,126.921008,POINT (948903.9579471396 1957886.333098226),갈현1동
191,06호선,구산,37.611377,126.91727,POINT (948568.825587848 1957042.520052406),갈현2동
192,06호선,새절,37.591148,126.913629,POINT (948233.4565155443 1954800.193417618),신사2동
193,06호선,증산,37.583876,126.909645,POINT (947876.6633070434 1953995.598820997),증산동
194,06호선,디지털미디어시티,37.576646,126.900984,POINT (947106.8486604339 1953198.302368007),증산동
195,경의선,수색,37.580842,126.895611,POINT (946635.402764119 1953666.869128554),상암동
196,경의선,디지털미디어시티,37.576646,126.900984,POINT (947106.8486604339 1953198.302368007),증산동
197,공항철도,디지털미디어시티,37.576646,126.900984,POINT (947106.8486604339 1953198.302368007),증산동
198,02호선,홍대입구,37.557192,126.925381,POINT (949247.9267496027 1951026.516045976),서교동
199,02호선,신촌,37.555134,126.936893,POINT (950263.3418489359 1950792.037309076),신촌동
200,02호선,이대,37.556733,126.946013,POINT (951069.9217356368 1950964.651840377),대흥동
201,02호선,아현,37.557345,126.956141,POINT (951964.8621856075 1951027.3260749),아현동
202,06호선,망원,37.556094,126.910052,POINT (947893.2466634697 1950913.085628714),서교동
203,06호선,마포구청,37.563515,126.903343,POINT (947305.8999902847 1951740.151262742),성산2동
204,경의선,신촌,37.555134,126.936893,POINT (950263.3418489359 1950792.037309076),신촌동
205,경의선,홍대입구,37.557192,126.925381,POINT (949247.9267496027 1951026.516045976),서교동
206,경의선,가좌,37.568491,126.915487,POINT (948381.8477563995 1952285.475603199),성산2동
207,공항철도,홍대입구,37.557192,126.925381,POINT (949247.9267496027 1951026.516045976),서교동
208,02호선,당산,37.53438,126.902281,POINT (947191.5564659631 1948508.360832547),당산2동
209,02호선,합정,37.549463,126.913739,POINT (948214.3132099332 1950175.370842422),합정동
210,06호선,합정,37.549463,126.913739,POINT (948214.3132099332 1950175.370842422),합정동
211,06호선,상수,37.547716,126.922852,POINT (949018.1012107041 1949976.568921621),서강동
212,06호선,광흥창,37.547456,126.931993,POINT (949825.3966557962 1949942.805437026),서강동
213,06호선,대흥,37.547771,126.942069,POINT (950715.6696583267 1949972.423250906),대흥동
214,06호선,월드컵경기장,37.569532,126.899298,POINT (946952.9273727653 1952409.98592159),성산2동
215,09호선,증미,37.557402,126.861939,POINT (943644.6400928736 1951085.96196265),등촌1동
216,09호선,등촌,37.550632,126.865689,POINT (943970.7858096515 1950332.619612912),염창동
217,09호선,선유도,37.53802,126.893525,POINT (946420.5613147591 1948917.15335419),양평2동
218,09호선,염창,37.546936,126.874916,POINT (944783.0963155625 1949917.106394738),목2동
219,09호선,신목동,37.544277,126.88308,POINT (945502.336223084 1949617.339541237),목2동
220,09호선,당산,37.53438,126.902281,POINT (947191.5564659631 1948508.360832547),당산2동
221,09호선,가양,37.561391,126.854456,POINT (942986.7527503228 1951533.036899372),등촌3동
222,경의선,서강대,37.551881,126.935711,POINT (950156.7738279512 1950431.759160905),대흥동
223,01호선,구로,37.503039,126.881966,POINT (945373.866166314 1945042.845427643),구로5동
224,02호선,신정네거리,37.520074,126.852912,POINT (942818.8419115799 1946950.049805812),신정3동
225,02호선,까치산,37.531768,126.846683,POINT (942277.4097647112 1948251.245293622),화곡1동
226,02호선,도림천,37.514287,126.882768,POINT (945452.9389209792 1946290.283779185),신도림동
227,02호선,양천구청,37.512398,126.865819,POINT (943953.6651067367 1946090.670814537),신정7동
228,05호선,우장산,37.548768,126.836318,POINT (941374.9316731628 1950143.728237585),발산1동
229,05호선,화곡,37.541513,126.840461,POINT (941735.253329139 1949336.243785919),화곡1동
230,05호선,까치산,37.531768,126.846683,POINT (942277.4097647112 1948251.245293622),화곡1동
231,05호선,신정,37.524997,126.856191,POINT (943112.3383273577 1947494.243408302),신정4동
232,05호선,목동,37.526065,126.864931,POINT (943885.422515298 1947607.482482204),목1동
233,05호선,오목교,37.524496,126.875181,POINT (944789.9637071394 1947427.34428126),목1동
234,05호선,방화,37.577446,126.812741,POINT (939315.544831674 1953340.398831668),방화3동
235,05호선,개화산,37.572399,126.806171,POINT (938731.2763739516 1952784.717680285),방화2동
236,05호선,김포공항,37.562434,126.801058,POINT (938271.5427810879 1951682.486679903),공항동
237,05호선,송정,37.561184,126.811973,POINT (939234.5196237863 1951536.69101205),공항동
238,05호선,마곡,37.560183,126.825448,POINT (940423.828101457 1951417.007163009),공항동
239,05호선,발산,37.558598,126.837668,POINT (941501.8671528676 1951233.482247044),발산1동
240,09호선,개화,37.578608,126.798153,POINT (938028.3819638861 1953478.841389402),방화2동
241,09호선,김포공항,37.562434,126.801058,POINT (938271.5427810879 1951682.486679903),공항동
242,09호선,공항시장,37.563726,126.810678,POINT (939122.2143697685 1951819.553579851),공항동
243,09호선,신방화,37.567532,126.816601,POINT (939648.3840358481 1952237.993353146),방화1동
244,09호선,마곡나루,37.567336,126.829497,POINT (940787.1005108409 1952208.043629637),가양1동
245,09호선,양천향교,37.568381,126.841333,POINT (941833.1761285162 1952316.589626355),가양1동
246,공항철도,김포공항,37.562434,126.801058,POINT (938271.5427810879 1951682.486679903),공항동
247,공항철도,마곡나루,37.567336,126.829497,POINT (940787.1005108409 1952208.043629637),가양1동
248,김포도시철도,김포공항,37.562434,126.801058,POINT (938271.5427810879 1951682.486679903),공항동
249,01호선,신도림,37.508725,126.891295,POINT (946202.5166405841 1945668.300932802),신도림동
250,01호선,가산디지털단지,37.481072,126.882343,POINT (945391.1970125297 1942605.515865023),가산동
251,01호선,개봉,37.494594,126.85868,POINT (943309.2815663748 1944119.691041608),개봉1동
252,01호선,오류동,37.494526,126.845365,POINT (942132.2107249681 1944120.249579111),오류1동
253,01호선,구일,37.496756,126.870793,POINT (944381.6483799466 1944352.326000901),구로1동
254,01호선,온수,37.492258,126.823388,POINT (940187.6772604972 1943882.365564628),수궁동
255,02호선,구로디지털단지,37.485266,126.901401,POINT (947079.1433385531 1943059.931703361),구로3동
256,02호선,신도림,37.508725,126.891295,POINT (946202.5166405841 1945668.300932802),신도림동
257,02호선,대림,37.49297,126.895801,POINT (946589.540255081 1943917.807256342),대림3동
258,07호선,대림,37.49297,126.895801,POINT (946589.540255081 1943917.807256342),대림3동
259,07호선,남구로,37.486056,126.887249,POINT (945828.5533970473 1943155.626600003),구로3동
260,07호선,가산디지털단지,37.481072,126.882343,POINT (945391.1970125297 1942605.515865023),가산동
261,07호선,천왕,37.486637,126.838713,POINT (941538.0384027273 1943249.119621539),오류2동
262,07호선,온수,37.492258,126.823388,POINT (940187.6772604972 1943882.365564628),수궁동
263,01호선,금천구청,37.455626,126.89398,POINT (946401.9021941695 1939775.757330288),시흥1동
264,01호선,독산,37.466613,126.889249,POINT (945991.3784026477 1940997.396390163),가산동
265,01호선,노량진,37.514219,126.942454,POINT (950727.6112451312 1946249.80848967),노량진1동
266,01호선,대방,37.513342,126.926382,POINT (949306.6641341187 1946161.048590142),신길7동
267,01호선,영등포,37.515504,126.907628,POINT (947650.7794917405 1946411.180319603),영등포본동
268,01호선,신길,37.517122,126.917169,POINT (948495.0584195388 1946585.422331029),신길1동
269,02호선,신대방,37.487462,126.913149,POINT (948119.2871775568 1943297.025599802),신대방1동
270,02호선,문래,37.517933,126.89476,POINT (946515.3286956304 1946687.902551406),문래동
271,02호선,영등포구청,37.52497,126.895951,POINT (946625.5908628881 1947467.943628027),당산1동
272,05호선,영등포구청,37.52497,126.895951,POINT (946625.5908628881 1947467.943628027),당산1동
273,05호선,영등포시장,37.522669,126.905139,POINT (947435.8455210075 1947207.485952687),영등포동
274,05호선,신길,37.517122,126.917169,POINT (948495.0584195388 1946585.422331029),신길1동
275,05호선,여의도,37.521624,126.924191,POINT (949118.657218045 1947081.073141766),여의동
276,05호선,여의나루,37.527098,126.932901,POINT (949891.9840905664 1947683.707844834),여의동
277,07호선,상도,37.502834,126.94791,POINT (951202.3710509774 1944983.866020749),상도1동
278,07호선,장승배기,37.504898,126.93915,POINT (950429.4584229193 1945217.432954218),상도2동
279,07호선,신대방삼거리,37.499701,126.928276,POINT (949464.8525586781 1944646.639855658),대방동
280,07호선,보라매,37.499872,126.920428,POINT (948771.2721648723 1944669.854204749),신길6동
281,07호선,신풍,37.50008,126.90993,POINT (947843.483626001 1944698.696640353),신길6동
282,09호선,샛강,37.517274,126.928422,POINT (949489.6003826631 1946596.184663774),여의동
283,09호선,노량진,37.514219,126.942454,POINT (950727.6112451312 1946249.80848967),노량진1동
284,09호선,국회의사당,37.528105,126.917874,POINT (948564.900646404 1947803.540705787),여의동
285,09호선,여의도,37.521624,126.924191,POINT (949118.657218045 1947081.073141766),여의동
286,02호선,사당,37.47653,126.981685,POINT (954171.599366635 1942048.627229405),사당1동
287,02호선,낙성대,37.47693,126.963693,POINT (952581.0226086079 1942101.912932134),인헌동
288,02호선,서울대입구,37.481247,126.952739,POINT (951615.2721992645 1942586.428852664),낙성대동
289,02호선,봉천,37.482362,126.941892,POINT (950656.9869025351 1942715.760389098),청룡동
290,02호선,신림,37.484201,126.929715,POINT (949581.6299795862 1942926.237261413),서원동
291,04호선,동작,37.502971,126.979306,POINT (953977.4768178877 1944983.248703922),사당2동
292,04호선,총신대입구,37.486263,126.981989,POINT (954204.4193790541 1943128.292214612),사당2동
293,04호선,사당,37.47653,126.981685,POINT (954171.599366635 1942048.627229405),사당1동
294,07호선,이수,37.486263,126.981989,POINT (954204.4193790541 1943128.292214612),사당2동
295,07호선,남성,37.484596,126.971251,POINT (953254.063865172 1942948.626737002),사당4동
296,07호선,숭실대입구,37.496029,126.953822,POINT (951720.5384404656 1944225.843350566),상도1동
297,09호선,동작,37.502971,126.979306,POINT (953977.4768178877 1944983.248703922),사당2동
298,02호선,잠실새내,37.511687,127.086162,POINT (963426.4473771224 1945903.338605691),잠실본동
299,02호선,종합운동장,37.510997,127.073642,POINT (962319.6215121112 1945831.72764814),잠실7동
300,02호선,삼성,37.508844,127.06316,POINT (961392.1368673295 1945597.115142646),대치2동
301,02호선,선릉,37.504503,127.049008,POINT (960139.0701513956 1945121.409273499),삼성2동
302,02호선,역삼,37.500622,127.036456,POINT (959027.5345543408 1944696.227683256),역삼1동
303,02호선,강남,37.497175,127.027926,POINT (958271.6487805261 1944317.552746149),서초2동
304,02호선,교대,37.493415,127.01408,POINT (957045.5890303422 1943906.633381813),서초1동
305,02호선,방배,37.481426,126.997596,POINT (955581.3267066135 1942584.181260179),방배1동
306,02호선,서초,37.491897,127.007917,POINT (956499.9075879212 1943741.051242628),서초3동
307,03호선,양재,37.484147,127.034631,POINT (958857.1864713621 1942869.23031055),양재1동
308,03호선,매봉,37.486947,127.046769,POINT (959931.7964443198 1943174.636455181),도곡2동
309,03호선,도곡,37.490858,127.055381,POINT (960695.1996458647 1943604.905244759),도곡2동
310,03호선,대치,37.494612,127.063642,POINT (961427.4153421473 1944017.969375035),대치2동
311,03호선,학여울,37.496663,127.070594,POINT (962042.9899415126 1944242.688076511),대치2동
312,03호선,대청,37.493514,127.079532,POINT (962831.500666665 1943889.760631256),일원2동
313,03호선,일원,37.483681,127.08439,POINT (963256.1237124882 1942796.949070898),일원본동
314,03호선,신사,37.516334,127.020114,POINT (957591.9529290136 1946446.616794135),신사동
315,03호선,고속터미널,37.50481,127.004943,POINT (956244.5399129877 1945175.045640654),반포4동
316,03호선,교대,37.493415,127.01408,POINT (957045.5890303422 1943906.633381813),서초1동
317,03호선,남부터미널,37.485013,127.016189,POINT (957227.2312277718 1942973.525994509),서초3동
318,04호선,남태령,37.463873,126.989134,POINT (954822.6130841519 1940640.819442515),방배2동
319,07호선,강남구청,37.517186,127.04128,POINT (959462.8868899654 1946531.810581634),삼성2동
320,07호선,학동,37.514229,127.031656,POINT (958610.7754723965 1946207.939770584),논현2동
321,07호선,논현,37.511093,127.021415,POINT (957703.9667604917 1945864.574114153),논현1동
322,07호선,고속터미널,37.50481,127.004943,POINT (956244.5399129877 1945175.045640654),반포4동
323,07호선,내방,37.487618,126.993513,POINT (955224.0325846775 1943273.077348595),방배1동
324,07호선,청담,37.519365,127.05335,POINT (960530.6669410542 1946768.424939194),삼성1동
325,09호선,선정릉,37.51098,127.043593,POINT (959663.9480148442 1945842.299080444),삼성2동
326,09호선,삼성중앙,37.513011,127.053282,POINT (960521.31075663 1946063.516396714),삼성2동
327,09호선,봉은사,37.514219,127.060245,POINT (961137.2952371713 1946194.637602129),삼성1동
328,09호선,종합운동장,37.510997,127.073642,POINT (962319.6215121112 1945831.72764814),잠실7동
329,09호선,구반포,37.501364,126.987332,POINT (954685.9037727225 1944801.067209025),반포본동
330,09호선,신반포,37.503415,126.995925,POINT (955446.6524525263 1945024.510207226),반포2동
331,09호선,신논현,37.504598,127.02506,POINT (958022.4669113924 1945142.361977827),역삼1동
332,09호선,고속터미널,37.50481,127.004943,POINT (956244.5399129877 1945175.045640654),반포4동
333,09호선,사평,37.504206,127.015259,POINT (957155.9769659482 1945103.289031958),반포1동
334,09호선,언주,37.507287,127.033868,POINT (958802.4435328644 1945436.797104506),역삼1동
335,분당선,선릉,37.504503,127.049008,POINT (960139.0701513956 1945121.409273499),삼성2동
336,분당선,한티,37.496237,127.052873,POINT (960476.3232360207 1944202.719944073),대치1동
337,분당선,도곡,37.490858,127.055381,POINT (960695.1996458647 1943604.905244759),도곡2동
338,분당선,구룡,37.486839,127.058856,POINT (961000.3055947431 1943157.57889294),개포2동
339,분당선,개포동,37.489116,127.06614,POINT (961645.4209945865 1943407.204157478),개포2동
340,분당선,대모산입구,37.491373,127.07272,POINT (962228.2529211694 1943654.94260054),일원2동
341,분당선,강남구청,37.517186,127.04128,POINT (959462.8868899654 1946531.810581634),삼성2동
342,분당선,선정릉,37.51098,127.043593,POINT (959663.9480148442 1945842.299080444),삼성2동
343,신분당선,양재시민의숲,37.470023,127.03842,POINT (959184.4892139063 1941300.620170268),양재2동
344,신분당선,강남,37.497175,127.027926,POINT (958271.6487805261 1944317.552746149),서초2동
345,신분당선,양재,37.484147,127.034631,POINT (958857.1864713621 1942869.23031055),양재1동
346,신분당선,청계산입구,37.447211,127.055664,POINT (960697.3721994328 1938762.460843299),양재2동
347,02호선,잠실나루,37.520733,127.10379,POINT (964988.581340119 1946900.228672752),잠실4동
348,02호선,잠실,37.51395,127.102234,POINT (964847.9018932931 1946148.278028726),잠실6동
349,03호선,수서,37.487371,127.10188,POINT (964804.1438271077 1943199.646924164),수서동
350,03호선,압구정,37.527072,127.028461,POINT (958335.5624095246 1947634.204007524),신사동
351,03호선,가락시장,37.492522,127.118234,POINT (966252.2447910852 1943765.12641837),가락1동
352,08호선,강동구청,37.530341,127.120508,POINT (966470.1872803456 1947960.085535203),성내1동
353,08호선,몽촌토성,37.517409,127.112359,POINT (965744.2714934534 1946528.297252751),방이2동
354,08호선,잠실,37.51395,127.102234,POINT (964847.9018932931 1946148.278028726),잠실6동
355,08호선,석촌,37.505431,127.106979,POINT (965263.2897612917 1945201.388080054),송파1동
356,08호선,송파,37.499703,127.112183,POINT (965720.6224676658 1944563.996327768),가락1동
357,08호선,가락시장,37.492522,127.118234,POINT (966252.2447910852 1943765.12641837),가락1동
358,08호선,문정,37.485855,127.1225,POINT (966626.3906105584 1943023.948111301),문정2동
359,09호선,석촌,37.505431,127.106979,POINT (965263.2897612917 1945201.388080054),송파1동
360,분당선,수서,37.487371,127.10188,POINT (964804.1438271077 1943199.646924164),수서동
361,분당선,압구정로데오,37.527381,127.040534,POINT (959402.4870259744 1947663.206275561),압구정동
362,03호선,경찰병원,37.495918,127.12454,POINT (966811.1941789914 1944139.647273598),가락2동
363,03호선,오금,37.502162,127.128111,POINT (967129.5912186875 1944831.123682428),오금동
364,05호선,둔촌동,37.527788,127.136248,POINT (967859.796125346 1947671.351102703),둔촌1동
365,05호선,올림픽공원,37.516078,127.130848,POINT (967377.5659781853 1946374.059817842),오륜동
366,05호선,천호,37.538397,127.123572,POINT (966744.4838417218 1948852.761778282),성내2동
367,05호선,강동,37.535804,127.132481,POINT (967530.4276213322 1948561.970762838),성내2동
368,05호선,길동,37.537801,127.140004,POINT (968195.9201527144 1948780.954841176),길동
369,05호선,방이,37.508857,127.126133,POINT (966957.7106233402 1945574.582185738),방이1동
370,05호선,오금,37.502162,127.128111,POINT (967129.5912186875 1944831.123682428),오금동
371,05호선,개롱,37.498079,127.13482,POINT (967720.8287386219 1944375.820359135),오금동
372,05호선,거여,37.493105,127.14415,POINT (968543.4473070671 1943820.830406258),거여1동
373,05호선,마천,37.49499,127.152781,POINT (969307.1873483227 1944027.108790908),마천1동
374,08호선,천호,37.538397,127.123572,POINT (966744.4838417218 1948852.761778282),성내2동
375,08호선,장지,37.478703,127.126191,POINT (966949.5515836104 1942229.182294996),장지동
376,08호선,복정,37.470047,127.126662,POINT (966987.3882472486 1941268.696399888),문정2동
377,09호선,올림픽공원,37.516078,127.130848,POINT (967377.5659781853 1946374.059817842),오륜동
378,분당선,복정,37.470047,127.126662,POINT (966987.3882472486 1941268.696399888),문정2동
379,05호선,굽은다리,37.545477,127.142853,POINT (968450.8524022672 1949631.601132197),천호1동
380,05호선,명일,37.55137,127.143999,POINT (968554.5621830383 1950285.010841365),명일1동
381,05호선,고덕,37.555004,127.154151,POINT (969452.7707971418 1950684.834525802),명일2동
382,05호선,상일동,37.556712,127.166417,POINT (970536.8450838884 1950870.411771963),상일동
383,08호선,암사,37.55021,127.127562,POINT (967102.1729476228 1950161.940672003),암사2동
