,자치구,행정동,전체평균연령,남자_평균연령,여자_평균연령,년도,분기
0,종로구,사직동,45.0,44.4,45.5,2020,1
1,종로구,삼청동,47.6,45.8,49.3,2020,1
2,종로구,부암동,44.4,43.0,45.6,2020,1
3,종로구,평창동,44.5,43.1,45.8,2020,1
4,종로구,무악동,42.6,42.5,42.7,2020,1
5,종로구,교남동,42.1,41.1,43.1,2020,1
6,종로구,가회동,46.6,45.2,47.7,2020,1
7,종로구,종로1·2·3·4가동,51.6,52.0,51.0,2020,1
8,종로구,종로5·6가동,47.0,46.7,47.4,2020,1
9,종로구,이화동,44.0,43.3,44.6,2020,1
10,종로구,창신1동,50.5,49.9,51.1,2020,1
11,종로구,창신2동,47.8,46.4,49.3,2020,1
12,종로구,창신3동,44.7,43.7,45.6,2020,1
13,종로구,숭인1동,46.2,45.2,47.1,2020,1
14,종로구,숭인2동,45.8,46.4,45.1,2020,1
15,종로구,청운효자동,43.5,42.0,44.7,2020,1
16,종로구,혜화동,41.4,40.3,42.4,2020,1
17,중구,소공동,41.9,42.7,41.2,2020,1
18,중구,회현동,51.8,52.5,51.0,2020,1
19,중구,명동,49.8,47.6,51.4,2020,1
20,중구,필동,46.5,45.1,47.9,2020,1
21,중구,장충동,42.4,41.2,43.7,2020,1
22,중구,광희동,48.8,48.5,49.1,2020,1
23,중구,을지로동,51.3,52.1,50.1,2020,1
24,중구,신당5동,44.1,43.3,44.8,2020,1
25,중구,황학동,42.8,42.6,43.1,2020,1
26,중구,중림동,43.1,42.6,43.7,2020,1
27,중구,신당동,46.0,46.0,46.0,2020,1
28,중구,다산동,45.0,43.7,46.3,2020,1
29,중구,약수동,46.2,45.1,47.3,2020,1
30,중구,청구동,45.0,43.6,46.3,2020,1
31,중구,동화동,43.9,42.7,44.9,2020,1
32,용산구,후암동,44.1,42.3,45.7,2020,1
33,용산구,용산2가동,45.8,44.0,47.5,2020,1
34,용산구,남영동,49.3,50.6,47.3,2020,1
35,용산구,원효로2동,43.3,42.9,43.7,2020,1
36,용산구,효창동,41.7,40.6,42.6,2020,1
37,용산구,용문동,43.5,42.3,44.6,2020,1
38,용산구,이촌1동,42.0,40.7,43.1,2020,1
39,용산구,이촌2동,45.8,43.9,47.5,2020,1
40,용산구,이태원1동,48.0,45.9,49.9,2020,1
41,용산구,이태원2동,45.7,44.0,47.2,2020,1
42,용산구,서빙고동,42.8,41.7,43.9,2020,1
43,용산구,보광동,46.5,44.1,48.7,2020,1
44,용산구,청파동,43.8,43.3,44.3,2020,1
45,용산구,원효로1동,40.6,40.4,40.9,2020,1
46,용산구,한강로동,44.4,44.1,44.7,2020,1
47,용산구,한남동,44.7,43.4,45.9,2020,1
48,성동구,왕십리2동,42.5,41.7,43.3,2020,1
49,성동구,마장동,43.1,42.3,43.8,2020,1
50,성동구,사근동,38.2,37.1,39.4,2020,1
51,성동구,행당1동,42.8,42.2,43.3,2020,1
52,성동구,행당2동,42.2,41.6,42.7,2020,1
53,성동구,응봉동,42.2,41.2,43.2,2020,1
54,성동구,금호1가동,42.7,41.5,43.7,2020,1
55,성동구,금호4가동,42.4,41.1,43.5,2020,1
56,성동구,성수1가1동,42.4,41.7,43.1,2020,1
57,성동구,성수1가2동,42.5,41.9,43.0,2020,1
58,성동구,성수2가1동,45.1,44.3,46.0,2020,1
59,성동구,성수2가3동,43.7,43.7,43.7,2020,1
60,성동구,송정동,44.5,43.9,45.1,2020,1
61,성동구,용답동,45.7,45.5,45.9,2020,1
62,성동구,왕십리도선동,41.3,40.7,41.8,2020,1
63,성동구,금호2·3가동,43.3,42.1,44.4,2020,1
64,성동구,옥수동,41.9,41.0,42.7,2020,1
65,광진구,화양동,37.7,38.3,37.1,2020,1
66,광진구,군자동,42.3,41.7,43.0,2020,1
67,광진구,중곡1동,43.6,43.0,44.1,2020,1
68,광진구,중곡2동,42.5,41.9,43.0,2020,1
69,광진구,중곡3동,44.4,43.5,45.4,2020,1
70,광진구,중곡4동,44.1,43.1,45.2,2020,1
71,광진구,능동,41.6,41.3,41.9,2020,1
72,광진구,구의1동,42.0,41.5,42.5,2020,1
73,광진구,구의2동,42.8,41.9,43.6,2020,1
74,광진구,구의3동,41.5,41.0,42.0,2020,1
75,광진구,광장동,38.4,37.7,39.0,2020,1
76,광진구,자양1동,42.7,41.9,43.5,2020,1
77,광진구,자양2동,42.7,41.7,43.6,2020,1
78,광진구,자양3동,41.5,40.9,42.0,2020,1
79,광진구,자양4동,46.5,45.8,47.1,2020,1
80,동대문구,회기동,40.3,39.5,41.1,2020,1
81,동대문구,휘경1동,42.5,42.1,43.0,2020,1
82,동대문구,휘경2동,41.9,40.9,42.9,2020,1
83,동대문구,청량리동,49.2,47.8,50.6,2020,1
84,동대문구,용신동,44.6,44.2,45.1,2020,1
85,동대문구,제기동,46.6,45.2,48.1,2020,1
86,동대문구,전농1동,44.3,43.6,45.1,2020,1
87,동대문구,전농2동,44.4,43.5,45.2,2020,1
88,동대문구,답십리2동,44.5,43.5,45.5,2020,1
89,동대문구,장안1동,43.4,42.9,43.9,2020,1
90,동대문구,장안2동,41.9,40.9,42.9,2020,1
91,동대문구,이문1동,42.9,41.9,43.9,2020,1
92,동대문구,이문2동,43.9,43.1,44.7,2020,1
93,동대문구,답십리1동,41.2,40.6,41.7,2020,1
94,중랑구,면목2동,45.2,44.3,46.0,2020,1
95,중랑구,면목4동,45.1,43.9,46.3,2020,1
96,중랑구,면목5동,45.1,44.5,45.8,2020,1
97,중랑구,면목7동,45.3,44.3,46.3,2020,1
98,중랑구,상봉1동,42.3,41.3,43.3,2020,1
99,중랑구,상봉2동,43.2,43.2,43.2,2020,1
100,중랑구,중화1동,43.8,42.8,44.7,2020,1
101,중랑구,중화2동,46.5,45.9,47.1,2020,1
102,중랑구,묵1동,42.6,41.9,43.3,2020,1
103,중랑구,묵2동,44.3,43.4,45.1,2020,1
104,중랑구,망우3동,45.8,45.1,46.4,2020,1
105,중랑구,신내1동,42.5,41.4,43.6,2020,1
106,중랑구,신내2동,44.2,42.8,45.5,2020,1
107,중랑구,면목본동,44.7,43.8,45.7,2020,1
108,중랑구,면목3·8동,45.7,44.8,46.6,2020,1
109,중랑구,망우본동,46.0,45.2,46.8,2020,1
110,성북구,돈암1동,44.4,43.8,45.1,2020,1
111,성북구,돈암2동,41.1,40.1,42.1,2020,1
112,성북구,안암동,40.6,39.3,42.0,2020,1
113,성북구,보문동,42.6,41.6,43.5,2020,1
114,성북구,정릉1동,42.4,41.3,43.5,2020,1
115,성북구,정릉2동,44.2,42.9,45.5,2020,1
116,성북구,정릉3동,45.2,43.1,47.3,2020,1
117,성북구,정릉4동,44.1,42.8,45.3,2020,1
118,성북구,길음1동,39.0,38.1,39.8,2020,1
119,성북구,길음2동,42.0,41.0,43.0,2020,1
120,성북구,월곡1동,43.1,42.4,43.7,2020,1
121,성북구,월곡2동,43.4,42.9,43.9,2020,1
122,성북구,장위1동,45.2,43.9,46.3,2020,1
123,성북구,장위2동,47.4,46.3,48.5,2020,1
124,성북구,장위3동,41.1,40.6,41.6,2020,1
125,성북구,성북동,44.5,43.6,45.2,2020,1
126,성북구,삼선동,43.0,42.1,43.8,2020,1
127,성북구,동선동,40.7,41.6,40.0,2020,1
128,성북구,종암동,42.8,41.4,44.2,2020,1
129,성북구,석관동,45.1,44.2,46.0,2020,1
130,강북구,번1동,45.1,44.3,45.9,2020,1
131,강북구,번2동,47.5,45.5,49.4,2020,1
132,강북구,번3동,47.5,45.5,49.2,2020,1
133,강북구,수유1동,46.0,44.8,47.1,2020,1
134,강북구,수유2동,46.4,45.0,47.7,2020,1
135,강북구,수유3동,45.7,44.7,46.6,2020,1
136,강북구,삼양동,45.5,44.4,46.5,2020,1
137,강북구,미아동,45.9,45.1,46.5,2020,1
138,강북구,송중동,45.4,44.4,46.2,2020,1
139,강북구,송천동,47.3,46.2,48.4,2020,1
140,강북구,삼각산동,40.4,39.2,41.5,2020,1
141,강북구,우이동,46.7,45.4,47.9,2020,1
142,강북구,인수동,46.5,45.2,47.6,2020,1
143,도봉구,쌍문1동,45.5,44.6,46.3,2020,1
144,도봉구,쌍문2동,45.4,43.8,46.9,2020,1
145,도봉구,쌍문3동,45.5,44.5,46.4,2020,1
146,도봉구,쌍문4동,42.8,41.6,43.9,2020,1
147,도봉구,방학1동,45.4,44.7,46.1,2020,1
148,도봉구,방학2동,46.4,45.2,47.6,2020,1
149,도봉구,방학3동,43.6,41.9,45.3,2020,1
150,도봉구,창1동,43.8,42.6,45.0,2020,1
151,도봉구,창2동,43.7,42.8,44.7,2020,1
152,도봉구,창3동,45.5,44.3,46.7,2020,1
153,도봉구,창4동,42.8,41.8,43.8,2020,1
154,도봉구,창5동,43.8,42.8,44.7,2020,1
155,도봉구,도봉1동,48.9,47.7,50.0,2020,1
156,도봉구,도봉2동,46.7,45.7,47.6,2020,1
157,노원구,월계1동,43.9,42.5,45.4,2020,1
158,노원구,월계2동,45.4,43.6,47.0,2020,1
159,노원구,월계3동,44.2,42.7,45.6,2020,1
160,노원구,공릉2동,40.2,39.5,40.9,2020,1
161,노원구,하계1동,42.6,40.3,44.8,2020,1
162,노원구,하계2동,41.3,40.0,42.6,2020,1
163,노원구,중계본동,39.5,38.8,40.3,2020,1
164,노원구,중계1동,37.7,36.5,38.9,2020,1
165,노원구,중계4동,44.2,42.1,46.0,2020,1
166,노원구,상계1동,44.1,43.0,45.2,2020,1
167,노원구,상계2동,43.7,43.0,44.3,2020,1
168,노원구,상계5동,45.8,44.4,47.2,2020,1
169,노원구,상계8동,38.8,37.5,40.0,2020,1
170,노원구,상계9동,42.6,40.8,44.2,2020,1
171,노원구,상계10동,42.4,41.1,43.5,2020,1
172,노원구,상계3·4동,46.8,45.3,48.3,2020,1
173,노원구,상계6·7동,41.8,40.3,43.0,2020,1
174,노원구,중계2·3동,44.8,42.7,46.7,2020,1
175,노원구,공릉1동,43.0,42.0,44.0,2020,1
176,은평구,녹번동,44.1,43.1,45.1,2020,1
177,은평구,불광1동,45.0,43.7,46.2,2020,1
178,은평구,갈현1동,44.9,43.7,46.1,2020,1
179,은평구,갈현2동,43.4,42.4,44.2,2020,1
180,은평구,구산동,44.5,44.4,44.6,2020,1
181,은평구,대조동,44.5,43.7,45.1,2020,1
182,은평구,응암1동,43.1,41.8,44.2,2020,1
183,은평구,응암2동,40.5,39.3,41.6,2020,1
184,은평구,신사1동,43.8,42.7,44.9,2020,1
185,은평구,신사2동,44.3,43.0,45.6,2020,1
186,은평구,증산동,45.5,44.5,46.5,2020,1
187,은평구,수색동,46.4,44.9,47.9,2020,1
188,은평구,진관동,40.4,39.6,41.1,2020,1
189,은평구,불광2동,46.0,44.8,47.1,2020,1
190,은평구,응암3동,46.8,45.3,48.3,2020,1
191,은평구,역촌동,43.8,42.7,44.7,2020,1
192,서대문구,천연동,44.1,42.7,45.3,2020,1
193,서대문구,홍제1동,44.2,43.0,45.2,2020,1
194,서대문구,홍제3동,46.6,45.1,48.0,2020,1
195,서대문구,홍제2동,45.1,43.6,46.4,2020,1
196,서대문구,홍은1동,45.2,44.0,46.4,2020,1
197,서대문구,홍은2동,44.6,43.3,45.8,2020,1
198,서대문구,남가좌1동,39.5,39.0,40.1,2020,1
199,서대문구,남가좌2동,41.9,41.0,42.7,2020,1
200,서대문구,북가좌1동,42.3,41.1,43.3,2020,1
201,서대문구,북가좌2동,44.7,43.6,45.9,2020,1
202,서대문구,충현동,45.1,44.1,46.0,2020,1
203,서대문구,북아현동,41.6,40.8,42.4,2020,1
204,서대문구,신촌동,38.1,38.4,37.9,2020,1
205,서대문구,연희동,43.1,41.8,44.3,2020,1
206,마포구,용강동,40.5,39.9,41.0,2020,1
207,마포구,대흥동,41.9,41.2,42.6,2020,1
208,마포구,염리동,41.5,40.5,42.4,2020,1
209,마포구,신수동,41.7,40.6,42.7,2020,1
210,마포구,서교동,41.9,41.6,42.2,2020,1
211,마포구,합정동,41.4,40.6,42.0,2020,1
212,마포구,망원1동,42.9,42.1,43.7,2020,1
213,마포구,망원2동,42.5,41.6,43.2,2020,1
214,마포구,연남동,42.8,42.0,43.5,2020,1
215,마포구,성산1동,42.5,41.7,43.2,2020,1
216,마포구,성산2동,41.5,40.7,42.1,2020,1
217,마포구,상암동,39.5,38.8,40.1,2020,1
218,마포구,도화동,43.3,42.0,44.5,2020,1
219,마포구,서강동,40.5,39.9,41.2,2020,1
220,마포구,공덕동,43.1,42.4,43.8,2020,1
221,마포구,아현동,40.5,40.1,40.8,2020,1
222,양천구,목1동,38.2,37.8,38.5,2020,1
223,양천구,목2동,41.5,40.6,42.4,2020,1
224,양천구,목3동,42.4,41.1,43.7,2020,1
225,양천구,목4동,40.7,39.5,41.8,2020,1
226,양천구,신월1동,46.0,45.1,46.9,2020,1
227,양천구,신월2동,43.7,42.7,44.6,2020,1
228,양천구,신월3동,45.1,44.3,45.9,2020,1
229,양천구,신월4동,42.7,41.6,43.8,2020,1
230,양천구,신월5동,42.8,41.8,43.7,2020,1
231,양천구,신월6동,43.9,42.9,44.9,2020,1
232,양천구,신월7동,45.9,44.4,47.3,2020,1
233,양천구,신정1동,39.9,39.1,40.7,2020,1
234,양천구,신정2동,40.9,40.1,41.7,2020,1
235,양천구,신정3동,41.6,40.5,42.6,2020,1
236,양천구,신정6동,39.1,38.4,39.8,2020,1
237,양천구,신정7동,42.8,41.4,44.1,2020,1
238,양천구,목5동,38.5,37.5,39.4,2020,1
239,양천구,신정4동,43.7,43.0,44.5,2020,1
240,강서구,염창동,38.5,38.0,39.0,2020,1
241,강서구,등촌1동,40.4,40.0,40.8,2020,1
242,강서구,등촌2동,42.2,41.1,43.3,2020,1
243,강서구,등촌3동,45.8,44.1,47.5,2020,1
244,강서구,화곡본동,41.3,40.2,42.3,2020,1
245,강서구,화곡2동,42.4,41.3,43.4,2020,1
246,강서구,화곡3동,44.0,43.2,44.7,2020,1
247,강서구,화곡4동,44.2,42.9,45.4,2020,1
248,강서구,화곡6동,43.2,42.2,44.2,2020,1
249,강서구,화곡8동,43.4,42.4,44.4,2020,1
250,강서구,가양1동,38.5,39.1,38.1,2020,1
251,강서구,가양2동,49.5,48.3,50.7,2020,1
252,강서구,가양3동,46.7,44.6,48.6,2020,1
253,강서구,발산1동,39.4,38.5,40.3,2020,1
254,강서구,공항동,41.0,40.4,41.7,2020,1
255,강서구,방화1동,40.9,40.4,41.4,2020,1
256,강서구,방화2동,45.5,44.2,46.7,2020,1
257,강서구,방화3동,45.9,44.4,47.3,2020,1
258,강서구,화곡1동,42.8,42.2,43.4,2020,1
259,강서구,우장산동,40.0,39.6,40.3,2020,1
260,구로구,신도림동,39.8,39.4,40.2,2020,1
261,구로구,구로1동,39.7,38.9,40.4,2020,1
262,구로구,구로3동,41.5,40.8,42.1,2020,1
263,구로구,구로4동,46.5,45.6,47.4,2020,1
264,구로구,구로5동,42.5,42.3,42.6,2020,1
265,구로구,고척1동,44.1,43.2,45.1,2020,1
266,구로구,고척2동,44.0,43.3,44.8,2020,1
267,구로구,개봉2동,44.1,43.2,44.9,2020,1
268,구로구,개봉3동,44.9,43.8,45.9,2020,1
269,구로구,오류1동,43.2,42.8,43.6,2020,1
270,구로구,수궁동,43.8,42.6,45.0,2020,1
271,구로구,가리봉동,48.9,47.9,50.1,2020,1
272,구로구,구로2동,47.9,46.6,49.1,2020,1
273,구로구,개봉1동,44.7,44.0,45.3,2020,1
274,구로구,오류2동,42.1,41.1,43.0,2020,1
275,구로구,항동,36.0,35.4,36.6,2020,1
276,금천구,가산동,41.0,41.2,40.7,2020,1
277,금천구,독산1동,41.1,40.5,41.7,2020,1
278,금천구,독산2동,45.3,44.4,46.2,2020,1
279,금천구,독산3동,45.6,44.7,46.4,2020,1
280,금천구,독산4동,45.7,45.0,46.5,2020,1
281,금천구,시흥1동,44.5,43.4,45.5,2020,1
282,금천구,시흥2동,43.9,43.1,44.7,2020,1
283,금천구,시흥3동,46.2,45.2,47.2,2020,1
284,금천구,시흥4동,45.3,44.6,46.1,2020,1
285,금천구,시흥5동,46.6,45.2,47.9,2020,1
286,영등포구,여의동,43.1,42.4,43.6,2020,1
287,영등포구,당산1동,43.0,42.7,43.4,2020,1
288,영등포구,당산2동,40.0,39.8,40.1,2020,1
289,영등포구,양평1동,40.9,40.2,41.7,2020,1
290,영등포구,양평2동,39.8,39.4,40.1,2020,1
291,영등포구,신길1동,44.8,43.8,45.8,2020,1
292,영등포구,신길3동,44.3,43.2,45.5,2020,1
293,영등포구,신길4동,47.2,45.7,48.7,2020,1
294,영등포구,신길5동,44.8,43.7,45.8,2020,1
295,영등포구,신길6동,43.8,42.9,44.8,2020,1
296,영등포구,신길7동,39.6,38.6,40.5,2020,1
297,영등포구,대림1동,46.9,45.5,48.4,2020,1
298,영등포구,대림2동,47.3,46.1,48.3,2020,1
299,영등포구,대림3동,45.2,44.3,46.1,2020,1
300,영등포구,영등포본동,44.7,44.0,45.4,2020,1
301,영등포구,영등포동,41.5,42.5,40.3,2020,1
302,영등포구,도림동,44.4,43.6,45.3,2020,1
303,영등포구,문래동,40.6,40.1,41.1,2020,1
304,동작구,노량진2동,47.1,45.6,48.6,2020,1
305,동작구,상도1동,41.2,40.1,42.2,2020,1
306,동작구,상도2동,41.9,41.0,42.8,2020,1
307,동작구,상도3동,43.5,42.5,44.4,2020,1
308,동작구,상도4동,43.2,42.0,44.4,2020,1
309,동작구,사당1동,42.9,42.6,43.2,2020,1
310,동작구,사당3동,42.9,42.2,43.5,2020,1
311,동작구,사당4동,44.0,43.0,45.0,2020,1
312,동작구,사당5동,42.5,41.5,43.5,2020,1
313,동작구,대방동,41.2,40.4,41.9,2020,1
314,동작구,신대방1동,42.1,41.5,42.7,2020,1
315,동작구,신대방2동,41.1,40.7,41.5,2020,1
316,동작구,흑석동,43.3,41.9,44.7,2020,1
317,동작구,노량진1동,43.4,42.1,44.7,2020,1
318,동작구,사당2동,44.4,43.3,45.4,2020,1
319,관악구,보라매동,43.4,42.4,44.4,2020,1
320,관악구,청림동,42.8,41.2,44.3,2020,1
321,관악구,행운동,41.1,40.7,41.4,2020,1
322,관악구,낙성대동,38.4,38.1,38.8,2020,1
323,관악구,중앙동,41.7,41.6,41.8,2020,1
324,관악구,인헌동,41.5,40.8,42.3,2020,1
325,관악구,남현동,41.7,41.3,42.0,2020,1
326,관악구,서원동,41.4,40.5,42.3,2020,1
327,관악구,신원동,43.2,42.0,44.5,2020,1
328,관악구,서림동,42.0,40.9,43.3,2020,1
329,관악구,신사동,42.1,41.5,42.7,2020,1
330,관악구,신림동,37.5,37.6,37.4,2020,1
331,관악구,난향동,43.5,42.7,44.3,2020,1
332,관악구,조원동,42.6,42.6,42.6,2020,1
333,관악구,대학동,40.9,40.2,42.1,2020,1
334,관악구,은천동,42.6,41.7,43.5,2020,1
335,관악구,성현동,43.2,41.8,44.6,2020,1
336,관악구,청룡동,39.5,39.6,39.4,2020,1
337,관악구,난곡동,45.2,43.9,46.4,2020,1
338,관악구,삼성동,48.0,46.3,49.7,2020,1
339,관악구,미성동,43.8,43.0,44.5,2020,1
340,서초구,서초1동,41.3,40.6,42.0,2020,1
341,서초구,서초2동,39.7,39.5,40.0,2020,1
342,서초구,서초3동,42.2,41.4,42.9,2020,1
343,서초구,서초4동,39.7,39.2,40.2,2020,1
344,서초구,잠원동,40.2,39.4,41.0,2020,1
345,서초구,반포본동,42.3,41.8,42.8,2020,1
346,서초구,반포1동,38.7,38.4,38.9,2020,1
347,서초구,반포2동,38.0,37.2,38.8,2020,1
348,서초구,반포3동,40.0,38.9,40.9,2020,1
349,서초구,반포4동,40.8,39.9,41.6,2020,1
350,서초구,방배본동,41.3,40.9,41.6,2020,1
351,서초구,방배1동,42.3,41.5,43.0,2020,1
352,서초구,방배2동,43.6,42.7,44.3,2020,1
353,서초구,방배3동,43.6,42.7,44.4,2020,1
354,서초구,방배4동,41.1,41.0,41.3,2020,1
355,서초구,양재1동,41.1,39.9,42.1,2020,1
356,서초구,양재2동,41.2,40.4,42.0,2020,1
357,서초구,내곡동,42.0,41.3,42.7,2020,1
358,강남구,신사동,42.9,42.3,43.4,2020,1
359,강남구,논현1동,41.9,41.8,42.0,2020,1
360,강남구,논현2동,42.2,41.8,42.6,2020,1
361,강남구,삼성1동,42.2,40.9,43.6,2020,1
362,강남구,삼성2동,39.2,38.3,40.0,2020,1
363,강남구,대치1동,37.1,36.2,38.1,2020,1
364,강남구,대치4동,39.9,39.2,40.6,2020,1
365,강남구,역삼1동,40.5,40.8,40.2,2020,1
366,강남구,역삼2동,38.0,38.0,38.0,2020,1
367,강남구,도곡1동,40.7,40.8,40.6,2020,1
368,강남구,도곡2동,40.2,40.4,40.1,2020,1
369,강남구,개포1동,46.5,46.1,46.9,2020,1
370,강남구,개포4동,42.0,41.1,42.9,2020,1
371,강남구,일원본동,39.4,37.6,41.0,2020,1
372,강남구,일원1동,45.1,43.4,46.7,2020,1
373,강남구,일원2동,43.0,40.6,45.3,2020,1
374,강남구,수서동,49.6,47.3,51.7,2020,1
375,강남구,세곡동,40.3,39.4,41.0,2020,1
376,강남구,압구정동,42.8,42.4,43.2,2020,1
377,강남구,청담동,41.4,40.6,42.2,2020,1
378,강남구,대치2동,40.3,39.0,41.6,2020,1
379,강남구,개포2동,41.2,40.8,41.6,2020,1
380,송파구,풍납1동,45.9,44.5,47.2,2020,1
381,송파구,풍납2동,41.5,41.1,41.9,2020,1
382,송파구,거여1동,44.4,43.6,45.3,2020,1
383,송파구,거여2동,44.9,43.6,46.1,2020,1
384,송파구,마천1동,46.1,45.2,47.1,2020,1
385,송파구,마천2동,46.6,45.5,47.7,2020,1
386,송파구,방이1동,41.2,40.5,41.9,2020,1
387,송파구,방이2동,41.9,41.4,42.3,2020,1
388,송파구,오륜동,40.7,39.6,41.7,2020,1
389,송파구,오금동,42.6,41.5,43.6,2020,1
390,송파구,송파1동,41.6,41.3,41.9,2020,1
391,송파구,송파2동,41.4,40.8,41.9,2020,1
392,송파구,석촌동,41.8,41.3,42.2,2020,1
393,송파구,삼전동,41.4,40.6,42.1,2020,1
394,송파구,가락본동,42.2,41.6,42.7,2020,1
395,송파구,가락1동,38.8,38.0,39.5,2020,1
396,송파구,가락2동,40.5,39.7,41.2,2020,1
397,송파구,문정1동,42.0,41.3,42.6,2020,1
398,송파구,문정2동,40.7,41.0,40.4,2020,1
399,송파구,잠실본동,41.6,41.2,42.0,2020,1
400,송파구,잠실4동,38.8,38.0,39.5,2020,1
401,송파구,잠실6동,42.1,41.6,42.6,2020,1
402,송파구,잠실7동,44.6,44.8,44.4,2020,1
403,송파구,잠실2동,36.9,36.5,37.3,2020,1
404,송파구,잠실3동,41.1,40.5,41.6,2020,1
405,송파구,장지동,41.3,40.1,42.5,2020,1
406,송파구,위례동,34.7,34.1,35.3,2020,1
407,강동구,강일동,41.1,40.0,42.1,2020,1
408,강동구,상일동,38.6,38.1,39.1,2020,1
409,강동구,명일1동,41.6,40.5,42.5,2020,1
410,강동구,명일2동,41.2,40.3,42.1,2020,1
411,강동구,고덕1동,38.2,37.1,39.4,2020,1
412,강동구,고덕2동,40.3,39.7,40.9,2020,1
413,강동구,암사2동,41.5,40.8,42.2,2020,1
414,강동구,암사3동,40.1,39.5,40.6,2020,1
415,강동구,천호1동,44.9,43.9,45.9,2020,1
416,강동구,천호3동,44.6,44.1,45.0,2020,1
417,강동구,성내1동,41.8,40.9,42.6,2020,1
418,강동구,성내2동,44.5,44.0,45.0,2020,1
419,강동구,성내3동,43.1,41.5,44.7,2020,1
420,강동구,둔촌1동,55.2,52.0,58.2,2020,1
421,강동구,둔촌2동,42.8,41.7,43.9,2020,1
422,강동구,암사1동,43.6,42.6,44.5,2020,1
423,강동구,천호2동,44.6,43.8,45.4,2020,1
424,강동구,길동,43.8,42.9,44.7,2020,1
425,종로구,사직동,45.3,44.7,45.7,2020,2
426,종로구,삼청동,48.0,46.1,49.7,2020,2
427,종로구,부암동,44.5,43.2,45.8,2020,2
428,종로구,평창동,44.7,43.3,45.9,2020,2
429,종로구,무악동,42.8,42.7,42.8,2020,2
430,종로구,교남동,42.2,41.1,43.2,2020,2
431,종로구,가회동,46.6,45.1,47.8,2020,2
432,종로구,종로1·2·3·4가동,51.7,52.0,51.1,2020,2
433,종로구,종로5·6가동,47.1,46.8,47.4,2020,2
434,종로구,이화동,44.0,43.3,44.7,2020,2
435,종로구,창신1동,50.5,50.0,51.2,2020,2
436,종로구,창신2동,48.1,46.5,49.7,2020,2
437,종로구,창신3동,44.9,44.0,45.8,2020,2
438,종로구,숭인1동,46.3,45.2,47.2,2020,2
439,종로구,숭인2동,45.7,46.4,45.0,2020,2
440,종로구,청운효자동,43.6,42.0,44.9,2020,2
441,종로구,혜화동,41.5,40.4,42.5,2020,2
442,중구,소공동,42.2,43.0,41.5,2020,2
443,중구,회현동,51.9,52.6,51.2,2020,2
444,중구,명동,49.8,47.5,51.4,2020,2
445,중구,필동,46.3,45.1,47.7,2020,2
446,중구,장충동,42.2,41.0,43.4,2020,2
447,중구,광희동,48.6,48.4,48.9,2020,2
448,중구,을지로동,51.4,52.3,50.0,2020,2
449,중구,신당5동,44.3,43.6,45.0,2020,2
450,중구,황학동,42.9,42.7,43.0,2020,2
451,중구,중림동,43.3,42.8,43.8,2020,2
452,중구,신당동,46.0,46.0,46.0,2020,2
453,중구,다산동,45.1,43.8,46.4,2020,2
454,중구,약수동,46.4,45.3,47.5,2020,2
455,중구,청구동,45.2,43.8,46.5,2020,2
456,중구,동화동,44.1,42.9,45.1,2020,2
457,용산구,후암동,44.2,42.4,45.8,2020,2
458,용산구,용산2가동,46.1,44.3,47.8,2020,2
459,용산구,남영동,49.4,50.7,47.3,2020,2
460,용산구,원효로2동,43.5,43.0,43.9,2020,2
461,용산구,효창동,41.7,40.7,42.6,2020,2
462,용산구,용문동,43.5,42.4,44.6,2020,2
463,용산구,이촌1동,42.1,40.8,43.2,2020,2
464,용산구,이촌2동,45.9,44.0,47.6,2020,2
465,용산구,이태원1동,48.0,45.8,50.0,2020,2
466,용산구,이태원2동,45.7,43.9,47.2,2020,2
467,용산구,서빙고동,43.0,41.9,44.0,2020,2
468,용산구,보광동,46.6,44.2,48.9,2020,2
469,용산구,청파동,43.8,43.3,44.2,2020,2
470,용산구,원효로1동,40.7,40.4,41.0,2020,2
471,용산구,한강로동,44.4,44.1,44.7,2020,2
472,용산구,한남동,44.7,43.4,45.9,2020,2
473,성동구,왕십리2동,42.6,41.7,43.4,2020,2
474,성동구,마장동,43.2,42.5,43.9,2020,2
475,성동구,사근동,38.1,37.0,39.1,2020,2
476,성동구,행당1동,42.5,41.9,43.0,2020,2
477,성동구,행당2동,42.4,41.8,43.0,2020,2
478,성동구,응봉동,42.4,41.4,43.3,2020,2
479,성동구,금호1가동,42.9,41.8,43.9,2020,2
480,성동구,금호4가동,42.5,41.2,43.7,2020,2
481,성동구,성수1가1동,42.5,41.7,43.2,2020,2
482,성동구,성수1가2동,42.6,42.1,43.1,2020,2
483,성동구,성수2가1동,45.3,44.6,46.0,2020,2
484,성동구,성수2가3동,43.9,43.9,43.9,2020,2
485,성동구,송정동,44.6,44.0,45.2,2020,2
486,성동구,용답동,45.6,45.5,45.7,2020,2
487,성동구,왕십리도선동,41.4,40.8,42.0,2020,2
488,성동구,금호2·3가동,43.4,42.1,44.6,2020,2
489,성동구,옥수동,42.0,41.1,42.7,2020,2
490,광진구,화양동,37.6,38.2,37.0,2020,2
491,광진구,군자동,42.3,41.7,42.9,2020,2
492,광진구,중곡1동,43.7,43.1,44.3,2020,2
493,광진구,중곡2동,42.6,42.1,43.2,2020,2
494,광진구,중곡3동,44.6,43.7,45.5,2020,2
495,광진구,중곡4동,44.3,43.3,45.3,2020,2
496,광진구,능동,41.6,41.4,41.8,2020,2
497,광진구,구의1동,42.1,41.5,42.6,2020,2
498,광진구,구의2동,42.9,42.0,43.7,2020,2
499,광진구,구의3동,41.6,41.2,42.1,2020,2
500,광진구,광장동,38.5,37.8,39.2,2020,2
501,광진구,자양1동,42.8,42.1,43.5,2020,2
502,광진구,자양2동,42.9,42.0,43.7,2020,2
503,광진구,자양3동,41.6,41.0,42.1,2020,2
504,광진구,자양4동,46.7,46.0,47.3,2020,2
505,동대문구,회기동,40.3,39.6,41.0,2020,2
506,동대문구,휘경1동,42.0,41.6,42.4,2020,2
507,동대문구,휘경2동,42.0,41.0,43.0,2020,2
508,동대문구,청량리동,49.3,48.0,50.7,2020,2
509,동대문구,용신동,44.7,44.3,45.1,2020,2
510,동대문구,제기동,46.6,45.2,48.1,2020,2
511,동대문구,전농1동,44.5,43.7,45.3,2020,2
512,동대문구,전농2동,44.5,43.6,45.3,2020,2
513,동대문구,답십리2동,44.6,43.6,45.6,2020,2
514,동대문구,장안1동,43.5,43.0,44.0,2020,2
515,동대문구,장안2동,41.9,41.0,42.9,2020,2
516,동대문구,이문1동,42.9,42.0,43.9,2020,2
517,동대문구,이문2동,44.1,43.3,44.8,2020,2
518,동대문구,답십리1동,41.3,40.8,41.8,2020,2
519,중랑구,면목2동,45.3,44.5,46.2,2020,2
520,중랑구,면목4동,45.4,44.1,46.7,2020,2
521,중랑구,면목5동,45.2,44.5,45.9,2020,2
522,중랑구,면목7동,45.5,44.5,46.4,2020,2
523,중랑구,상봉1동,42.5,41.5,43.5,2020,2
524,중랑구,상봉2동,43.2,43.2,43.2,2020,2
525,중랑구,중화1동,43.9,43.0,44.8,2020,2
526,중랑구,중화2동,46.6,46.0,47.2,2020,2
527,중랑구,묵1동,42.8,42.1,43.5,2020,2
528,중랑구,묵2동,44.4,43.5,45.2,2020,2
529,중랑구,망우3동,46.0,45.3,46.7,2020,2
530,중랑구,신내1동,42.7,41.5,43.8,2020,2
531,중랑구,신내2동,44.4,43.0,45.7,2020,2
532,중랑구,면목본동,44.9,44.0,45.8,2020,2
533,중랑구,면목3·8동,45.8,44.9,46.7,2020,2
534,중랑구,망우본동,46.2,45.4,47.0,2020,2
535,성북구,돈암1동,44.7,44.0,45.3,2020,2
536,성북구,돈암2동,41.2,40.2,42.2,2020,2
537,성북구,안암동,40.6,39.3,42.0,2020,2
538,성북구,보문동,42.7,41.7,43.6,2020,2
539,성북구,정릉1동,42.5,41.5,43.5,2020,2
540,성북구,정릉2동,44.3,43.0,45.6,2020,2
541,성북구,정릉3동,45.2,43.2,47.1,2020,2
542,성북구,정릉4동,44.1,42.8,45.4,2020,2
543,성북구,길음1동,39.1,38.2,39.9,2020,2
544,성북구,길음2동,42.2,41.1,43.3,2020,2
545,성북구,월곡1동,43.2,42.5,43.8,2020,2
546,성북구,월곡2동,43.5,43.1,43.9,2020,2
547,성북구,장위1동,45.3,44.1,46.5,2020,2
548,성북구,장위2동,47.2,46.1,48.2,2020,2
549,성북구,장위3동,41.2,40.8,41.6,2020,2
550,성북구,성북동,44.6,43.7,45.3,2020,2
551,성북구,삼선동,43.2,42.3,43.9,2020,2
552,성북구,동선동,40.8,41.8,40.0,2020,2
553,성북구,종암동,42.9,41.5,44.3,2020,2
554,성북구,석관동,45.1,44.3,46.0,2020,2
555,강북구,번1동,45.1,44.3,46.0,2020,2
556,강북구,번2동,47.7,45.6,49.6,2020,2
557,강북구,번3동,47.7,45.7,49.5,2020,2
558,강북구,수유1동,46.2,45.1,47.3,2020,2
559,강북구,수유2동,46.6,45.2,47.8,2020,2
560,강북구,수유3동,45.8,44.9,46.6,2020,2
561,강북구,삼양동,45.6,44.5,46.7,2020,2
562,강북구,미아동,46.0,45.2,46.7,2020,2
563,강북구,송중동,45.5,44.6,46.3,2020,2
564,강북구,송천동,47.5,46.4,48.6,2020,2
565,강북구,삼각산동,40.5,39.3,41.6,2020,2
566,강북구,우이동,46.9,45.6,48.1,2020,2
567,강북구,인수동,46.7,45.5,47.8,2020,2
568,도봉구,쌍문1동,45.6,44.7,46.3,2020,2
569,도봉구,쌍문2동,45.5,43.9,47.0,2020,2
570,도봉구,쌍문3동,45.6,44.7,46.5,2020,2
571,도봉구,쌍문4동,43.0,41.8,44.1,2020,2
572,도봉구,방학1동,45.6,44.9,46.3,2020,2
573,도봉구,방학2동,46.6,45.4,47.8,2020,2
574,도봉구,방학3동,43.9,42.1,45.6,2020,2
575,도봉구,창1동,44.0,42.8,45.1,2020,2
576,도봉구,창2동,43.9,42.9,44.9,2020,2
577,도봉구,창3동,45.8,44.5,47.0,2020,2
578,도봉구,창4동,43.0,41.9,44.0,2020,2
579,도봉구,창5동,43.9,42.8,44.8,2020,2
580,도봉구,도봉1동,49.1,47.9,50.3,2020,2
581,도봉구,도봉2동,46.8,45.9,47.8,2020,2
582,노원구,월계1동,44.1,42.7,45.6,2020,2
583,노원구,월계2동,45.4,43.7,47.0,2020,2
584,노원구,월계3동,44.4,42.9,45.8,2020,2
585,노원구,공릉2동,40.3,39.6,41.0,2020,2
586,노원구,하계1동,42.9,40.5,45.0,2020,2
587,노원구,하계2동,41.5,40.2,42.7,2020,2
588,노원구,중계본동,39.6,38.9,40.4,2020,2
589,노원구,중계1동,37.9,36.6,39.1,2020,2
590,노원구,중계4동,44.3,42.4,46.2,2020,2
591,노원구,상계1동,44.3,43.1,45.4,2020,2
592,노원구,상계2동,43.8,43.1,44.5,2020,2
593,노원구,상계5동,46.0,44.5,47.4,2020,2
594,노원구,상계8동,39.0,37.7,40.2,2020,2
595,노원구,상계9동,42.7,40.9,44.2,2020,2
596,노원구,상계10동,42.6,41.3,43.7,2020,2
597,노원구,상계3·4동,46.9,45.3,48.4,2020,2
598,노원구,상계6·7동,41.9,40.5,43.2,2020,2
599,노원구,중계2·3동,45.0,42.9,46.8,2020,2
600,노원구,공릉1동,43.1,42.1,44.1,2020,2
601,은평구,녹번동,44.3,43.3,45.2,2020,2
602,은평구,불광1동,45.2,43.9,46.3,2020,2
603,은평구,갈현1동,45.2,43.9,46.4,2020,2
604,은평구,갈현2동,43.6,42.6,44.4,2020,2
605,은평구,구산동,44.6,44.5,44.8,2020,2
606,은평구,대조동,44.5,43.8,45.1,2020,2
607,은평구,응암1동,42.6,41.4,43.7,2020,2
608,은평구,응암2동,40.2,39.0,41.3,2020,2
609,은평구,신사1동,44.0,42.8,45.1,2020,2
610,은평구,신사2동,44.6,43.3,45.8,2020,2
611,은평구,증산동,45.6,44.7,46.5,2020,2
612,은평구,수색동,46.6,45.0,48.1,2020,2
613,은평구,진관동,40.6,39.8,41.3,2020,2
614,은평구,불광2동,46.2,45.0,47.3,2020,2
615,은평구,응암3동,47.0,45.4,48.4,2020,2
616,은평구,역촌동,44.0,43.0,44.9,2020,2
617,서대문구,천연동,44.2,42.8,45.4,2020,2
618,서대문구,홍제1동,44.4,43.3,45.4,2020,2
619,서대문구,홍제3동,46.7,45.2,48.2,2020,2
620,서대문구,홍제2동,45.1,43.7,46.4,2020,2
621,서대문구,홍은1동,45.3,44.1,46.4,2020,2
622,서대문구,홍은2동,44.7,43.4,45.9,2020,2
623,서대문구,남가좌1동,39.6,39.0,40.1,2020,2
624,서대문구,남가좌2동,41.8,40.9,42.6,2020,2
625,서대문구,북가좌1동,42.4,41.3,43.4,2020,2
626,서대문구,북가좌2동,44.9,43.7,46.0,2020,2
627,서대문구,충현동,45.0,44.2,45.8,2020,2
628,서대문구,북아현동,41.8,41.0,42.5,2020,2
629,서대문구,신촌동,38.0,38.2,37.7,2020,2
630,서대문구,연희동,43.1,41.8,44.4,2020,2
631,마포구,용강동,40.6,40.0,41.1,2020,2
632,마포구,대흥동,41.9,41.2,42.5,2020,2
633,마포구,염리동,41.5,40.5,42.4,2020,2
634,마포구,신수동,41.8,40.7,42.8,2020,2
635,마포구,서교동,41.7,41.5,41.8,2020,2
636,마포구,합정동,41.5,40.7,42.2,2020,2
637,마포구,망원1동,43.1,42.3,43.8,2020,2
638,마포구,망원2동,42.6,41.8,43.3,2020,2
639,마포구,연남동,42.8,42.0,43.5,2020,2
640,마포구,성산1동,42.6,41.8,43.2,2020,2
641,마포구,성산2동,41.6,40.8,42.3,2020,2
642,마포구,상암동,39.6,38.9,40.3,2020,2
643,마포구,도화동,43.5,42.2,44.7,2020,2
644,마포구,서강동,40.6,39.9,41.3,2020,2
645,마포구,공덕동,43.2,42.4,43.9,2020,2
646,마포구,아현동,40.6,40.2,40.9,2020,2
647,양천구,목1동,38.3,38.0,38.6,2020,2
648,양천구,목2동,41.8,40.8,42.6,2020,2
649,양천구,목3동,42.6,41.2,43.8,2020,2
650,양천구,목4동,40.8,39.7,41.9,2020,2
651,양천구,신월1동,46.2,45.4,47.0,2020,2
652,양천구,신월2동,43.8,42.8,44.7,2020,2
653,양천구,신월3동,45.3,44.5,46.2,2020,2
654,양천구,신월4동,43.0,41.9,44.1,2020,2
655,양천구,신월5동,43.0,42.0,44.0,2020,2
656,양천구,신월6동,40.3,39.4,41.1,2020,2
657,양천구,신월7동,46.2,44.7,47.6,2020,2
658,양천구,신정1동,40.0,39.2,40.7,2020,2
659,양천구,신정2동,41.1,40.3,41.9,2020,2
660,양천구,신정3동,41.8,40.7,42.8,2020,2
661,양천구,신정6동,39.3,38.6,39.9,2020,2
662,양천구,신정7동,43.0,41.6,44.3,2020,2
663,양천구,목5동,38.6,37.7,39.6,2020,2
664,양천구,신정4동,43.9,43.1,44.7,2020,2
665,강서구,염창동,38.6,38.1,39.1,2020,2
666,강서구,등촌1동,40.5,40.1,40.8,2020,2
667,강서구,등촌2동,42.4,41.3,43.4,2020,2
668,강서구,등촌3동,46.0,44.2,47.7,2020,2
669,강서구,화곡본동,41.4,40.3,42.4,2020,2
670,강서구,화곡2동,42.5,41.5,43.6,2020,2
671,강서구,화곡3동,44.1,43.3,44.8,2020,2
672,강서구,화곡4동,44.3,43.0,45.6,2020,2
673,강서구,화곡6동,43.1,42.2,44.0,2020,2
674,강서구,화곡8동,43.6,42.6,44.6,2020,2
675,강서구,가양1동,38.6,39.2,38.1,2020,2
676,강서구,가양2동,49.8,48.6,51.0,2020,2
677,강서구,가양3동,47.0,45.0,48.8,2020,2
678,강서구,발산1동,39.6,38.7,40.4,2020,2
679,강서구,공항동,41.2,40.5,41.9,2020,2
680,강서구,방화1동,41.1,40.6,41.5,2020,2
681,강서구,방화2동,45.6,44.3,46.9,2020,2
682,강서구,방화3동,46.0,44.5,47.5,2020,2
683,강서구,화곡1동,42.9,42.3,43.5,2020,2
684,강서구,우장산동,40.1,39.8,40.5,2020,2
685,구로구,신도림동,39.9,39.5,40.3,2020,2
686,구로구,구로1동,39.8,39.1,40.5,2020,2
687,구로구,구로3동,41.7,40.9,42.4,2020,2
688,구로구,구로4동,46.7,45.9,47.5,2020,2
689,구로구,구로5동,42.6,42.5,42.7,2020,2
690,구로구,고척1동,44.3,43.3,45.3,2020,2
691,구로구,고척2동,44.2,43.5,45.0,2020,2
692,구로구,개봉2동,44.3,43.5,45.1,2020,2
693,구로구,개봉3동,45.1,44.1,46.1,2020,2
694,구로구,오류1동,43.2,42.9,43.6,2020,2
695,구로구,수궁동,44.1,42.9,45.2,2020,2
696,구로구,가리봉동,48.8,47.9,50.0,2020,2
697,구로구,구로2동,48.1,46.8,49.3,2020,2
698,구로구,개봉1동,44.9,44.2,45.5,2020,2
699,구로구,오류2동,42.3,41.3,43.3,2020,2
700,구로구,항동,36.0,35.3,36.7,2020,2
701,금천구,가산동,41.0,41.3,40.7,2020,2
702,금천구,독산1동,41.1,40.6,41.7,2020,2
703,금천구,독산2동,45.4,44.6,46.3,2020,2
704,금천구,독산3동,45.7,44.9,46.6,2020,2
705,금천구,독산4동,45.9,45.2,46.7,2020,2
706,금천구,시흥1동,44.6,43.5,45.7,2020,2
707,금천구,시흥2동,44.2,43.3,45.0,2020,2
708,금천구,시흥3동,46.4,45.4,47.3,2020,2
709,금천구,시흥4동,45.5,44.7,46.3,2020,2
710,금천구,시흥5동,46.8,45.5,48.1,2020,2
711,영등포구,여의동,43.2,42.6,43.8,2020,2
712,영등포구,당산1동,43.2,42.8,43.6,2020,2
713,영등포구,당산2동,40.0,39.9,40.1,2020,2
714,영등포구,양평1동,41.1,40.4,41.8,2020,2
715,영등포구,양평2동,39.8,39.4,40.2,2020,2
716,영등포구,신길1동,44.9,43.9,45.9,2020,2
717,영등포구,신길3동,44.4,43.2,45.6,2020,2
718,영등포구,신길4동,47.2,45.8,48.7,2020,2
719,영등포구,신길5동,44.5,43.3,45.5,2020,2
720,영등포구,신길6동,43.9,43.0,44.8,2020,2
721,영등포구,신길7동,39.7,38.8,40.7,2020,2
722,영등포구,대림1동,47.2,45.9,48.6,2020,2
723,영등포구,대림2동,47.4,46.3,48.4,2020,2
724,영등포구,대림3동,45.4,44.5,46.3,2020,2
725,영등포구,영등포본동,44.8,44.1,45.5,2020,2
726,영등포구,영등포동,41.5,42.6,40.3,2020,2
727,영등포구,도림동,44.5,43.7,45.4,2020,2
728,영등포구,문래동,40.5,40.0,40.9,2020,2
729,동작구,노량진2동,47.2,45.7,48.7,2020,2
730,동작구,상도1동,41.3,40.2,42.3,2020,2
731,동작구,상도2동,42.0,41.0,42.9,2020,2
732,동작구,상도3동,43.6,42.6,44.5,2020,2
733,동작구,상도4동,43.4,42.2,44.5,2020,2
734,동작구,사당1동,43.0,42.7,43.2,2020,2
735,동작구,사당3동,43.0,42.3,43.6,2020,2
736,동작구,사당4동,44.0,43.0,44.9,2020,2
737,동작구,사당5동,42.3,41.2,43.4,2020,2
738,동작구,대방동,41.3,40.5,42.0,2020,2
739,동작구,신대방1동,42.3,41.6,42.9,2020,2
740,동작구,신대방2동,41.2,40.8,41.6,2020,2
741,동작구,흑석동,43.4,42.0,44.8,2020,2
742,동작구,노량진1동,43.5,42.1,44.8,2020,2
743,동작구,사당2동,44.6,43.5,45.6,2020,2
744,관악구,보라매동,43.5,42.5,44.4,2020,2
745,관악구,청림동,42.9,41.4,44.4,2020,2
746,관악구,행운동,41.2,40.8,41.5,2020,2
747,관악구,낙성대동,38.4,38.1,38.7,2020,2
748,관악구,중앙동,41.6,41.5,41.8,2020,2
749,관악구,인헌동,41.7,40.9,42.4,2020,2
750,관악구,남현동,41.8,41.4,42.3,2020,2
751,관악구,서원동,41.4,40.5,42.3,2020,2
752,관악구,신원동,43.3,42.2,44.4,2020,2
753,관악구,서림동,42.0,41.0,43.3,2020,2
754,관악구,신사동,42.1,41.4,42.8,2020,2
755,관악구,신림동,37.5,37.5,37.4,2020,2
756,관악구,난향동,43.6,42.8,44.5,2020,2
757,관악구,조원동,42.6,42.6,42.6,2020,2
758,관악구,대학동,40.9,40.2,42.0,2020,2
759,관악구,은천동,42.7,41.8,43.6,2020,2
760,관악구,성현동,43.3,41.9,44.6,2020,2
761,관악구,청룡동,39.6,39.7,39.4,2020,2
762,관악구,난곡동,45.3,44.1,46.6,2020,2
763,관악구,삼성동,48.2,46.5,50.0,2020,2
764,관악구,미성동,44.0,43.3,44.7,2020,2
765,서초구,서초1동,41.5,40.8,42.0,2020,2
766,서초구,서초2동,39.8,39.5,40.1,2020,2
767,서초구,서초3동,42.2,41.5,42.9,2020,2
768,서초구,서초4동,39.8,39.3,40.2,2020,2
769,서초구,잠원동,40.5,39.7,41.2,2020,2
770,서초구,반포본동,42.5,41.8,43.1,2020,2
771,서초구,반포1동,38.8,38.5,39.0,2020,2
772,서초구,반포2동,38.1,37.3,38.8,2020,2
773,서초구,반포3동,40.2,39.2,41.1,2020,2
774,서초구,반포4동,41.0,40.0,41.8,2020,2
775,서초구,방배본동,41.5,41.1,41.8,2020,2
776,서초구,방배1동,42.4,41.6,43.1,2020,2
777,서초구,방배2동,43.8,42.9,44.5,2020,2
778,서초구,방배3동,43.7,42.8,44.5,2020,2
779,서초구,방배4동,41.3,41.1,41.4,2020,2
780,서초구,양재1동,41.2,40.0,42.3,2020,2
781,서초구,양재2동,41.4,40.5,42.3,2020,2
782,서초구,내곡동,42.2,41.5,42.9,2020,2
783,강남구,신사동,43.1,42.5,43.6,2020,2
784,강남구,논현1동,41.9,41.8,42.0,2020,2
785,강남구,논현2동,42.2,41.8,42.6,2020,2
786,강남구,삼성1동,42.4,41.1,43.6,2020,2
787,강남구,삼성2동,39.3,38.4,40.2,2020,2
788,강남구,대치1동,37.3,36.4,38.3,2020,2
789,강남구,대치4동,40.0,39.3,40.7,2020,2
790,강남구,역삼1동,40.6,40.8,40.3,2020,2
791,강남구,역삼2동,38.1,38.0,38.1,2020,2
792,강남구,도곡1동,40.8,40.9,40.7,2020,2
793,강남구,도곡2동,40.4,40.7,40.2,2020,2
794,강남구,개포1동,46.7,46.2,47.2,2020,2
795,강남구,개포4동,42.2,41.3,43.0,2020,2
796,강남구,일원본동,39.5,37.8,41.1,2020,2
797,강남구,일원1동,45.4,43.7,47.0,2020,2
798,강남구,일원2동,43.1,40.6,45.4,2020,2
799,강남구,수서동,49.9,47.5,51.9,2020,2
800,강남구,세곡동,40.4,39.5,41.1,2020,2
801,강남구,압구정동,42.9,42.5,43.3,2020,2
802,강남구,청담동,41.4,40.6,42.1,2020,2
803,강남구,대치2동,40.5,39.2,41.8,2020,2
804,강남구,개포2동,41.4,40.9,41.8,2020,2
805,송파구,풍납1동,46.1,44.7,47.5,2020,2
806,송파구,풍납2동,41.5,41.1,41.8,2020,2
807,송파구,거여1동,44.7,43.8,45.5,2020,2
808,송파구,거여2동,44.9,43.6,46.2,2020,2
809,송파구,마천1동,46.3,45.4,47.3,2020,2
810,송파구,마천2동,46.8,45.7,47.9,2020,2
811,송파구,방이1동,41.2,40.5,41.9,2020,2
812,송파구,방이2동,41.8,41.4,42.2,2020,2
813,송파구,오륜동,40.9,39.9,41.9,2020,2
814,송파구,오금동,42.7,41.6,43.7,2020,2
815,송파구,송파1동,41.7,41.4,42.0,2020,2
816,송파구,송파2동,41.5,41.0,42.0,2020,2
817,송파구,석촌동,41.9,41.5,42.3,2020,2
818,송파구,삼전동,41.5,40.7,42.2,2020,2
819,송파구,가락본동,42.3,41.8,42.9,2020,2
820,송파구,가락1동,38.8,38.1,39.5,2020,2
821,송파구,가락2동,40.6,39.8,41.4,2020,2
822,송파구,문정1동,42.1,41.4,42.7,2020,2
823,송파구,문정2동,40.8,41.2,40.5,2020,2
824,송파구,잠실본동,41.8,41.4,42.1,2020,2
825,송파구,잠실4동,39.0,38.3,39.7,2020,2
826,송파구,잠실6동,42.2,41.7,42.7,2020,2
827,송파구,잠실7동,44.8,44.9,44.6,2020,2
828,송파구,잠실2동,37.1,36.7,37.4,2020,2
829,송파구,잠실3동,41.2,40.6,41.7,2020,2
830,송파구,장지동,41.4,40.2,42.5,2020,2
831,송파구,위례동,34.8,34.2,35.4,2020,2
832,강동구,강일동,41.3,40.2,42.2,2020,2
833,강동구,상일동,38.8,38.2,39.4,2020,2
834,강동구,명일1동,41.7,40.7,42.7,2020,2
835,강동구,명일2동,41.3,40.4,42.2,2020,2
836,강동구,고덕1동,38.3,37.2,39.5,2020,2
837,강동구,고덕2동,40.3,39.8,40.9,2020,2
838,강동구,암사2동,41.7,41.0,42.3,2020,2
839,강동구,암사3동,40.3,39.7,40.8,2020,2
840,강동구,천호1동,45.0,44.0,46.0,2020,2
841,강동구,천호3동,44.6,44.2,45.0,2020,2
842,강동구,성내1동,41.8,41.0,42.7,2020,2
843,강동구,성내2동,44.6,44.2,45.1,2020,2
844,강동구,성내3동,43.3,41.7,44.8,2020,2
845,강동구,둔촌1동,55.6,52.2,58.7,2020,2
846,강동구,둔촌2동,42.9,41.8,43.9,2020,2
847,강동구,암사1동,43.7,42.7,44.7,2020,2
848,강동구,천호2동,44.7,43.9,45.4,2020,2
849,강동구,길동,43.9,43.0,44.7,2020,2
850,종로구,사직동,45.3,44.8,45.8,2020,3
851,종로구,삼청동,48.2,46.4,50.0,2020,3
852,종로구,부암동,44.8,43.4,46.0,2020,3
853,종로구,평창동,44.7,43.4,45.9,2020,3
854,종로구,무악동,42.9,42.9,43.0,2020,3
855,종로구,교남동,42.4,41.3,43.4,2020,3
856,종로구,가회동,46.7,45.3,47.9,2020,3
857,종로구,종로1·2·3·4가동,51.8,52.2,51.2,2020,3
858,종로구,종로5·6가동,47.0,46.6,47.4,2020,3
859,종로구,이화동,44.3,43.5,45.0,2020,3
860,종로구,창신1동,50.7,50.1,51.3,2020,3
861,종로구,창신2동,48.3,46.8,49.8,2020,3
862,종로구,창신3동,45.0,44.1,45.8,2020,3
863,종로구,숭인1동,46.5,45.5,47.5,2020,3
864,종로구,숭인2동,45.6,46.1,45.0,2020,3
865,종로구,청운효자동,43.8,42.2,45.1,2020,3
866,종로구,혜화동,41.6,40.5,42.6,2020,3
867,중구,소공동,42.4,43.2,41.6,2020,3
868,중구,회현동,52.1,52.7,51.4,2020,3
869,중구,명동,49.9,47.6,51.7,2020,3
870,중구,필동,46.3,45.0,47.6,2020,3
871,중구,장충동,42.4,41.2,43.6,2020,3
872,중구,광희동,48.5,48.4,48.7,2020,3
873,중구,을지로동,51.5,52.6,49.9,2020,3
874,중구,신당5동,44.4,43.7,45.1,2020,3
875,중구,황학동,43.0,42.8,43.2,2020,3
876,중구,중림동,43.4,43.0,43.9,2020,3
877,중구,신당동,46.1,45.9,46.3,2020,3
878,중구,다산동,45.3,44.0,46.5,2020,3
879,중구,약수동,46.6,45.4,47.7,2020,3
880,중구,청구동,45.3,44.0,46.5,2020,3
881,중구,동화동,44.3,43.2,45.4,2020,3
882,용산구,후암동,44.3,42.6,45.9,2020,3
883,용산구,용산2가동,46.3,44.5,48.1,2020,3
884,용산구,남영동,49.6,50.9,47.5,2020,3
885,용산구,원효로2동,43.6,43.2,44.0,2020,3
886,용산구,효창동,41.8,40.7,42.7,2020,3
887,용산구,용문동,43.7,42.7,44.7,2020,3
888,용산구,이촌1동,42.3,41.0,43.4,2020,3
889,용산구,이촌2동,46.1,44.2,47.7,2020,3
890,용산구,이태원1동,48.1,45.9,50.0,2020,3
891,용산구,이태원2동,45.9,44.1,47.4,2020,3
892,용산구,서빙고동,43.1,42.0,44.2,2020,3
893,용산구,보광동,46.6,44.1,49.1,2020,3
894,용산구,청파동,43.9,43.4,44.3,2020,3
895,용산구,원효로1동,40.8,40.6,41.0,2020,3
896,용산구,한강로동,44.3,44.1,44.6,2020,3
897,용산구,한남동,44.8,43.5,46.0,2020,3
898,성동구,왕십리2동,42.7,41.8,43.5,2020,3
899,성동구,마장동,43.4,42.6,44.1,2020,3
900,성동구,사근동,38.1,37.0,39.2,2020,3
901,성동구,행당1동,42.5,42.0,43.1,2020,3
902,성동구,행당2동,42.6,42.0,43.2,2020,3
903,성동구,응봉동,42.5,41.4,43.5,2020,3
904,성동구,금호1가동,43.1,41.9,44.1,2020,3
905,성동구,금호4가동,42.6,41.2,43.8,2020,3
906,성동구,성수1가1동,42.6,41.9,43.3,2020,3
907,성동구,성수1가2동,42.8,42.2,43.3,2020,3
908,성동구,성수2가1동,45.5,44.8,46.3,2020,3
909,성동구,성수2가3동,44.1,44.1,44.1,2020,3
910,성동구,송정동,44.7,44.1,45.4,2020,3
911,성동구,용답동,45.6,45.6,45.7,2020,3
912,성동구,왕십리도선동,41.6,41.0,42.2,2020,3
913,성동구,금호2·3가동,43.6,42.2,44.8,2020,3
914,성동구,옥수동,42.1,41.3,42.9,2020,3
915,광진구,화양동,37.6,38.2,37.1,2020,3
916,광진구,군자동,42.4,41.8,43.0,2020,3
917,광진구,중곡1동,43.8,43.2,44.3,2020,3
918,광진구,중곡2동,42.8,42.3,43.2,2020,3
919,광진구,중곡3동,44.8,43.9,45.7,2020,3
920,광진구,중곡4동,44.6,43.6,45.6,2020,3
921,광진구,능동,41.6,41.3,41.8,2020,3
922,광진구,구의1동,42.2,41.7,42.7,2020,3
923,광진구,구의2동,43.1,42.2,43.9,2020,3
924,광진구,구의3동,41.8,41.4,42.2,2020,3
925,광진구,광장동,38.7,37.9,39.3,2020,3
926,광진구,자양1동,42.9,42.1,43.6,2020,3
927,광진구,자양2동,43.0,42.2,43.9,2020,3
928,광진구,자양3동,41.8,41.2,42.3,2020,3
929,광진구,자양4동,46.8,46.2,47.5,2020,3
930,동대문구,회기동,40.4,39.5,41.1,2020,3
931,동대문구,휘경1동,41.9,41.6,42.2,2020,3
932,동대문구,휘경2동,42.1,41.0,43.1,2020,3
933,동대문구,청량리동,49.6,48.2,51.0,2020,3
934,동대문구,용신동,44.7,44.3,45.1,2020,3
935,동대문구,제기동,46.7,45.2,48.2,2020,3
936,동대문구,전농1동,44.7,43.9,45.4,2020,3
937,동대문구,전농2동,44.7,43.7,45.6,2020,3
938,동대문구,답십리2동,44.8,43.8,45.8,2020,3
939,동대문구,장안1동,43.6,43.1,44.1,2020,3
940,동대문구,장안2동,42.1,41.1,43.1,2020,3
941,동대문구,이문1동,43.0,42.1,43.9,2020,3
942,동대문구,이문2동,44.3,43.5,45.0,2020,3
943,동대문구,답십리1동,41.4,40.9,41.9,2020,3
944,중랑구,면목2동,45.5,44.7,46.4,2020,3
945,중랑구,면목4동,45.6,44.3,46.9,2020,3
946,중랑구,면목5동,42.6,42.0,43.2,2020,3
947,중랑구,면목7동,45.6,44.6,46.7,2020,3
948,중랑구,상봉1동,42.6,41.5,43.7,2020,3
949,중랑구,상봉2동,43.3,43.4,43.2,2020,3
950,중랑구,중화1동,44.1,43.2,45.0,2020,3
951,중랑구,중화2동,46.7,46.1,47.4,2020,3
952,중랑구,묵1동,43.0,42.2,43.6,2020,3
953,중랑구,묵2동,44.6,43.8,45.4,2020,3
954,중랑구,망우3동,46.2,45.6,46.9,2020,3
955,중랑구,신내1동,42.8,41.7,43.9,2020,3
956,중랑구,신내2동,44.6,43.2,45.9,2020,3
957,중랑구,면목본동,45.1,44.2,46.0,2020,3
958,중랑구,면목3·8동,46.1,45.2,47.0,2020,3
959,중랑구,망우본동,46.3,45.5,47.2,2020,3
960,성북구,돈암1동,44.9,44.2,45.5,2020,3
961,성북구,돈암2동,41.4,40.4,42.4,2020,3
962,성북구,안암동,40.7,39.4,42.0,2020,3
963,성북구,보문동,42.8,41.8,43.8,2020,3
964,성북구,정릉1동,42.7,41.6,43.8,2020,3
965,성북구,정릉2동,44.5,43.2,45.6,2020,3
966,성북구,정릉3동,45.4,43.4,47.3,2020,3
967,성북구,정릉4동,44.4,43.0,45.6,2020,3
968,성북구,길음1동,39.2,38.4,40.0,2020,3
969,성북구,길음2동,42.3,41.2,43.3,2020,3
970,성북구,월곡1동,43.3,42.7,44.0,2020,3
971,성북구,월곡2동,43.7,43.2,44.1,2020,3
972,성북구,장위1동,45.4,44.2,46.6,2020,3
973,성북구,장위2동,47.2,46.2,48.2,2020,3
974,성북구,장위3동,41.3,40.8,41.7,2020,3
975,성북구,성북동,44.7,43.8,45.4,2020,3
976,성북구,삼선동,43.3,42.5,44.0,2020,3
977,성북구,동선동,40.8,42.0,40.0,2020,3
978,성북구,종암동,43.1,41.6,44.5,2020,3
979,성북구,석관동,45.3,44.4,46.1,2020,3
980,강북구,번1동,45.4,44.5,46.2,2020,3
981,강북구,번2동,47.8,45.7,49.8,2020,3
982,강북구,번3동,48.1,46.0,49.9,2020,3
983,강북구,수유1동,46.3,45.2,47.5,2020,3
984,강북구,수유2동,46.8,45.4,48.1,2020,3
985,강북구,수유3동,45.9,45.0,46.8,2020,3
986,강북구,삼양동,45.8,44.6,46.9,2020,3
987,강북구,미아동,46.1,45.4,46.8,2020,3
988,강북구,송중동,45.7,44.8,46.5,2020,3
989,강북구,송천동,47.8,46.7,48.9,2020,3
990,강북구,삼각산동,40.7,39.5,41.9,2020,3
991,강북구,우이동,47.0,45.8,48.2,2020,3
992,강북구,인수동,46.9,45.7,48.1,2020,3
993,도봉구,쌍문1동,45.7,45.0,46.5,2020,3
994,도봉구,쌍문2동,45.8,44.2,47.2,2020,3
995,도봉구,쌍문3동,45.9,44.9,46.9,2020,3
996,도봉구,쌍문4동,43.2,42.0,44.3,2020,3
997,도봉구,방학1동,45.8,45.1,46.4,2020,3
998,도봉구,방학2동,46.8,45.6,48.1,2020,3
999,도봉구,방학3동,44.0,42.2,45.7,2020,3
1000,도봉구,창1동,44.2,43.0,45.3,2020,3
1001,도봉구,창2동,44.1,43.1,45.1,2020,3
1002,도봉구,창3동,46.0,44.7,47.2,2020,3
1003,도봉구,창4동,43.1,42.0,44.1,2020,3
1004,도봉구,창5동,44.0,42.9,45.0,2020,3
1005,도봉구,도봉1동,49.2,48.1,50.5,2020,3
1006,도봉구,도봉2동,47.0,46.0,48.0,2020,3
1007,노원구,월계1동,44.3,42.9,45.8,2020,3
1008,노원구,월계2동,45.7,43.9,47.2,2020,3
1009,노원구,월계3동,44.7,43.2,46.0,2020,3
1010,노원구,공릉2동,40.5,39.7,41.2,2020,3
1011,노원구,하계1동,43.1,40.7,45.3,2020,3
1012,노원구,하계2동,41.7,40.2,43.0,2020,3
1013,노원구,중계본동,39.7,38.9,40.4,2020,3
1014,노원구,중계1동,38.0,36.7,39.1,2020,3
1015,노원구,중계4동,44.5,42.6,46.4,2020,3
1016,노원구,상계1동,44.5,43.4,45.5,2020,3
1017,노원구,상계2동,43.9,43.2,44.6,2020,3
1018,노원구,상계5동,46.2,44.6,47.6,2020,3
1019,노원구,상계8동,39.2,37.9,40.3,2020,3
1020,노원구,상계9동,42.9,41.1,44.4,2020,3
1021,노원구,상계10동,42.8,41.5,43.9,2020,3
1022,노원구,상계3·4동,47.1,45.6,48.5,2020,3
1023,노원구,상계6·7동,42.2,40.7,43.4,2020,3
1024,노원구,중계2·3동,45.3,43.2,47.1,2020,3
1025,노원구,공릉1동,43.3,42.3,44.3,2020,3
1026,은평구,녹번동,44.4,43.4,45.3,2020,3
1027,은평구,불광1동,45.3,44.0,46.5,2020,3
1028,은평구,갈현1동,45.4,44.1,46.7,2020,3
1029,은평구,갈현2동,43.7,42.7,44.7,2020,3
1030,은평구,구산동,44.8,44.6,45.0,2020,3
1031,은평구,대조동,44.5,43.9,45.1,2020,3
1032,은평구,응암1동,42.5,41.3,43.5,2020,3
1033,은평구,응암2동,40.3,39.1,41.4,2020,3
1034,은평구,신사1동,44.1,43.1,45.2,2020,3
1035,은평구,신사2동,44.8,43.5,46.1,2020,3
1036,은평구,증산동,45.7,44.8,46.7,2020,3
1037,은평구,수색동,45.1,43.7,46.4,2020,3
1038,은평구,진관동,40.8,40.0,41.5,2020,3
1039,은평구,불광2동,46.3,45.2,47.4,2020,3
1040,은평구,응암3동,47.1,45.6,48.5,2020,3
1041,은평구,역촌동,44.3,43.2,45.2,2020,3
1042,서대문구,천연동,44.3,43.0,45.5,2020,3
1043,서대문구,홍제1동,44.6,43.4,45.5,2020,3
1044,서대문구,홍제3동,46.9,45.4,48.4,2020,3
1045,서대문구,홍제2동,45.4,44.0,46.6,2020,3
1046,서대문구,홍은1동,45.4,44.2,46.5,2020,3
1047,서대문구,홍은2동,44.9,43.6,46.1,2020,3
1048,서대문구,남가좌1동,39.7,39.2,40.1,2020,3
1049,서대문구,남가좌2동,41.9,41.0,42.7,2020,3
1050,서대문구,북가좌1동,42.5,41.5,43.5,2020,3
1051,서대문구,북가좌2동,45.1,43.9,46.2,2020,3
1052,서대문구,충현동,44.0,43.2,44.7,2020,3
1053,서대문구,북아현동,41.9,41.0,42.7,2020,3
1054,서대문구,신촌동,37.9,38.3,37.6,2020,3
1055,서대문구,연희동,43.1,41.9,44.3,2020,3
1056,마포구,용강동,40.7,40.1,41.2,2020,3
1057,마포구,대흥동,41.8,41.2,42.4,2020,3
1058,마포구,염리동,41.5,40.5,42.3,2020,3
1059,마포구,신수동,41.9,40.8,43.0,2020,3
1060,마포구,서교동,41.6,41.5,41.7,2020,3
1061,마포구,합정동,41.6,40.8,42.3,2020,3
1062,마포구,망원1동,43.2,42.3,43.9,2020,3
1063,마포구,망원2동,42.7,41.9,43.5,2020,3
1064,마포구,연남동,42.9,42.0,43.6,2020,3
1065,마포구,성산1동,42.6,42.0,43.2,2020,3
1066,마포구,성산2동,41.8,41.0,42.5,2020,3
1067,마포구,상암동,39.7,39.0,40.4,2020,3
1068,마포구,도화동,43.6,42.3,44.8,2020,3
1069,마포구,서강동,40.7,40.0,41.3,2020,3
1070,마포구,공덕동,43.3,42.6,44.0,2020,3
1071,마포구,아현동,40.6,40.2,40.8,2020,3
1072,양천구,목1동,38.5,38.2,38.8,2020,3
1073,양천구,목2동,42.0,41.0,42.9,2020,3
1074,양천구,목3동,42.8,41.4,44.0,2020,3
1075,양천구,목4동,41.0,40.0,42.1,2020,3
1076,양천구,신월1동,46.4,45.6,47.3,2020,3
1077,양천구,신월2동,43.9,42.9,44.9,2020,3
1078,양천구,신월3동,45.5,44.8,46.4,2020,3
1079,양천구,신월4동,43.2,42.2,44.2,2020,3
1080,양천구,신월5동,43.2,42.2,44.1,2020,3
1081,양천구,신월6동,40.1,39.3,40.9,2020,3
1082,양천구,신월7동,46.4,44.8,47.9,2020,3
1083,양천구,신정1동,40.1,39.3,40.9,2020,3
1084,양천구,신정2동,41.2,40.4,42.0,2020,3
1085,양천구,신정3동,42.0,40.8,43.0,2020,3
1086,양천구,신정6동,39.4,38.8,40.0,2020,3
1087,양천구,신정7동,43.2,41.8,44.4,2020,3
1088,양천구,목5동,38.8,37.9,39.6,2020,3
1089,양천구,신정4동,44.1,43.4,44.8,2020,3
1090,강서구,염창동,38.7,38.3,39.2,2020,3
1091,강서구,등촌1동,40.5,40.1,40.9,2020,3
1092,강서구,등촌2동,42.5,41.4,43.6,2020,3
1093,강서구,등촌3동,46.3,44.4,47.9,2020,3
1094,강서구,화곡본동,41.6,40.4,42.6,2020,3
1095,강서구,화곡2동,42.8,41.7,43.8,2020,3
1096,강서구,화곡3동,44.3,43.5,45.0,2020,3
1097,강서구,화곡4동,44.6,43.2,45.9,2020,3
1098,강서구,화곡6동,43.2,42.3,44.1,2020,3
1099,강서구,화곡8동,43.8,42.7,44.8,2020,3
1100,강서구,가양1동,38.7,39.4,38.1,2020,3
1101,강서구,가양2동,50.0,48.7,51.2,2020,3
1102,강서구,가양3동,47.3,45.2,49.1,2020,3
1103,강서구,발산1동,39.8,38.8,40.7,2020,3
1104,강서구,공항동,41.3,40.6,42.0,2020,3
1105,강서구,방화1동,41.3,40.7,41.8,2020,3
1106,강서구,방화2동,45.9,44.6,47.1,2020,3
1107,강서구,방화3동,46.3,44.7,47.8,2020,3
1108,강서구,화곡1동,43.0,42.4,43.6,2020,3
1109,강서구,우장산동,40.3,39.9,40.6,2020,3
1110,구로구,신도림동,40.0,39.6,40.4,2020,3
1111,구로구,구로1동,40.0,39.3,40.7,2020,3
1112,구로구,구로3동,41.8,41.1,42.5,2020,3
1113,구로구,구로4동,47.0,46.1,47.9,2020,3
1114,구로구,구로5동,42.9,42.7,43.0,2020,3
1115,구로구,고척1동,44.4,43.5,45.4,2020,3
1116,구로구,고척2동,44.5,43.7,45.2,2020,3
1117,구로구,개봉2동,44.7,43.8,45.4,2020,3
1118,구로구,개봉3동,45.6,44.5,46.6,2020,3
1119,구로구,오류1동,43.4,43.2,43.7,2020,3
1120,구로구,수궁동,44.3,43.0,45.5,2020,3
1121,구로구,가리봉동,48.9,47.9,50.0,2020,3
1122,구로구,구로2동,48.2,46.9,49.5,2020,3
1123,구로구,개봉1동,44.6,43.9,45.2,2020,3
1124,구로구,오류2동,42.6,41.6,43.5,2020,3
1125,구로구,항동,36.0,35.3,36.6,2020,3
1126,금천구,가산동,40.6,41.1,40.0,2020,3
1127,금천구,독산1동,41.3,40.7,41.8,2020,3
1128,금천구,독산2동,45.6,44.8,46.5,2020,3
1129,금천구,독산3동,45.9,45.0,46.7,2020,3
1130,금천구,독산4동,46.1,45.4,46.9,2020,3
1131,금천구,시흥1동,44.7,43.7,45.8,2020,3
1132,금천구,시흥2동,44.4,43.5,45.2,2020,3
1133,금천구,시흥3동,46.7,45.7,47.7,2020,3
1134,금천구,시흥4동,45.8,44.9,46.7,2020,3
1135,금천구,시흥5동,47.0,45.7,48.3,2020,3
1136,영등포구,여의동,43.3,42.7,43.9,2020,3
1137,영등포구,당산1동,43.3,42.9,43.6,2020,3
1138,영등포구,당산2동,40.0,39.9,40.1,2020,3
1139,영등포구,양평1동,41.0,40.3,41.7,2020,3
1140,영등포구,양평2동,39.9,39.5,40.4,2020,3
1141,영등포구,신길1동,45.1,44.0,46.2,2020,3
1142,영등포구,신길3동,44.6,43.5,45.6,2020,3
1143,영등포구,신길4동,47.5,46.0,49.0,2020,3
1144,영등포구,신길5동,44.6,43.5,45.6,2020,3
1145,영등포구,신길6동,44.0,43.0,45.0,2020,3
1146,영등포구,신길7동,39.9,38.9,40.8,2020,3
1147,영등포구,대림1동,45.8,44.4,47.1,2020,3
1148,영등포구,대림2동,47.6,46.5,48.7,2020,3
1149,영등포구,대림3동,45.6,44.6,46.5,2020,3
1150,영등포구,영등포본동,44.9,44.2,45.6,2020,3
1151,영등포구,영등포동,41.5,42.6,40.1,2020,3
1152,영등포구,도림동,44.6,43.9,45.4,2020,3
1153,영등포구,문래동,40.6,40.1,41.1,2020,3
1154,동작구,노량진2동,47.2,45.8,48.8,2020,3
1155,동작구,상도1동,41.5,40.4,42.5,2020,3
1156,동작구,상도2동,42.2,41.2,43.1,2020,3
1157,동작구,상도3동,43.8,42.9,44.7,2020,3
1158,동작구,상도4동,43.6,42.4,44.7,2020,3
1159,동작구,사당1동,43.1,42.7,43.4,2020,3
1160,동작구,사당3동,43.1,42.5,43.7,2020,3
1161,동작구,사당4동,44.2,43.2,45.1,2020,3
1162,동작구,사당5동,42.3,41.2,43.4,2020,3
1163,동작구,대방동,41.5,40.7,42.2,2020,3
1164,동작구,신대방1동,42.4,41.7,43.0,2020,3
1165,동작구,신대방2동,41.3,40.9,41.7,2020,3
1166,동작구,흑석동,43.6,42.2,45.0,2020,3
1167,동작구,노량진1동,43.5,42.1,44.8,2020,3
1168,동작구,사당2동,44.8,43.7,45.8,2020,3
1169,관악구,보라매동,43.7,42.6,44.6,2020,3
1170,관악구,청림동,43.1,41.6,44.6,2020,3
1171,관악구,행운동,41.4,41.0,41.7,2020,3
1172,관악구,낙성대동,38.5,38.2,38.8,2020,3
1173,관악구,중앙동,41.8,41.8,41.8,2020,3
1174,관악구,인헌동,41.8,41.0,42.5,2020,3
1175,관악구,남현동,42.1,41.6,42.5,2020,3
1176,관악구,서원동,41.5,40.7,42.4,2020,3
1177,관악구,신원동,43.4,42.2,44.5,2020,3
1178,관악구,서림동,42.1,41.1,43.3,2020,3
1179,관악구,신사동,42.2,41.6,42.9,2020,3
1180,관악구,신림동,37.5,37.6,37.4,2020,3
1181,관악구,난향동,43.7,42.9,44.6,2020,3
1182,관악구,조원동,42.7,42.7,42.7,2020,3
1183,관악구,대학동,41.1,40.4,42.1,2020,3
1184,관악구,은천동,42.9,42.0,43.8,2020,3
1185,관악구,성현동,43.4,42.0,44.8,2020,3
1186,관악구,청룡동,39.5,39.6,39.4,2020,3
1187,관악구,난곡동,45.5,44.3,46.7,2020,3
1188,관악구,삼성동,48.4,46.6,50.1,2020,3
1189,관악구,미성동,44.2,43.4,44.9,2020,3
1190,서초구,서초1동,41.5,40.9,42.1,2020,3
1191,서초구,서초2동,39.9,39.7,40.1,2020,3
1192,서초구,서초3동,42.2,41.5,42.9,2020,3
1193,서초구,서초4동,39.9,39.4,40.4,2020,3
1194,서초구,잠원동,40.5,39.7,41.2,2020,3
1195,서초구,반포본동,42.6,42.0,43.3,2020,3
1196,서초구,반포1동,38.9,38.6,39.1,2020,3
1197,서초구,반포2동,38.2,37.5,39.0,2020,3
1198,서초구,반포3동,40.4,39.3,41.3,2020,3
1199,서초구,반포4동,41.1,40.2,42.0,2020,3
1200,서초구,방배본동,41.5,41.1,41.8,2020,3
1201,서초구,방배1동,42.6,41.9,43.3,2020,3
1202,서초구,방배2동,43.9,43.0,44.6,2020,3
1203,서초구,방배3동,43.8,43.0,44.6,2020,3
1204,서초구,방배4동,41.3,41.2,41.5,2020,3
1205,서초구,양재1동,41.4,40.2,42.5,2020,3
1206,서초구,양재2동,41.5,40.7,42.4,2020,3
1207,서초구,내곡동,42.4,41.6,43.1,2020,3
1208,강남구,신사동,43.2,42.6,43.8,2020,3
1209,강남구,논현1동,42.1,41.9,42.2,2020,3
1210,강남구,논현2동,42.3,41.9,42.7,2020,3
1211,강남구,삼성1동,42.6,41.3,43.8,2020,3
1212,강남구,삼성2동,39.4,38.5,40.3,2020,3
1213,강남구,대치1동,37.4,36.5,38.4,2020,3
1214,강남구,대치4동,40.0,39.3,40.7,2020,3
1215,강남구,역삼1동,40.5,40.7,40.4,2020,3
1216,강남구,역삼2동,38.1,38.1,38.2,2020,3
1217,강남구,도곡1동,41.0,41.1,40.8,2020,3
1218,강남구,도곡2동,40.5,40.8,40.3,2020,3
1219,강남구,개포1동,46.8,46.2,47.4,2020,3
1220,강남구,개포4동,42.3,41.4,43.1,2020,3
1221,강남구,일원본동,39.6,37.9,41.3,2020,3
1222,강남구,일원1동,45.5,43.7,47.3,2020,3
1223,강남구,일원2동,43.3,40.7,45.6,2020,3
1224,강남구,수서동,50.2,47.7,52.2,2020,3
1225,강남구,세곡동,40.5,39.7,41.3,2020,3
1226,강남구,압구정동,43.2,42.8,43.5,2020,3
1227,강남구,청담동,41.5,40.7,42.2,2020,3
1228,강남구,대치2동,40.5,39.2,41.9,2020,3
1229,강남구,개포2동,41.5,41.1,41.9,2020,3
1230,송파구,풍납1동,46.3,44.8,47.8,2020,3
1231,송파구,풍납2동,41.6,41.2,41.9,2020,3
1232,송파구,거여1동,44.7,43.8,45.6,2020,3
1233,송파구,거여2동,44.4,43.2,45.6,2020,3
1234,송파구,마천1동,46.5,45.6,47.5,2020,3
1235,송파구,마천2동,47.0,45.9,48.1,2020,3
1236,송파구,방이1동,41.3,40.6,42.0,2020,3
1237,송파구,방이2동,41.9,41.5,42.2,2020,3
1238,송파구,오륜동,41.1,40.1,42.1,2020,3
1239,송파구,오금동,42.9,41.8,44.0,2020,3
1240,송파구,송파1동,41.9,41.5,42.1,2020,3
1241,송파구,송파2동,41.7,41.2,42.2,2020,3
1242,송파구,석촌동,42.1,41.7,42.4,2020,3
1243,송파구,삼전동,41.6,40.9,42.3,2020,3
1244,송파구,가락본동,42.6,42.1,43.0,2020,3
1245,송파구,가락1동,38.9,38.2,39.6,2020,3
1246,송파구,가락2동,40.8,40.0,41.6,2020,3
1247,송파구,문정1동,42.3,41.6,42.9,2020,3
1248,송파구,문정2동,41.0,41.4,40.7,2020,3
1249,송파구,잠실본동,41.8,41.5,42.1,2020,3
1250,송파구,잠실4동,39.1,38.4,39.7,2020,3
1251,송파구,잠실6동,42.3,41.9,42.7,2020,3
1252,송파구,잠실7동,45.0,45.2,44.9,2020,3
1253,송파구,잠실2동,37.2,36.8,37.7,2020,3
1254,송파구,잠실3동,41.4,40.8,41.9,2020,3
1255,송파구,장지동,41.5,40.2,42.6,2020,3
1256,송파구,위례동,34.9,34.3,35.6,2020,3
1257,강동구,강일동,41.2,40.1,42.2,2020,3
1258,강동구,상일동,38.9,38.3,39.4,2020,3
1259,강동구,명일1동,41.8,40.8,42.8,2020,3
1260,강동구,명일2동,41.4,40.5,42.3,2020,3
1261,강동구,고덕1동,38.4,37.4,39.5,2020,3
1262,강동구,고덕2동,40.3,39.7,40.9,2020,3
1263,강동구,암사2동,41.8,41.2,42.4,2020,3
1264,강동구,암사3동,40.4,39.8,40.9,2020,3
1265,강동구,천호1동,45.2,44.2,46.2,2020,3
1266,강동구,천호3동,44.6,44.2,45.0,2020,3
1267,강동구,성내1동,41.9,41.0,42.8,2020,3
1268,강동구,성내2동,44.8,44.4,45.2,2020,3
1269,강동구,성내3동,43.4,41.9,44.9,2020,3
1270,강동구,둔촌1동,55.9,52.6,59.0,2020,3
1271,강동구,둔촌2동,43.1,42.1,44.0,2020,3
1272,강동구,암사1동,43.9,42.9,44.9,2020,3
1273,강동구,천호2동,44.8,44.1,45.4,2020,3
1274,강동구,길동,44.0,43.2,44.8,2020,3
1275,종로구,사직동,45.4,44.9,45.8,2020,4
1276,종로구,삼청동,48.3,46.5,49.9,2020,4
1277,종로구,부암동,44.8,43.5,46.1,2020,4
1278,종로구,평창동,44.9,43.5,46.0,2020,4
1279,종로구,무악동,43.1,43.0,43.1,2020,4
1280,종로구,교남동,42.6,41.5,43.6,2020,4
1281,종로구,가회동,46.8,45.2,48.1,2020,4
1282,종로구,종로1·2·3·4가동,51.6,51.9,51.1,2020,4
1283,종로구,종로5·6가동,47.2,47.1,47.4,2020,4
1284,종로구,이화동,44.5,43.6,45.2,2020,4
1285,종로구,창신1동,50.8,50.3,51.4,2020,4
1286,종로구,창신2동,48.4,47.1,49.9,2020,4
1287,종로구,창신3동,45.2,44.2,46.1,2020,4
1288,종로구,숭인1동,46.8,45.7,47.8,2020,4
1289,종로구,숭인2동,45.4,46.0,44.8,2020,4
1290,종로구,청운효자동,43.9,42.4,45.3,2020,4
1291,종로구,혜화동,41.8,40.8,42.7,2020,4
1292,중구,소공동,42.4,43.0,41.8,2020,4
1293,중구,회현동,52.3,53.0,51.5,2020,4
1294,중구,명동,50.1,47.5,51.9,2020,4
1295,중구,필동,46.4,45.2,47.8,2020,4
1296,중구,장충동,42.5,41.2,43.8,2020,4
1297,중구,광희동,48.1,48.3,47.9,2020,4
1298,중구,을지로동,51.8,52.8,50.2,2020,4
1299,중구,신당5동,44.6,43.9,45.3,2020,4
1300,중구,황학동,43.2,43.0,43.3,2020,4
1301,중구,중림동,43.6,43.1,44.1,2020,4
1302,중구,신당동,46.0,45.9,46.2,2020,4
1303,중구,다산동,45.5,44.2,46.7,2020,4
1304,중구,약수동,46.9,45.7,48.0,2020,4
1305,중구,청구동,45.5,44.3,46.7,2020,4
1306,중구,동화동,44.6,43.4,45.7,2020,4
1307,용산구,후암동,44.4,42.8,46.0,2020,4
1308,용산구,용산2가동,46.6,44.7,48.3,2020,4
1309,용산구,남영동,49.7,50.9,47.7,2020,4
1310,용산구,원효로2동,43.8,43.4,44.2,2020,4
1311,용산구,효창동,41.9,40.9,42.8,2020,4
1312,용산구,용문동,43.9,42.8,44.9,2020,4
1313,용산구,이촌1동,42.4,41.1,43.6,2020,4
1314,용산구,이촌2동,46.1,44.3,47.7,2020,4
1315,용산구,이태원1동,48.2,46.0,50.1,2020,4
1316,용산구,이태원2동,45.8,44.2,47.3,2020,4
1317,용산구,서빙고동,43.2,42.1,44.3,2020,4
1318,용산구,보광동,46.7,44.3,49.1,2020,4
1319,용산구,청파동,44.1,43.6,44.5,2020,4
1320,용산구,원효로1동,40.8,40.6,41.1,2020,4
1321,용산구,한강로동,44.2,44.0,44.5,2020,4
1322,용산구,한남동,44.9,43.6,46.1,2020,4
1323,성동구,왕십리2동,42.8,42.0,43.5,2020,4
1324,성동구,마장동,43.5,42.8,44.2,2020,4
1325,성동구,사근동,38.2,37.2,39.3,2020,4
1326,성동구,행당1동,42.7,42.1,43.2,2020,4
1327,성동구,행당2동,42.8,42.1,43.4,2020,4
1328,성동구,응봉동,42.6,41.5,43.6,2020,4
1329,성동구,금호1가동,43.4,42.2,44.5,2020,4
1330,성동구,금호4가동,42.7,41.4,43.9,2020,4
1331,성동구,성수1가1동,42.8,42.0,43.6,2020,4
1332,성동구,성수1가2동,42.9,42.5,43.3,2020,4
1333,성동구,성수2가1동,45.7,45.0,46.5,2020,4
1334,성동구,성수2가3동,44.2,44.2,44.3,2020,4
1335,성동구,송정동,44.9,44.3,45.5,2020,4
1336,성동구,용답동,45.9,45.9,45.9,2020,4
1337,성동구,왕십리도선동,41.7,41.0,42.3,2020,4
1338,성동구,금호2·3가동,43.7,42.4,44.9,2020,4
1339,성동구,옥수동,42.3,41.5,43.1,2020,4
1340,광진구,화양동,37.7,38.3,37.1,2020,4
1341,광진구,군자동,42.4,41.9,42.9,2020,4
1342,광진구,중곡1동,43.7,43.3,44.2,2020,4
1343,광진구,중곡2동,42.9,42.4,43.3,2020,4
1344,광진구,중곡3동,44.9,43.9,45.8,2020,4
1345,광진구,중곡4동,44.8,43.8,45.8,2020,4
1346,광진구,능동,41.7,41.5,41.9,2020,4
1347,광진구,구의1동,42.4,41.8,42.9,2020,4
1348,광진구,구의2동,43.2,42.3,44.1,2020,4
1349,광진구,구의3동,42.0,41.5,42.4,2020,4
1350,광진구,광장동,38.8,38.1,39.4,2020,4
1351,광진구,자양1동,43.1,42.3,43.8,2020,4
1352,광진구,자양2동,43.3,42.4,44.2,2020,4
1353,광진구,자양3동,41.9,41.4,42.4,2020,4
1354,광진구,자양4동,46.9,46.2,47.6,2020,4
1355,동대문구,회기동,40.4,39.5,41.2,2020,4
1356,동대문구,휘경1동,41.7,41.5,41.9,2020,4
1357,동대문구,휘경2동,42.2,41.2,43.2,2020,4
1358,동대문구,청량리동,49.9,48.5,51.4,2020,4
1359,동대문구,용신동,44.7,44.4,45.1,2020,4
1360,동대문구,제기동,46.8,45.4,48.4,2020,4
1361,동대문구,전농1동,44.8,44.0,45.5,2020,4
1362,동대문구,전농2동,44.9,43.9,45.8,2020,4
1363,동대문구,답십리2동,45.0,44.0,46.0,2020,4
1364,동대문구,장안1동,43.7,43.2,44.2,2020,4
1365,동대문구,장안2동,42.3,41.4,43.2,2020,4
1366,동대문구,이문1동,43.1,42.2,44.1,2020,4
1367,동대문구,이문2동,44.4,43.6,45.2,2020,4
1368,동대문구,답십리1동,41.6,41.0,42.1,2020,4
1369,중랑구,면목2동,45.7,45.0,46.5,2020,4
1370,중랑구,면목4동,45.8,44.5,47.0,2020,4
1371,중랑구,면목5동,42.7,42.0,43.3,2020,4
1372,중랑구,면목7동,45.7,44.7,46.8,2020,4
1373,중랑구,상봉1동,42.8,41.7,43.9,2020,4
1374,중랑구,상봉2동,43.3,43.4,43.2,2020,4
1375,중랑구,중화1동,44.2,43.3,45.1,2020,4
1376,중랑구,중화2동,47.0,46.4,47.7,2020,4
1377,중랑구,묵1동,43.2,42.4,43.9,2020,4
1378,중랑구,묵2동,44.8,44.0,45.6,2020,4
1379,중랑구,망우3동,46.5,45.8,47.1,2020,4
1380,중랑구,신내1동,43.1,41.9,44.1,2020,4
1381,중랑구,신내2동,44.8,43.4,46.1,2020,4
1382,중랑구,면목본동,45.2,44.3,46.1,2020,4
1383,중랑구,면목3·8동,46.3,45.4,47.2,2020,4
1384,중랑구,망우본동,46.5,45.7,47.2,2020,4
1385,성북구,돈암1동,45.1,44.3,45.7,2020,4
1386,성북구,돈암2동,41.6,40.5,42.5,2020,4
1387,성북구,안암동,40.7,39.5,42.0,2020,4
1388,성북구,보문동,43.1,42.1,43.9,2020,4
1389,성북구,정릉1동,42.9,41.7,44.0,2020,4
1390,성북구,정릉2동,44.5,43.3,45.7,2020,4
1391,성북구,정릉3동,45.5,43.5,47.5,2020,4
1392,성북구,정릉4동,44.6,43.2,45.9,2020,4
1393,성북구,길음1동,39.3,38.5,40.1,2020,4
1394,성북구,길음2동,42.4,41.3,43.4,2020,4
1395,성북구,월곡1동,43.5,42.8,44.1,2020,4
1396,성북구,월곡2동,43.8,43.3,44.3,2020,4
1397,성북구,장위1동,45.5,44.3,46.7,2020,4
1398,성북구,장위2동,47.4,46.3,48.4,2020,4
1399,성북구,장위3동,41.0,40.5,41.5,2020,4
1400,성북구,성북동,44.7,43.8,45.5,2020,4
1401,성북구,삼선동,43.4,42.6,44.2,2020,4
1402,성북구,동선동,40.9,42.0,40.1,2020,4
1403,성북구,종암동,43.2,41.8,44.7,2020,4
1404,성북구,석관동,45.5,44.6,46.3,2020,4
1405,강북구,번1동,45.6,44.7,46.4,2020,4
1406,강북구,번2동,48.1,46.0,50.0,2020,4
1407,강북구,번3동,48.3,46.2,50.1,2020,4
1408,강북구,수유1동,46.5,45.3,47.7,2020,4
1409,강북구,수유2동,47.0,45.5,48.3,2020,4
1410,강북구,수유3동,46.1,45.2,46.9,2020,4
1411,강북구,삼양동,46.0,44.8,47.1,2020,4
1412,강북구,미아동,46.3,45.6,46.9,2020,4
1413,강북구,송중동,45.8,44.9,46.6,2020,4
1414,강북구,송천동,48.0,46.9,49.1,2020,4
1415,강북구,삼각산동,40.9,39.7,42.0,2020,4
1416,강북구,우이동,47.3,46.0,48.5,2020,4
1417,강북구,인수동,47.1,45.8,48.3,2020,4
1418,도봉구,쌍문1동,46.0,45.2,46.7,2020,4
1419,도봉구,쌍문2동,45.9,44.4,47.4,2020,4
1420,도봉구,쌍문3동,46.1,45.0,47.1,2020,4
1421,도봉구,쌍문4동,43.5,42.3,44.5,2020,4
1422,도봉구,방학1동,46.0,45.3,46.7,2020,4
1423,도봉구,방학2동,47.0,45.7,48.3,2020,4
1424,도봉구,방학3동,44.2,42.4,46.0,2020,4
1425,도봉구,창1동,44.3,43.1,45.4,2020,4
1426,도봉구,창2동,44.3,43.3,45.3,2020,4
1427,도봉구,창3동,46.2,44.9,47.5,2020,4
1428,도봉구,창4동,43.3,42.2,44.3,2020,4
1429,도봉구,창5동,44.1,43.1,45.1,2020,4
1430,도봉구,도봉1동,49.5,48.3,50.7,2020,4
1431,도봉구,도봉2동,47.2,46.2,48.2,2020,4
1432,노원구,월계1동,44.4,43.0,45.9,2020,4
1433,노원구,월계2동,45.9,44.2,47.5,2020,4
1434,노원구,월계3동,44.9,43.4,46.2,2020,4
1435,노원구,공릉2동,40.6,39.8,41.4,2020,4
1436,노원구,하계1동,43.4,41.0,45.5,2020,4
1437,노원구,하계2동,41.9,40.4,43.2,2020,4
1438,노원구,중계본동,39.7,38.9,40.5,2020,4
1439,노원구,중계1동,38.0,36.8,39.2,2020,4
1440,노원구,중계4동,44.7,42.8,46.5,2020,4
1441,노원구,상계1동,44.7,43.5,45.7,2020,4
1442,노원구,상계2동,44.1,43.5,44.7,2020,4
1443,노원구,상계5동,46.3,44.9,47.7,2020,4
1444,노원구,상계8동,39.3,38.1,40.5,2020,4
1445,노원구,상계9동,43.1,41.4,44.6,2020,4
1446,노원구,상계10동,42.6,41.4,43.6,2020,4
1447,노원구,상계3·4동,47.2,45.7,48.7,2020,4
1448,노원구,상계6·7동,42.3,40.8,43.7,2020,4
1449,노원구,중계2·3동,45.4,43.4,47.2,2020,4
1450,노원구,공릉1동,43.5,42.5,44.4,2020,4
1451,은평구,녹번동,44.6,43.6,45.4,2020,4
1452,은평구,불광1동,45.5,44.2,46.7,2020,4
1453,은평구,갈현1동,45.6,44.3,46.9,2020,4
1454,은평구,갈현2동,44.0,42.9,44.9,2020,4
1455,은평구,구산동,45.0,44.8,45.2,2020,4
1456,은평구,대조동,44.7,44.1,45.3,2020,4
1457,은평구,응암1동,42.5,41.4,43.5,2020,4
1458,은평구,응암2동,40.4,39.3,41.5,2020,4
1459,은평구,신사1동,44.3,43.2,45.4,2020,4
1460,은평구,신사2동,45.0,43.7,46.3,2020,4
1461,은평구,증산동,45.9,45.1,46.7,2020,4
1462,은평구,수색동,45.1,43.8,46.4,2020,4
1463,은평구,진관동,41.0,40.2,41.7,2020,4
1464,은평구,불광2동,46.6,45.4,47.7,2020,4
1465,은평구,응암3동,47.3,45.7,48.7,2020,4
1466,은평구,역촌동,44.5,43.4,45.4,2020,4
1467,서대문구,천연동,44.5,43.2,45.6,2020,4
1468,서대문구,홍제1동,44.8,43.6,45.8,2020,4
1469,서대문구,홍제3동,47.2,45.6,48.6,2020,4
1470,서대문구,홍제2동,45.6,44.1,46.9,2020,4
1471,서대문구,홍은1동,45.4,44.2,46.5,2020,4
1472,서대문구,홍은2동,45.1,43.7,46.3,2020,4
1473,서대문구,남가좌1동,39.8,39.3,40.3,2020,4
1474,서대문구,남가좌2동,42.1,41.2,43.0,2020,4
1475,서대문구,북가좌1동,42.7,41.6,43.6,2020,4
1476,서대문구,북가좌2동,45.3,44.1,46.5,2020,4
1477,서대문구,충현동,43.9,43.1,44.7,2020,4
1478,서대문구,북아현동,42.0,41.1,42.8,2020,4
1479,서대문구,신촌동,38.0,38.4,37.6,2020,4
1480,서대문구,연희동,43.1,42.0,44.2,2020,4
1481,마포구,용강동,40.8,40.3,41.2,2020,4
1482,마포구,대흥동,41.9,41.3,42.6,2020,4
1483,마포구,염리동,41.4,40.6,42.3,2020,4
1484,마포구,신수동,42.0,40.9,43.1,2020,4
1485,마포구,서교동,41.6,41.5,41.6,2020,4
1486,마포구,합정동,41.8,41.1,42.5,2020,4
1487,마포구,망원1동,43.4,42.5,44.1,2020,4
1488,마포구,망원2동,42.9,42.1,43.6,2020,4
1489,마포구,연남동,43.0,42.1,43.8,2020,4
1490,마포구,성산1동,42.9,42.2,43.5,2020,4
1491,마포구,성산2동,42.0,41.1,42.6,2020,4
1492,마포구,상암동,39.9,39.2,40.5,2020,4
1493,마포구,도화동,43.8,42.4,45.0,2020,4
1494,마포구,서강동,40.9,40.2,41.5,2020,4
1495,마포구,공덕동,43.3,42.6,44.0,2020,4
1496,마포구,아현동,40.6,40.2,41.0,2020,4
1497,양천구,목1동,38.6,38.2,38.9,2020,4
1498,양천구,목2동,42.1,41.2,43.0,2020,4
1499,양천구,목3동,42.9,41.6,44.1,2020,4
1500,양천구,목4동,41.2,40.1,42.2,2020,4
1501,양천구,신월1동,46.6,45.7,47.5,2020,4
1502,양천구,신월2동,44.1,43.2,45.0,2020,4
1503,양천구,신월3동,45.7,45.0,46.5,2020,4
1504,양천구,신월4동,43.4,42.3,44.5,2020,4
1505,양천구,신월5동,43.4,42.4,44.4,2020,4
1506,양천구,신월6동,40.2,39.4,41.0,2020,4
1507,양천구,신월7동,46.6,45.0,48.2,2020,4
1508,양천구,신정1동,40.2,39.4,40.9,2020,4
1509,양천구,신정2동,41.3,40.5,42.1,2020,4
1510,양천구,신정3동,42.2,41.1,43.2,2020,4
1511,양천구,신정6동,39.5,38.9,40.1,2020,4
1512,양천구,신정7동,43.3,41.9,44.6,2020,4
1513,양천구,목5동,38.9,38.0,39.8,2020,4
1514,양천구,신정4동,44.3,43.5,45.0,2020,4
1515,강서구,염창동,38.9,38.4,39.3,2020,4
1516,강서구,등촌1동,40.4,40.0,40.8,2020,4
1517,강서구,등촌2동,42.7,41.6,43.8,2020,4
1518,강서구,등촌3동,46.5,44.6,48.1,2020,4
1519,강서구,화곡본동,41.7,40.6,42.8,2020,4
1520,강서구,화곡2동,43.0,41.9,44.0,2020,4
1521,강서구,화곡3동,44.4,43.5,45.2,2020,4
1522,강서구,화곡4동,44.7,43.4,46.0,2020,4
1523,강서구,화곡6동,43.4,42.5,44.3,2020,4
1524,강서구,화곡8동,44.0,42.9,45.0,2020,4
1525,강서구,가양1동,38.8,39.5,38.2,2020,4
1526,강서구,가양2동,50.3,49.0,51.4,2020,4
1527,강서구,가양3동,47.5,45.5,49.2,2020,4
1528,강서구,발산1동,40.0,39.0,40.9,2020,4
1529,강서구,공항동,41.4,40.8,42.1,2020,4
1530,강서구,방화1동,41.5,40.9,42.0,2020,4
1531,강서구,방화2동,46.1,44.8,47.3,2020,4
1532,강서구,방화3동,46.5,44.9,48.0,2020,4
1533,강서구,화곡1동,43.2,42.6,43.7,2020,4
1534,강서구,우장산동,40.4,40.1,40.7,2020,4
1535,구로구,신도림동,40.1,39.7,40.5,2020,4
1536,구로구,구로1동,40.2,39.5,40.9,2020,4
1537,구로구,구로3동,42.0,41.2,42.8,2020,4
1538,구로구,구로4동,47.2,46.3,48.1,2020,4
1539,구로구,구로5동,43.0,42.8,43.2,2020,4
1540,구로구,고척1동,44.6,43.6,45.6,2020,4
1541,구로구,고척2동,44.7,43.9,45.4,2020,4
1542,구로구,개봉2동,45.0,44.1,45.8,2020,4
1543,구로구,개봉3동,45.9,44.8,46.9,2020,4
1544,구로구,오류1동,43.5,43.2,43.8,2020,4
1545,구로구,수궁동,44.4,43.2,45.7,2020,4
1546,구로구,가리봉동,48.9,47.9,50.0,2020,4
1547,구로구,구로2동,48.3,47.0,49.7,2020,4
1548,구로구,개봉1동,44.6,44.0,45.3,2020,4
1549,구로구,오류2동,42.8,41.8,43.8,2020,4
1550,구로구,항동,36.1,35.4,36.7,2020,4
1551,금천구,가산동,40.6,41.1,39.9,2020,4
1552,금천구,독산1동,41.4,40.9,42.0,2020,4
1553,금천구,독산2동,45.8,44.9,46.6,2020,4
1554,금천구,독산3동,46.0,45.2,46.8,2020,4
1555,금천구,독산4동,46.3,45.6,47.0,2020,4
1556,금천구,시흥1동,44.9,43.9,46.0,2020,4
1557,금천구,시흥2동,44.6,43.7,45.5,2020,4
1558,금천구,시흥3동,46.9,45.9,47.9,2020,4
1559,금천구,시흥4동,46.0,45.1,46.9,2020,4
1560,금천구,시흥5동,47.1,45.7,48.4,2020,4
1561,영등포구,여의동,43.5,42.9,44.0,2020,4
1562,영등포구,당산1동,43.4,43.0,43.8,2020,4
1563,영등포구,당산2동,40.2,40.0,40.3,2020,4
1564,영등포구,양평1동,40.9,40.2,41.6,2020,4
1565,영등포구,양평2동,40.0,39.6,40.4,2020,4
1566,영등포구,신길1동,45.1,44.1,46.2,2020,4
1567,영등포구,신길3동,44.7,43.5,45.7,2020,4
1568,영등포구,신길4동,44.8,43.6,46.0,2020,4
1569,영등포구,신길5동,44.7,43.5,45.8,2020,4
1570,영등포구,신길6동,44.1,43.1,45.0,2020,4
1571,영등포구,신길7동,40.0,39.1,41.0,2020,4
1572,영등포구,대림1동,45.9,44.6,47.3,2020,4
1573,영등포구,대림2동,47.8,46.6,48.9,2020,4
1574,영등포구,대림3동,45.8,44.9,46.8,2020,4
1575,영등포구,영등포본동,45.1,44.3,45.9,2020,4
1576,영등포구,영등포동,41.3,42.4,40.0,2020,4
1577,영등포구,도림동,44.8,44.1,45.5,2020,4
1578,영등포구,문래동,40.6,40.0,41.1,2020,4
1579,동작구,노량진2동,47.1,45.8,48.5,2020,4
1580,동작구,상도1동,41.7,40.6,42.7,2020,4
1581,동작구,상도2동,42.4,41.4,43.2,2020,4
1582,동작구,상도3동,44.0,43.1,44.9,2020,4
1583,동작구,상도4동,43.8,42.6,44.9,2020,4
1584,동작구,사당1동,43.2,42.8,43.5,2020,4
1585,동작구,사당3동,43.2,42.6,43.8,2020,4
1586,동작구,사당4동,44.4,43.3,45.4,2020,4
1587,동작구,사당5동,42.5,41.4,43.6,2020,4
1588,동작구,대방동,41.6,40.8,42.3,2020,4
1589,동작구,신대방1동,42.5,41.9,43.1,2020,4
1590,동작구,신대방2동,41.5,41.1,41.9,2020,4
1591,동작구,흑석동,43.8,42.4,45.1,2020,4
1592,동작구,노량진1동,43.7,42.3,45.1,2020,4
1593,동작구,사당2동,44.9,43.7,45.9,2020,4
1594,관악구,보라매동,43.9,42.9,44.9,2020,4
1595,관악구,청림동,43.4,41.9,44.9,2020,4
1596,관악구,행운동,41.5,41.1,41.9,2020,4
1597,관악구,낙성대동,38.6,38.3,39.0,2020,4
1598,관악구,중앙동,42.0,42.0,42.0,2020,4
1599,관악구,인헌동,42.0,41.3,42.7,2020,4
1600,관악구,남현동,42.1,41.6,42.6,2020,4
1601,관악구,서원동,41.7,40.8,42.6,2020,4
1602,관악구,신원동,43.6,42.4,44.8,2020,4
1603,관악구,서림동,42.3,41.2,43.6,2020,4
1604,관악구,신사동,42.4,41.7,43.1,2020,4
1605,관악구,신림동,37.7,37.8,37.5,2020,4
1606,관악구,난향동,43.9,43.1,44.7,2020,4
1607,관악구,조원동,42.8,42.9,42.8,2020,4
1608,관악구,대학동,41.3,40.6,42.3,2020,4
1609,관악구,은천동,43.1,42.1,44.0,2020,4
1610,관악구,성현동,43.6,42.2,44.9,2020,4
1611,관악구,청룡동,39.7,39.8,39.6,2020,4
1612,관악구,난곡동,45.6,44.4,46.8,2020,4
1613,관악구,삼성동,48.8,46.9,50.6,2020,4
1614,관악구,미성동,44.4,43.7,45.2,2020,4
1615,서초구,서초1동,41.6,41.0,42.2,2020,4
1616,서초구,서초2동,40.0,39.7,40.2,2020,4
1617,서초구,서초3동,42.2,41.5,42.9,2020,4
1618,서초구,서초4동,40.0,39.5,40.4,2020,4
1619,서초구,잠원동,40.5,39.8,41.2,2020,4
1620,서초구,반포본동,42.7,42.1,43.3,2020,4
1621,서초구,반포1동,39.0,38.7,39.3,2020,4
1622,서초구,반포2동,38.4,37.7,39.0,2020,4
1623,서초구,반포3동,40.5,39.4,41.4,2020,4
1624,서초구,반포4동,41.3,40.4,42.1,2020,4
1625,서초구,방배본동,41.6,41.2,41.9,2020,4
1626,서초구,방배1동,42.8,42.0,43.5,2020,4
1627,서초구,방배2동,43.9,43.0,44.7,2020,4
1628,서초구,방배3동,44.0,43.2,44.7,2020,4
1629,서초구,방배4동,41.5,41.3,41.6,2020,4
1630,서초구,양재1동,41.6,40.5,42.7,2020,4
1631,서초구,양재2동,41.7,40.9,42.5,2020,4
1632,서초구,내곡동,42.6,41.9,43.4,2020,4
1633,강남구,신사동,43.4,42.8,44.0,2020,4
1634,강남구,논현1동,42.1,42.0,42.3,2020,4
1635,강남구,논현2동,42.4,42.0,42.8,2020,4
1636,강남구,삼성1동,42.7,41.4,44.0,2020,4
1637,강남구,삼성2동,39.6,38.6,40.4,2020,4
1638,강남구,대치1동,37.6,36.6,38.6,2020,4
1639,강남구,대치4동,40.2,39.5,40.9,2020,4
1640,강남구,역삼1동,40.7,41.0,40.5,2020,4
1641,강남구,역삼2동,38.2,38.2,38.2,2020,4
1642,강남구,도곡1동,41.1,41.2,40.9,2020,4
1643,강남구,도곡2동,40.6,40.9,40.3,2020,4
1644,강남구,개포1동,47.1,46.4,47.7,2020,4
1645,강남구,개포4동,41.8,41.0,42.5,2020,4
1646,강남구,일원본동,39.8,38.1,41.5,2020,4
1647,강남구,일원1동,45.7,43.9,47.5,2020,4
1648,강남구,일원2동,43.5,40.9,45.8,2020,4
1649,강남구,수서동,50.6,48.2,52.6,2020,4
1650,강남구,세곡동,40.7,39.9,41.5,2020,4
1651,강남구,압구정동,43.3,43.0,43.6,2020,4
1652,강남구,청담동,41.6,40.8,42.3,2020,4
1653,강남구,대치2동,40.8,39.4,42.1,2020,4
1654,강남구,개포2동,41.7,41.2,42.2,2020,4
1655,송파구,풍납1동,46.6,45.2,48.0,2020,4
1656,송파구,풍납2동,41.7,41.4,42.1,2020,4
1657,송파구,거여1동,44.8,44.0,45.7,2020,4
1658,송파구,거여2동,44.6,43.3,45.8,2020,4
1659,송파구,마천1동,46.8,45.9,47.8,2020,4
1660,송파구,마천2동,47.2,46.1,48.3,2020,4
1661,송파구,방이1동,41.5,40.8,42.2,2020,4
1662,송파구,방이2동,41.9,41.5,42.2,2020,4
1663,송파구,오륜동,41.3,40.3,42.3,2020,4
1664,송파구,오금동,43.1,42.0,44.2,2020,4
1665,송파구,송파1동,42.0,41.7,42.3,2020,4
1666,송파구,송파2동,41.8,41.3,42.2,2020,4
1667,송파구,석촌동,42.2,41.8,42.6,2020,4
1668,송파구,삼전동,41.8,41.0,42.5,2020,4
1669,송파구,가락본동,42.8,42.3,43.2,2020,4
1670,송파구,가락1동,39.2,38.4,39.9,2020,4
1671,송파구,가락2동,40.9,40.1,41.7,2020,4
1672,송파구,문정1동,42.5,41.8,43.1,2020,4
1673,송파구,문정2동,41.2,41.5,40.9,2020,4
1674,송파구,잠실본동,42.0,41.6,42.2,2020,4
1675,송파구,잠실4동,39.3,38.6,39.9,2020,4
1676,송파구,잠실6동,42.4,42.0,42.8,2020,4
1677,송파구,잠실7동,45.2,45.4,45.1,2020,4
1678,송파구,잠실2동,37.5,37.1,37.9,2020,4
1679,송파구,잠실3동,41.5,40.9,42.0,2020,4
1680,송파구,장지동,41.6,40.4,42.8,2020,4
1681,송파구,위례동,35.0,34.3,35.7,2020,4
1682,강동구,강일동,41.2,40.1,42.2,2020,4
1683,강동구,상일동,39.0,38.5,39.5,2020,4
1684,강동구,명일1동,42.0,41.0,42.9,2020,4
1685,강동구,명일2동,41.5,40.5,42.4,2020,4
1686,강동구,고덕1동,38.6,37.5,39.7,2020,4
1687,강동구,고덕2동,40.1,39.5,40.7,2020,4
1688,강동구,암사2동,41.9,41.2,42.6,2020,4
1689,강동구,암사3동,40.5,39.9,41.0,2020,4
1690,강동구,천호1동,45.4,44.3,46.3,2020,4
1691,강동구,천호3동,44.8,44.4,45.1,2020,4
1692,강동구,성내1동,42.0,41.1,42.8,2020,4
1693,강동구,성내2동,44.8,44.4,45.2,2020,4
1694,강동구,성내3동,43.6,42.0,45.1,2020,4
1695,강동구,둔촌1동,57.0,53.9,59.8,2020,4
1696,강동구,둔촌2동,43.2,42.2,44.2,2020,4
1697,강동구,암사1동,44.2,43.1,45.2,2020,4
1698,강동구,천호2동,44.9,44.3,45.6,2020,4
1699,강동구,길동,44.1,43.3,44.9,2020,4
