,기간,자치구,행정동,전체평균연령,남자_전체평균연령,여자_전체평균연령,년도,분기
0,2020.1/4,종로구,사직동,45.0,44.4,45.5,2020,1
1,2020.1/4,종로구,삼청동,47.6,45.8,49.3,2020,1
2,2020.1/4,종로구,부암동,44.4,43.0,45.6,2020,1
3,2020.1/4,종로구,평창동,44.5,43.1,45.8,2020,1
4,2020.1/4,종로구,무악동,42.6,42.5,42.7,2020,1
5,2020.1/4,종로구,교남동,42.1,41.1,43.1,2020,1
6,2020.1/4,종로구,가회동,46.6,45.2,47.7,2020,1
7,2020.1/4,종로구,종로1·2·3·4가동,51.6,52.0,51.0,2020,1
8,2020.1/4,종로구,종로5·6가동,47.0,46.7,47.4,2020,1
9,2020.1/4,종로구,이화동,44.0,43.3,44.6,2020,1
10,2020.1/4,종로구,창신1동,50.5,49.9,51.1,2020,1
11,2020.1/4,종로구,창신2동,47.8,46.4,49.3,2020,1
12,2020.1/4,종로구,창신3동,44.7,43.7,45.6,2020,1
13,2020.1/4,종로구,숭인1동,46.2,45.2,47.1,2020,1
14,2020.1/4,종로구,숭인2동,45.8,46.4,45.1,2020,1
15,2020.1/4,종로구,청운효자동,43.5,42.0,44.7,2020,1
16,2020.1/4,종로구,혜화동,41.4,40.3,42.4,2020,1
17,2020.1/4,중구,소공동,41.9,42.7,41.2,2020,1
18,2020.1/4,중구,회현동,51.8,52.5,51.0,2020,1
19,2020.1/4,중구,명동,49.8,47.6,51.4,2020,1
20,2020.1/4,중구,필동,46.5,45.1,47.9,2020,1
21,2020.1/4,중구,장충동,42.4,41.2,43.7,2020,1
22,2020.1/4,중구,광희동,48.8,48.5,49.1,2020,1
23,2020.1/4,중구,을지로동,51.3,52.1,50.1,2020,1
24,2020.1/4,중구,신당5동,44.1,43.3,44.8,2020,1
25,2020.1/4,중구,황학동,42.8,42.6,43.1,2020,1
26,2020.1/4,중구,중림동,43.1,42.6,43.7,2020,1
27,2020.1/4,중구,신당동,46.0,46.0,46.0,2020,1
28,2020.1/4,중구,다산동,45.0,43.7,46.3,2020,1
29,2020.1/4,중구,약수동,46.2,45.1,47.3,2020,1
30,2020.1/4,중구,청구동,45.0,43.6,46.3,2020,1
31,2020.1/4,중구,동화동,43.9,42.7,44.9,2020,1
32,2020.1/4,용산구,후암동,44.1,42.3,45.7,2020,1
33,2020.1/4,용산구,용산2가동,45.8,44.0,47.5,2020,1
34,2020.1/4,용산구,남영동,49.3,50.6,47.3,2020,1
35,2020.1/4,용산구,원효로2동,43.3,42.9,43.7,2020,1
36,2020.1/4,용산구,효창동,41.7,40.6,42.6,2020,1
37,2020.1/4,용산구,용문동,43.5,42.3,44.6,2020,1
38,2020.1/4,용산구,이촌1동,42.0,40.7,43.1,2020,1
39,2020.1/4,용산구,이촌2동,45.8,43.9,47.5,2020,1
40,2020.1/4,용산구,이태원1동,48.0,45.9,49.9,2020,1
41,2020.1/4,용산구,이태원2동,45.7,44.0,47.2,2020,1
42,2020.1/4,용산구,서빙고동,42.8,41.7,43.9,2020,1
43,2020.1/4,용산구,보광동,46.5,44.1,48.7,2020,1
44,2020.1/4,용산구,청파동,43.8,43.3,44.3,2020,1
45,2020.1/4,용산구,원효로1동,40.6,40.4,40.9,2020,1
46,2020.1/4,용산구,한강로동,44.4,44.1,44.7,2020,1
47,2020.1/4,용산구,한남동,44.7,43.4,45.9,2020,1
48,2020.1/4,성동구,왕십리2동,42.5,41.7,43.3,2020,1
49,2020.1/4,성동구,마장동,43.1,42.3,43.8,2020,1
50,2020.1/4,성동구,사근동,38.2,37.1,39.4,2020,1
51,2020.1/4,성동구,행당1동,42.8,42.2,43.3,2020,1
52,2020.1/4,성동구,행당2동,42.2,41.6,42.7,2020,1
53,2020.1/4,성동구,응봉동,42.2,41.2,43.2,2020,1
54,2020.1/4,성동구,금호1가동,42.7,41.5,43.7,2020,1
55,2020.1/4,성동구,금호4가동,42.4,41.1,43.5,2020,1
56,2020.1/4,성동구,성수1가1동,42.4,41.7,43.1,2020,1
57,2020.1/4,성동구,성수1가2동,42.5,41.9,43.0,2020,1
58,2020.1/4,성동구,성수2가1동,45.1,44.3,46.0,2020,1
59,2020.1/4,성동구,성수2가3동,43.7,43.7,43.7,2020,1
60,2020.1/4,성동구,송정동,44.5,43.9,45.1,2020,1
61,2020.1/4,성동구,용답동,45.7,45.5,45.9,2020,1
62,2020.1/4,성동구,왕십리도선동,41.3,40.7,41.8,2020,1
63,2020.1/4,성동구,금호2·3가동,43.3,42.1,44.4,2020,1
64,2020.1/4,성동구,옥수동,41.9,41.0,42.7,2020,1
65,2020.1/4,광진구,화양동,37.7,38.3,37.1,2020,1
66,2020.1/4,광진구,군자동,42.3,41.7,43.0,2020,1
67,2020.1/4,광진구,중곡1동,43.6,43.0,44.1,2020,1
68,2020.1/4,광진구,중곡2동,42.5,41.9,43.0,2020,1
69,2020.1/4,광진구,중곡3동,44.4,43.5,45.4,2020,1
70,2020.1/4,광진구,중곡4동,44.1,43.1,45.2,2020,1
71,2020.1/4,광진구,능동,41.6,41.3,41.9,2020,1
72,2020.1/4,광진구,구의1동,42.0,41.5,42.5,2020,1
73,2020.1/4,광진구,구의2동,42.8,41.9,43.6,2020,1
74,2020.1/4,광진구,구의3동,41.5,41.0,42.0,2020,1
75,2020.1/4,광진구,광장동,38.4,37.7,39.0,2020,1
76,2020.1/4,광진구,자양1동,42.7,41.9,43.5,2020,1
77,2020.1/4,광진구,자양2동,42.7,41.7,43.6,2020,1
78,2020.1/4,광진구,자양3동,41.5,40.9,42.0,2020,1
79,2020.1/4,광진구,자양4동,46.5,45.8,47.1,2020,1
80,2020.1/4,동대문구,회기동,40.3,39.5,41.1,2020,1
81,2020.1/4,동대문구,휘경1동,42.5,42.1,43.0,2020,1
82,2020.1/4,동대문구,휘경2동,41.9,40.9,42.9,2020,1
83,2020.1/4,동대문구,청량리동,49.2,47.8,50.6,2020,1
84,2020.1/4,동대문구,용신동,44.6,44.2,45.1,2020,1
85,2020.1/4,동대문구,제기동,46.6,45.2,48.1,2020,1
86,2020.1/4,동대문구,전농1동,44.3,43.6,45.1,2020,1
87,2020.1/4,동대문구,전농2동,44.4,43.5,45.2,2020,1
88,2020.1/4,동대문구,답십리2동,44.5,43.5,45.5,2020,1
89,2020.1/4,동대문구,장안1동,43.4,42.9,43.9,2020,1
90,2020.1/4,동대문구,장안2동,41.9,40.9,42.9,2020,1
91,2020.1/4,동대문구,이문1동,42.9,41.9,43.9,2020,1
92,2020.1/4,동대문구,이문2동,43.9,43.1,44.7,2020,1
93,2020.1/4,동대문구,답십리1동,41.2,40.6,41.7,2020,1
94,2020.1/4,중랑구,면목2동,45.2,44.3,46.0,2020,1
95,2020.1/4,중랑구,면목4동,45.1,43.9,46.3,2020,1
96,2020.1/4,중랑구,면목5동,45.1,44.5,45.8,2020,1
97,2020.1/4,중랑구,면목7동,45.3,44.3,46.3,2020,1
98,2020.1/4,중랑구,상봉1동,42.3,41.3,43.3,2020,1
99,2020.1/4,중랑구,상봉2동,43.2,43.2,43.2,2020,1
100,2020.1/4,중랑구,중화1동,43.8,42.8,44.7,2020,1
101,2020.1/4,중랑구,중화2동,46.5,45.9,47.1,2020,1
102,2020.1/4,중랑구,묵1동,42.6,41.9,43.3,2020,1
103,2020.1/4,중랑구,묵2동,44.3,43.4,45.1,2020,1
104,2020.1/4,중랑구,망우3동,45.8,45.1,46.4,2020,1
105,2020.1/4,중랑구,신내1동,42.5,41.4,43.6,2020,1
106,2020.1/4,중랑구,신내2동,44.2,42.8,45.5,2020,1
107,2020.1/4,중랑구,면목본동,44.7,43.8,45.7,2020,1
108,2020.1/4,중랑구,면목3·8동,45.7,44.8,46.6,2020,1
109,2020.1/4,중랑구,망우본동,46.0,45.2,46.8,2020,1
110,2020.1/4,성북구,돈암1동,44.4,43.8,45.1,2020,1
111,2020.1/4,성북구,돈암2동,41.1,40.1,42.1,2020,1
112,2020.1/4,성북구,안암동,40.6,39.3,42.0,2020,1
113,2020.1/4,성북구,보문동,42.6,41.6,43.5,2020,1
114,2020.1/4,성북구,정릉1동,42.4,41.3,43.5,2020,1
115,2020.1/4,성북구,정릉2동,44.2,42.9,45.5,2020,1
116,2020.1/4,성북구,정릉3동,45.2,43.1,47.3,2020,1
117,2020.1/4,성북구,정릉4동,44.1,42.8,45.3,2020,1
118,2020.1/4,성북구,길음1동,39.0,38.1,39.8,2020,1
119,2020.1/4,성북구,길음2동,42.0,41.0,43.0,2020,1
120,2020.1/4,성북구,월곡1동,43.1,42.4,43.7,2020,1
121,2020.1/4,성북구,월곡2동,43.4,42.9,43.9,2020,1
122,2020.1/4,성북구,장위1동,45.2,43.9,46.3,2020,1
123,2020.1/4,성북구,장위2동,47.4,46.3,48.5,2020,1
124,2020.1/4,성북구,장위3동,41.1,40.6,41.6,2020,1
125,2020.1/4,성북구,성북동,44.5,43.6,45.2,2020,1
126,2020.1/4,성북구,삼선동,43.0,42.1,43.8,2020,1
127,2020.1/4,성북구,동선동,40.7,41.6,40.0,2020,1
128,2020.1/4,성북구,종암동,42.8,41.4,44.2,2020,1
129,2020.1/4,성북구,석관동,45.1,44.2,46.0,2020,1
130,2020.1/4,강북구,번1동,45.1,44.3,45.9,2020,1
131,2020.1/4,강북구,번2동,47.5,45.5,49.4,2020,1
132,2020.1/4,강북구,번3동,47.5,45.5,49.2,2020,1
133,2020.1/4,강북구,수유1동,46.0,44.8,47.1,2020,1
134,2020.1/4,강북구,수유2동,46.4,45.0,47.7,2020,1
135,2020.1/4,강북구,수유3동,45.7,44.7,46.6,2020,1
136,2020.1/4,강북구,삼양동,45.5,44.4,46.5,2020,1
137,2020.1/4,강북구,미아동,45.9,45.1,46.5,2020,1
138,2020.1/4,강북구,송중동,45.4,44.4,46.2,2020,1
139,2020.1/4,강북구,송천동,47.3,46.2,48.4,2020,1
140,2020.1/4,강북구,삼각산동,40.4,39.2,41.5,2020,1
141,2020.1/4,강북구,우이동,46.7,45.4,47.9,2020,1
142,2020.1/4,강북구,인수동,46.5,45.2,47.6,2020,1
143,2020.1/4,도봉구,쌍문1동,45.5,44.6,46.3,2020,1
144,2020.1/4,도봉구,쌍문2동,45.4,43.8,46.9,2020,1
145,2020.1/4,도봉구,쌍문3동,45.5,44.5,46.4,2020,1
146,2020.1/4,도봉구,쌍문4동,42.8,41.6,43.9,2020,1
147,2020.1/4,도봉구,방학1동,45.4,44.7,46.1,2020,1
148,2020.1/4,도봉구,방학2동,46.4,45.2,47.6,2020,1
149,2020.1/4,도봉구,방학3동,43.6,41.9,45.3,2020,1
150,2020.1/4,도봉구,창1동,43.8,42.6,45.0,2020,1
151,2020.1/4,도봉구,창2동,43.7,42.8,44.7,2020,1
152,2020.1/4,도봉구,창3동,45.5,44.3,46.7,2020,1
153,2020.1/4,도봉구,창4동,42.8,41.8,43.8,2020,1
154,2020.1/4,도봉구,창5동,43.8,42.8,44.7,2020,1
155,2020.1/4,도봉구,도봉1동,48.9,47.7,50.0,2020,1
156,2020.1/4,도봉구,도봉2동,46.7,45.7,47.6,2020,1
157,2020.1/4,노원구,월계1동,43.9,42.5,45.4,2020,1
158,2020.1/4,노원구,월계2동,45.4,43.6,47.0,2020,1
159,2020.1/4,노원구,월계3동,44.2,42.7,45.6,2020,1
160,2020.1/4,노원구,공릉2동,40.2,39.5,40.9,2020,1
161,2020.1/4,노원구,하계1동,42.6,40.3,44.8,2020,1
162,2020.1/4,노원구,하계2동,41.3,40.0,42.6,2020,1
163,2020.1/4,노원구,중계본동,39.5,38.8,40.3,2020,1
164,2020.1/4,노원구,중계1동,37.7,36.5,38.9,2020,1
165,2020.1/4,노원구,중계4동,44.2,42.1,46.0,2020,1
166,2020.1/4,노원구,상계1동,44.1,43.0,45.2,2020,1
167,2020.1/4,노원구,상계2동,43.7,43.0,44.3,2020,1
168,2020.1/4,노원구,상계5동,45.8,44.4,47.2,2020,1
169,2020.1/4,노원구,상계8동,38.8,37.5,40.0,2020,1
170,2020.1/4,노원구,상계9동,42.6,40.8,44.2,2020,1
171,2020.1/4,노원구,상계10동,42.4,41.1,43.5,2020,1
172,2020.1/4,노원구,상계3·4동,46.8,45.3,48.3,2020,1
173,2020.1/4,노원구,상계6·7동,41.8,40.3,43.0,2020,1
174,2020.1/4,노원구,중계2·3동,44.8,42.7,46.7,2020,1
175,2020.1/4,노원구,공릉1동,43.0,42.0,44.0,2020,1
176,2020.1/4,은평구,녹번동,44.1,43.1,45.1,2020,1
177,2020.1/4,은평구,불광1동,45.0,43.7,46.2,2020,1
178,2020.1/4,은평구,갈현1동,44.9,43.7,46.1,2020,1
179,2020.1/4,은평구,갈현2동,43.4,42.4,44.2,2020,1
180,2020.1/4,은평구,구산동,44.5,44.4,44.6,2020,1
181,2020.1/4,은평구,대조동,44.5,43.7,45.1,2020,1
182,2020.1/4,은평구,응암1동,43.1,41.8,44.2,2020,1
183,2020.1/4,은평구,응암2동,40.5,39.3,41.6,2020,1
184,2020.1/4,은평구,신사1동,43.8,42.7,44.9,2020,1
185,2020.1/4,은평구,신사2동,44.3,43.0,45.6,2020,1
186,2020.1/4,은평구,증산동,45.5,44.5,46.5,2020,1
187,2020.1/4,은평구,수색동,46.4,44.9,47.9,2020,1
188,2020.1/4,은평구,진관동,40.4,39.6,41.1,2020,1
189,2020.1/4,은평구,불광2동,46.0,44.8,47.1,2020,1
190,2020.1/4,은평구,응암3동,46.8,45.3,48.3,2020,1
191,2020.1/4,은평구,역촌동,43.8,42.7,44.7,2020,1
192,2020.1/4,서대문구,천연동,44.1,42.7,45.3,2020,1
193,2020.1/4,서대문구,홍제1동,44.2,43.0,45.2,2020,1
194,2020.1/4,서대문구,홍제3동,46.6,45.1,48.0,2020,1
195,2020.1/4,서대문구,홍제2동,45.1,43.6,46.4,2020,1
196,2020.1/4,서대문구,홍은1동,45.2,44.0,46.4,2020,1
197,2020.1/4,서대문구,홍은2동,44.6,43.3,45.8,2020,1
198,2020.1/4,서대문구,남가좌1동,39.5,39.0,40.1,2020,1
199,2020.1/4,서대문구,남가좌2동,41.9,41.0,42.7,2020,1
200,2020.1/4,서대문구,북가좌1동,42.3,41.1,43.3,2020,1
201,2020.1/4,서대문구,북가좌2동,44.7,43.6,45.9,2020,1
202,2020.1/4,서대문구,충현동,45.1,44.1,46.0,2020,1
203,2020.1/4,서대문구,북아현동,41.6,40.8,42.4,2020,1
204,2020.1/4,서대문구,신촌동,38.1,38.4,37.9,2020,1
205,2020.1/4,서대문구,연희동,43.1,41.8,44.3,2020,1
206,2020.1/4,마포구,용강동,40.5,39.9,41.0,2020,1
207,2020.1/4,마포구,대흥동,41.9,41.2,42.6,2020,1
208,2020.1/4,마포구,염리동,41.5,40.5,42.4,2020,1
209,2020.1/4,마포구,신수동,41.7,40.6,42.7,2020,1
210,2020.1/4,마포구,서교동,41.9,41.6,42.2,2020,1
211,2020.1/4,마포구,합정동,41.4,40.6,42.0,2020,1
212,2020.1/4,마포구,망원1동,42.9,42.1,43.7,2020,1
213,2020.1/4,마포구,망원2동,42.5,41.6,43.2,2020,1
214,2020.1/4,마포구,연남동,42.8,42.0,43.5,2020,1
215,2020.1/4,마포구,성산1동,42.5,41.7,43.2,2020,1
216,2020.1/4,마포구,성산2동,41.5,40.7,42.1,2020,1
217,2020.1/4,마포구,상암동,39.5,38.8,40.1,2020,1
218,2020.1/4,마포구,도화동,43.3,42.0,44.5,2020,1
219,2020.1/4,마포구,서강동,40.5,39.9,41.2,2020,1
220,2020.1/4,마포구,공덕동,43.1,42.4,43.8,2020,1
221,2020.1/4,마포구,아현동,40.5,40.1,40.8,2020,1
222,2020.1/4,양천구,목1동,38.2,37.8,38.5,2020,1
223,2020.1/4,양천구,목2동,41.5,40.6,42.4,2020,1
224,2020.1/4,양천구,목3동,42.4,41.1,43.7,2020,1
225,2020.1/4,양천구,목4동,40.7,39.5,41.8,2020,1
226,2020.1/4,양천구,신월1동,46.0,45.1,46.9,2020,1
227,2020.1/4,양천구,신월2동,43.7,42.7,44.6,2020,1
228,2020.1/4,양천구,신월3동,45.1,44.3,45.9,2020,1
229,2020.1/4,양천구,신월4동,42.7,41.6,43.8,2020,1
230,2020.1/4,양천구,신월5동,42.8,41.8,43.7,2020,1
231,2020.1/4,양천구,신월6동,43.9,42.9,44.9,2020,1
232,2020.1/4,양천구,신월7동,45.9,44.4,47.3,2020,1
233,2020.1/4,양천구,신정1동,39.9,39.1,40.7,2020,1
234,2020.1/4,양천구,신정2동,40.9,40.1,41.7,2020,1
235,2020.1/4,양천구,신정3동,41.6,40.5,42.6,2020,1
236,2020.1/4,양천구,신정6동,39.1,38.4,39.8,2020,1
237,2020.1/4,양천구,신정7동,42.8,41.4,44.1,2020,1
238,2020.1/4,양천구,목5동,38.5,37.5,39.4,2020,1
239,2020.1/4,양천구,신정4동,43.7,43.0,44.5,2020,1
240,2020.1/4,강서구,염창동,38.5,38.0,39.0,2020,1
241,2020.1/4,강서구,등촌1동,40.4,40.0,40.8,2020,1
242,2020.1/4,강서구,등촌2동,42.2,41.1,43.3,2020,1
243,2020.1/4,강서구,등촌3동,45.8,44.1,47.5,2020,1
244,2020.1/4,강서구,화곡본동,41.3,40.2,42.3,2020,1
245,2020.1/4,강서구,화곡2동,42.4,41.3,43.4,2020,1
246,2020.1/4,강서구,화곡3동,44.0,43.2,44.7,2020,1
247,2020.1/4,강서구,화곡4동,44.2,42.9,45.4,2020,1
248,2020.1/4,강서구,화곡6동,43.2,42.2,44.2,2020,1
249,2020.1/4,강서구,화곡8동,43.4,42.4,44.4,2020,1
250,2020.1/4,강서구,가양1동,38.5,39.1,38.1,2020,1
251,2020.1/4,강서구,가양2동,49.5,48.3,50.7,2020,1
252,2020.1/4,강서구,가양3동,46.7,44.6,48.6,2020,1
253,2020.1/4,강서구,발산1동,39.4,38.5,40.3,2020,1
254,2020.1/4,강서구,공항동,41.0,40.4,41.7,2020,1
255,2020.1/4,강서구,방화1동,40.9,40.4,41.4,2020,1
256,2020.1/4,강서구,방화2동,45.5,44.2,46.7,2020,1
257,2020.1/4,강서구,방화3동,45.9,44.4,47.3,2020,1
258,2020.1/4,강서구,화곡1동,42.8,42.2,43.4,2020,1
259,2020.1/4,강서구,우장산동,40.0,39.6,40.3,2020,1
260,2020.1/4,구로구,신도림동,39.8,39.4,40.2,2020,1
261,2020.1/4,구로구,구로1동,39.7,38.9,40.4,2020,1
262,2020.1/4,구로구,구로3동,41.5,40.8,42.1,2020,1
263,2020.1/4,구로구,구로4동,46.5,45.6,47.4,2020,1
264,2020.1/4,구로구,구로5동,42.5,42.3,42.6,2020,1
265,2020.1/4,구로구,고척1동,44.1,43.2,45.1,2020,1
266,2020.1/4,구로구,고척2동,44.0,43.3,44.8,2020,1
267,2020.1/4,구로구,개봉2동,44.1,43.2,44.9,2020,1
268,2020.1/4,구로구,개봉3동,44.9,43.8,45.9,2020,1
269,2020.1/4,구로구,오류1동,43.2,42.8,43.6,2020,1
270,2020.1/4,구로구,수궁동,43.8,42.6,45.0,2020,1
271,2020.1/4,구로구,가리봉동,48.9,47.9,50.1,2020,1
272,2020.1/4,구로구,구로2동,47.9,46.6,49.1,2020,1
273,2020.1/4,구로구,개봉1동,44.7,44.0,45.3,2020,1
274,2020.1/4,구로구,오류2동,42.1,41.1,43.0,2020,1
275,2020.1/4,구로구,항동,36.0,35.4,36.6,2020,1
276,2020.1/4,금천구,가산동,41.0,41.2,40.7,2020,1
277,2020.1/4,금천구,독산1동,41.1,40.5,41.7,2020,1
278,2020.1/4,금천구,독산2동,45.3,44.4,46.2,2020,1
279,2020.1/4,금천구,독산3동,45.6,44.7,46.4,2020,1
280,2020.1/4,금천구,독산4동,45.7,45.0,46.5,2020,1
281,2020.1/4,금천구,시흥1동,44.5,43.4,45.5,2020,1
282,2020.1/4,금천구,시흥2동,43.9,43.1,44.7,2020,1
283,2020.1/4,금천구,시흥3동,46.2,45.2,47.2,2020,1
284,2020.1/4,금천구,시흥4동,45.3,44.6,46.1,2020,1
285,2020.1/4,금천구,시흥5동,46.6,45.2,47.9,2020,1
286,2020.1/4,영등포구,여의동,43.1,42.4,43.6,2020,1
287,2020.1/4,영등포구,당산1동,43.0,42.7,43.4,2020,1
288,2020.1/4,영등포구,당산2동,40.0,39.8,40.1,2020,1
289,2020.1/4,영등포구,양평1동,40.9,40.2,41.7,2020,1
290,2020.1/4,영등포구,양평2동,39.8,39.4,40.1,2020,1
291,2020.1/4,영등포구,신길1동,44.8,43.8,45.8,2020,1
292,2020.1/4,영등포구,신길3동,44.3,43.2,45.5,2020,1
293,2020.1/4,영등포구,신길4동,47.2,45.7,48.7,2020,1
294,2020.1/4,영등포구,신길5동,44.8,43.7,45.8,2020,1
295,2020.1/4,영등포구,신길6동,43.8,42.9,44.8,2020,1
296,2020.1/4,영등포구,신길7동,39.6,38.6,40.5,2020,1
297,2020.1/4,영등포구,대림1동,46.9,45.5,48.4,2020,1
298,2020.1/4,영등포구,대림2동,47.3,46.1,48.3,2020,1
299,2020.1/4,영등포구,대림3동,45.2,44.3,46.1,2020,1
300,2020.1/4,영등포구,영등포본동,44.7,44.0,45.4,2020,1
301,2020.1/4,영등포구,영등포동,41.5,42.5,40.3,2020,1
302,2020.1/4,영등포구,도림동,44.4,43.6,45.3,2020,1
303,2020.1/4,영등포구,문래동,40.6,40.1,41.1,2020,1
304,2020.1/4,동작구,노량진2동,47.1,45.6,48.6,2020,1
305,2020.1/4,동작구,상도1동,41.2,40.1,42.2,2020,1
306,2020.1/4,동작구,상도2동,41.9,41.0,42.8,2020,1
307,2020.1/4,동작구,상도3동,43.5,42.5,44.4,2020,1
308,2020.1/4,동작구,상도4동,43.2,42.0,44.4,2020,1
309,2020.1/4,동작구,사당1동,42.9,42.6,43.2,2020,1
310,2020.1/4,동작구,사당3동,42.9,42.2,43.5,2020,1
311,2020.1/4,동작구,사당4동,44.0,43.0,45.0,2020,1
312,2020.1/4,동작구,사당5동,42.5,41.5,43.5,2020,1
313,2020.1/4,동작구,대방동,41.2,40.4,41.9,2020,1
314,2020.1/4,동작구,신대방1동,42.1,41.5,42.7,2020,1
315,2020.1/4,동작구,신대방2동,41.1,40.7,41.5,2020,1
316,2020.1/4,동작구,흑석동,43.3,41.9,44.7,2020,1
317,2020.1/4,동작구,노량진1동,43.4,42.1,44.7,2020,1
318,2020.1/4,동작구,사당2동,44.4,43.3,45.4,2020,1
319,2020.1/4,관악구,보라매동,43.4,42.4,44.4,2020,1
320,2020.1/4,관악구,청림동,42.8,41.2,44.3,2020,1
321,2020.1/4,관악구,행운동,41.1,40.7,41.4,2020,1
322,2020.1/4,관악구,낙성대동,38.4,38.1,38.8,2020,1
323,2020.1/4,관악구,중앙동,41.7,41.6,41.8,2020,1
324,2020.1/4,관악구,인헌동,41.5,40.8,42.3,2020,1
325,2020.1/4,관악구,남현동,41.7,41.3,42.0,2020,1
326,2020.1/4,관악구,서원동,41.4,40.5,42.3,2020,1
327,2020.1/4,관악구,신원동,43.2,42.0,44.5,2020,1
328,2020.1/4,관악구,서림동,42.0,40.9,43.3,2020,1
329,2020.1/4,관악구,신사동,42.1,41.5,42.7,2020,1
330,2020.1/4,관악구,신림동,37.5,37.6,37.4,2020,1
331,2020.1/4,관악구,난향동,43.5,42.7,44.3,2020,1
332,2020.1/4,관악구,조원동,42.6,42.6,42.6,2020,1
333,2020.1/4,관악구,대학동,40.9,40.2,42.1,2020,1
334,2020.1/4,관악구,은천동,42.6,41.7,43.5,2020,1
335,2020.1/4,관악구,성현동,43.2,41.8,44.6,2020,1
336,2020.1/4,관악구,청룡동,39.5,39.6,39.4,2020,1
337,2020.1/4,관악구,난곡동,45.2,43.9,46.4,2020,1
338,2020.1/4,관악구,삼성동,48.0,46.3,49.7,2020,1
339,2020.1/4,관악구,미성동,43.8,43.0,44.5,2020,1
340,2020.1/4,서초구,서초1동,41.3,40.6,42.0,2020,1
341,2020.1/4,서초구,서초2동,39.7,39.5,40.0,2020,1
342,2020.1/4,서초구,서초3동,42.2,41.4,42.9,2020,1
343,2020.1/4,서초구,서초4동,39.7,39.2,40.2,2020,1
344,2020.1/4,서초구,잠원동,40.2,39.4,41.0,2020,1
345,2020.1/4,서초구,반포본동,42.3,41.8,42.8,2020,1
346,2020.1/4,서초구,반포1동,38.7,38.4,38.9,2020,1
347,2020.1/4,서초구,반포2동,38.0,37.2,38.8,2020,1
348,2020.1/4,서초구,반포3동,40.0,38.9,40.9,2020,1
349,2020.1/4,서초구,반포4동,40.8,39.9,41.6,2020,1
350,2020.1/4,서초구,방배본동,41.3,40.9,41.6,2020,1
351,2020.1/4,서초구,방배1동,42.3,41.5,43.0,2020,1
352,2020.1/4,서초구,방배2동,43.6,42.7,44.3,2020,1
353,2020.1/4,서초구,방배3동,43.6,42.7,44.4,2020,1
354,2020.1/4,서초구,방배4동,41.1,41.0,41.3,2020,1
355,2020.1/4,서초구,양재1동,41.1,39.9,42.1,2020,1
356,2020.1/4,서초구,양재2동,41.2,40.4,42.0,2020,1
357,2020.1/4,서초구,내곡동,42.0,41.3,42.7,2020,1
358,2020.1/4,강남구,신사동,42.9,42.3,43.4,2020,1
359,2020.1/4,강남구,논현1동,41.9,41.8,42.0,2020,1
360,2020.1/4,강남구,논현2동,42.2,41.8,42.6,2020,1
361,2020.1/4,강남구,삼성1동,42.2,40.9,43.6,2020,1
362,2020.1/4,강남구,삼성2동,39.2,38.3,40.0,2020,1
363,2020.1/4,강남구,대치1동,37.1,36.2,38.1,2020,1
364,2020.1/4,강남구,대치4동,39.9,39.2,40.6,2020,1
365,2020.1/4,강남구,역삼1동,40.5,40.8,40.2,2020,1
366,2020.1/4,강남구,역삼2동,38.0,38.0,38.0,2020,1
367,2020.1/4,강남구,도곡1동,40.7,40.8,40.6,2020,1
368,2020.1/4,강남구,도곡2동,40.2,40.4,40.1,2020,1
369,2020.1/4,강남구,개포1동,46.5,46.1,46.9,2020,1
370,2020.1/4,강남구,개포4동,42.0,41.1,42.9,2020,1
371,2020.1/4,강남구,일원본동,39.4,37.6,41.0,2020,1
372,2020.1/4,강남구,일원1동,45.1,43.4,46.7,2020,1
373,2020.1/4,강남구,일원2동,43.0,40.6,45.3,2020,1
374,2020.1/4,강남구,수서동,49.6,47.3,51.7,2020,1
375,2020.1/4,강남구,세곡동,40.3,39.4,41.0,2020,1
376,2020.1/4,강남구,압구정동,42.8,42.4,43.2,2020,1
377,2020.1/4,강남구,청담동,41.4,40.6,42.2,2020,1
378,2020.1/4,강남구,대치2동,40.3,39.0,41.6,2020,1
379,2020.1/4,강남구,개포2동,41.2,40.8,41.6,2020,1
380,2020.1/4,송파구,풍납1동,45.9,44.5,47.2,2020,1
381,2020.1/4,송파구,풍납2동,41.5,41.1,41.9,2020,1
382,2020.1/4,송파구,거여1동,44.4,43.6,45.3,2020,1
383,2020.1/4,송파구,거여2동,44.9,43.6,46.1,2020,1
384,2020.1/4,송파구,마천1동,46.1,45.2,47.1,2020,1
385,2020.1/4,송파구,마천2동,46.6,45.5,47.7,2020,1
386,2020.1/4,송파구,방이1동,41.2,40.5,41.9,2020,1
387,2020.1/4,송파구,방이2동,41.9,41.4,42.3,2020,1
388,2020.1/4,송파구,오륜동,40.7,39.6,41.7,2020,1
389,2020.1/4,송파구,오금동,42.6,41.5,43.6,2020,1
390,2020.1/4,송파구,송파1동,41.6,41.3,41.9,2020,1
391,2020.1/4,송파구,송파2동,41.4,40.8,41.9,2020,1
392,2020.1/4,송파구,석촌동,41.8,41.3,42.2,2020,1
393,2020.1/4,송파구,삼전동,41.4,40.6,42.1,2020,1
394,2020.1/4,송파구,가락본동,42.2,41.6,42.7,2020,1
395,2020.1/4,송파구,가락1동,38.8,38.0,39.5,2020,1
396,2020.1/4,송파구,가락2동,40.5,39.7,41.2,2020,1
397,2020.1/4,송파구,문정1동,42.0,41.3,42.6,2020,1
398,2020.1/4,송파구,문정2동,40.7,41.0,40.4,2020,1
399,2020.1/4,송파구,잠실본동,41.6,41.2,42.0,2020,1
400,2020.1/4,송파구,잠실4동,38.8,38.0,39.5,2020,1
401,2020.1/4,송파구,잠실6동,42.1,41.6,42.6,2020,1
402,2020.1/4,송파구,잠실7동,44.6,44.8,44.4,2020,1
403,2020.1/4,송파구,잠실2동,36.9,36.5,37.3,2020,1
404,2020.1/4,송파구,잠실3동,41.1,40.5,41.6,2020,1
405,2020.1/4,송파구,장지동,41.3,40.1,42.5,2020,1
406,2020.1/4,송파구,위례동,34.7,34.1,35.3,2020,1
407,2020.1/4,강동구,강일동,41.1,40.0,42.1,2020,1
408,2020.1/4,강동구,상일동,38.6,38.1,39.1,2020,1
409,2020.1/4,강동구,명일1동,41.6,40.5,42.5,2020,1
410,2020.1/4,강동구,명일2동,41.2,40.3,42.1,2020,1
411,2020.1/4,강동구,고덕1동,38.2,37.1,39.4,2020,1
412,2020.1/4,강동구,고덕2동,40.3,39.7,40.9,2020,1
413,2020.1/4,강동구,암사2동,41.5,40.8,42.2,2020,1
414,2020.1/4,강동구,암사3동,40.1,39.5,40.6,2020,1
415,2020.1/4,강동구,천호1동,44.9,43.9,45.9,2020,1
416,2020.1/4,강동구,천호3동,44.6,44.1,45.0,2020,1
417,2020.1/4,강동구,성내1동,41.8,40.9,42.6,2020,1
418,2020.1/4,강동구,성내2동,44.5,44.0,45.0,2020,1
419,2020.1/4,강동구,성내3동,43.1,41.5,44.7,2020,1
420,2020.1/4,강동구,둔촌1동,55.2,52.0,58.2,2020,1
421,2020.1/4,강동구,둔촌2동,42.8,41.7,43.9,2020,1
422,2020.1/4,강동구,암사1동,43.6,42.6,44.5,2020,1
423,2020.1/4,강동구,천호2동,44.6,43.8,45.4,2020,1
424,2020.1/4,강동구,길동,43.8,42.9,44.7,2020,1
425,2020.2/4,종로구,사직동,45.3,44.7,45.7,2020,2
426,2020.2/4,종로구,삼청동,48.0,46.1,49.7,2020,2
427,2020.2/4,종로구,부암동,44.5,43.2,45.8,2020,2
428,2020.2/4,종로구,평창동,44.7,43.3,45.9,2020,2
429,2020.2/4,종로구,무악동,42.8,42.7,42.8,2020,2
430,2020.2/4,종로구,교남동,42.2,41.1,43.2,2020,2
431,2020.2/4,종로구,가회동,46.6,45.1,47.8,2020,2
432,2020.2/4,종로구,종로1·2·3·4가동,51.7,52.0,51.1,2020,2
433,2020.2/4,종로구,종로5·6가동,47.1,46.8,47.4,2020,2
434,2020.2/4,종로구,이화동,44.0,43.3,44.7,2020,2
435,2020.2/4,종로구,창신1동,50.5,50.0,51.2,2020,2
436,2020.2/4,종로구,창신2동,48.1,46.5,49.7,2020,2
437,2020.2/4,종로구,창신3동,44.9,44.0,45.8,2020,2
438,2020.2/4,종로구,숭인1동,46.3,45.2,47.2,2020,2
439,2020.2/4,종로구,숭인2동,45.7,46.4,45.0,2020,2
440,2020.2/4,종로구,청운효자동,43.6,42.0,44.9,2020,2
441,2020.2/4,종로구,혜화동,41.5,40.4,42.5,2020,2
442,2020.2/4,중구,소공동,42.2,43.0,41.5,2020,2
443,2020.2/4,중구,회현동,51.9,52.6,51.2,2020,2
444,2020.2/4,중구,명동,49.8,47.5,51.4,2020,2
445,2020.2/4,중구,필동,46.3,45.1,47.7,2020,2
446,2020.2/4,중구,장충동,42.2,41.0,43.4,2020,2
447,2020.2/4,중구,광희동,48.6,48.4,48.9,2020,2
448,2020.2/4,중구,을지로동,51.4,52.3,50.0,2020,2
449,2020.2/4,중구,신당5동,44.3,43.6,45.0,2020,2
450,2020.2/4,중구,황학동,42.9,42.7,43.0,2020,2
451,2020.2/4,중구,중림동,43.3,42.8,43.8,2020,2
452,2020.2/4,중구,신당동,46.0,46.0,46.0,2020,2
453,2020.2/4,중구,다산동,45.1,43.8,46.4,2020,2
454,2020.2/4,중구,약수동,46.4,45.3,47.5,2020,2
455,2020.2/4,중구,청구동,45.2,43.8,46.5,2020,2
456,2020.2/4,중구,동화동,44.1,42.9,45.1,2020,2
457,2020.2/4,용산구,후암동,44.2,42.4,45.8,2020,2
458,2020.2/4,용산구,용산2가동,46.1,44.3,47.8,2020,2
459,2020.2/4,용산구,남영동,49.4,50.7,47.3,2020,2
460,2020.2/4,용산구,원효로2동,43.5,43.0,43.9,2020,2
461,2020.2/4,용산구,효창동,41.7,40.7,42.6,2020,2
462,2020.2/4,용산구,용문동,43.5,42.4,44.6,2020,2
463,2020.2/4,용산구,이촌1동,42.1,40.8,43.2,2020,2
464,2020.2/4,용산구,이촌2동,45.9,44.0,47.6,2020,2
465,2020.2/4,용산구,이태원1동,48.0,45.8,50.0,2020,2
466,2020.2/4,용산구,이태원2동,45.7,43.9,47.2,2020,2
467,2020.2/4,용산구,서빙고동,43.0,41.9,44.0,2020,2
468,2020.2/4,용산구,보광동,46.6,44.2,48.9,2020,2
469,2020.2/4,용산구,청파동,43.8,43.3,44.2,2020,2
470,2020.2/4,용산구,원효로1동,40.7,40.4,41.0,2020,2
471,2020.2/4,용산구,한강로동,44.4,44.1,44.7,2020,2
472,2020.2/4,용산구,한남동,44.7,43.4,45.9,2020,2
473,2020.2/4,성동구,왕십리2동,42.6,41.7,43.4,2020,2
474,2020.2/4,성동구,마장동,43.2,42.5,43.9,2020,2
475,2020.2/4,성동구,사근동,38.1,37.0,39.1,2020,2
476,2020.2/4,성동구,행당1동,42.5,41.9,43.0,2020,2
477,2020.2/4,성동구,행당2동,42.4,41.8,43.0,2020,2
478,2020.2/4,성동구,응봉동,42.4,41.4,43.3,2020,2
479,2020.2/4,성동구,금호1가동,42.9,41.8,43.9,2020,2
480,2020.2/4,성동구,금호4가동,42.5,41.2,43.7,2020,2
481,2020.2/4,성동구,성수1가1동,42.5,41.7,43.2,2020,2
482,2020.2/4,성동구,성수1가2동,42.6,42.1,43.1,2020,2
483,2020.2/4,성동구,성수2가1동,45.3,44.6,46.0,2020,2
484,2020.2/4,성동구,성수2가3동,43.9,43.9,43.9,2020,2
485,2020.2/4,성동구,송정동,44.6,44.0,45.2,2020,2
486,2020.2/4,성동구,용답동,45.6,45.5,45.7,2020,2
487,2020.2/4,성동구,왕십리도선동,41.4,40.8,42.0,2020,2
488,2020.2/4,성동구,금호2·3가동,43.4,42.1,44.6,2020,2
489,2020.2/4,성동구,옥수동,42.0,41.1,42.7,2020,2
490,2020.2/4,광진구,화양동,37.6,38.2,37.0,2020,2
491,2020.2/4,광진구,군자동,42.3,41.7,42.9,2020,2
492,2020.2/4,광진구,중곡1동,43.7,43.1,44.3,2020,2
493,2020.2/4,광진구,중곡2동,42.6,42.1,43.2,2020,2
494,2020.2/4,광진구,중곡3동,44.6,43.7,45.5,2020,2
495,2020.2/4,광진구,중곡4동,44.3,43.3,45.3,2020,2
496,2020.2/4,광진구,능동,41.6,41.4,41.8,2020,2
497,2020.2/4,광진구,구의1동,42.1,41.5,42.6,2020,2
498,2020.2/4,광진구,구의2동,42.9,42.0,43.7,2020,2
499,2020.2/4,광진구,구의3동,41.6,41.2,42.1,2020,2
500,2020.2/4,광진구,광장동,38.5,37.8,39.2,2020,2
501,2020.2/4,광진구,자양1동,42.8,42.1,43.5,2020,2
502,2020.2/4,광진구,자양2동,42.9,42.0,43.7,2020,2
503,2020.2/4,광진구,자양3동,41.6,41.0,42.1,2020,2
504,2020.2/4,광진구,자양4동,46.7,46.0,47.3,2020,2
505,2020.2/4,동대문구,회기동,40.3,39.6,41.0,2020,2
506,2020.2/4,동대문구,휘경1동,42.0,41.6,42.4,2020,2
507,2020.2/4,동대문구,휘경2동,42.0,41.0,43.0,2020,2
508,2020.2/4,동대문구,청량리동,49.3,48.0,50.7,2020,2
509,2020.2/4,동대문구,용신동,44.7,44.3,45.1,2020,2
510,2020.2/4,동대문구,제기동,46.6,45.2,48.1,2020,2
511,2020.2/4,동대문구,전농1동,44.5,43.7,45.3,2020,2
512,2020.2/4,동대문구,전농2동,44.5,43.6,45.3,2020,2
513,2020.2/4,동대문구,답십리2동,44.6,43.6,45.6,2020,2
514,2020.2/4,동대문구,장안1동,43.5,43.0,44.0,2020,2
515,2020.2/4,동대문구,장안2동,41.9,41.0,42.9,2020,2
516,2020.2/4,동대문구,이문1동,42.9,42.0,43.9,2020,2
517,2020.2/4,동대문구,이문2동,44.1,43.3,44.8,2020,2
518,2020.2/4,동대문구,답십리1동,41.3,40.8,41.8,2020,2
519,2020.2/4,중랑구,면목2동,45.3,44.5,46.2,2020,2
520,2020.2/4,중랑구,면목4동,45.4,44.1,46.7,2020,2
521,2020.2/4,중랑구,면목5동,45.2,44.5,45.9,2020,2
522,2020.2/4,중랑구,면목7동,45.5,44.5,46.4,2020,2
523,2020.2/4,중랑구,상봉1동,42.5,41.5,43.5,2020,2
524,2020.2/4,중랑구,상봉2동,43.2,43.2,43.2,2020,2
525,2020.2/4,중랑구,중화1동,43.9,43.0,44.8,2020,2
526,2020.2/4,중랑구,중화2동,46.6,46.0,47.2,2020,2
527,2020.2/4,중랑구,묵1동,42.8,42.1,43.5,2020,2
528,2020.2/4,중랑구,묵2동,44.4,43.5,45.2,2020,2
529,2020.2/4,중랑구,망우3동,46.0,45.3,46.7,2020,2
530,2020.2/4,중랑구,신내1동,42.7,41.5,43.8,2020,2
531,2020.2/4,중랑구,신내2동,44.4,43.0,45.7,2020,2
532,2020.2/4,중랑구,면목본동,44.9,44.0,45.8,2020,2
533,2020.2/4,중랑구,면목3·8동,45.8,44.9,46.7,2020,2
534,2020.2/4,중랑구,망우본동,46.2,45.4,47.0,2020,2
535,2020.2/4,성북구,돈암1동,44.7,44.0,45.3,2020,2
536,2020.2/4,성북구,돈암2동,41.2,40.2,42.2,2020,2
537,2020.2/4,성북구,안암동,40.6,39.3,42.0,2020,2
538,2020.2/4,성북구,보문동,42.7,41.7,43.6,2020,2
539,2020.2/4,성북구,정릉1동,42.5,41.5,43.5,2020,2
540,2020.2/4,성북구,정릉2동,44.3,43.0,45.6,2020,2
541,2020.2/4,성북구,정릉3동,45.2,43.2,47.1,2020,2
542,2020.2/4,성북구,정릉4동,44.1,42.8,45.4,2020,2
543,2020.2/4,성북구,길음1동,39.1,38.2,39.9,2020,2
544,2020.2/4,성북구,길음2동,42.2,41.1,43.3,2020,2
545,2020.2/4,성북구,월곡1동,43.2,42.5,43.8,2020,2
546,2020.2/4,성북구,월곡2동,43.5,43.1,43.9,2020,2
547,2020.2/4,성북구,장위1동,45.3,44.1,46.5,2020,2
548,2020.2/4,성북구,장위2동,47.2,46.1,48.2,2020,2
549,2020.2/4,성북구,장위3동,41.2,40.8,41.6,2020,2
550,2020.2/4,성북구,성북동,44.6,43.7,45.3,2020,2
551,2020.2/4,성북구,삼선동,43.2,42.3,43.9,2020,2
552,2020.2/4,성북구,동선동,40.8,41.8,40.0,2020,2
553,2020.2/4,성북구,종암동,42.9,41.5,44.3,2020,2
554,2020.2/4,성북구,석관동,45.1,44.3,46.0,2020,2
555,2020.2/4,강북구,번1동,45.1,44.3,46.0,2020,2
556,2020.2/4,강북구,번2동,47.7,45.6,49.6,2020,2
557,2020.2/4,강북구,번3동,47.7,45.7,49.5,2020,2
558,2020.2/4,강북구,수유1동,46.2,45.1,47.3,2020,2
559,2020.2/4,강북구,수유2동,46.6,45.2,47.8,2020,2
560,2020.2/4,강북구,수유3동,45.8,44.9,46.6,2020,2
561,2020.2/4,강북구,삼양동,45.6,44.5,46.7,2020,2
562,2020.2/4,강북구,미아동,46.0,45.2,46.7,2020,2
563,2020.2/4,강북구,송중동,45.5,44.6,46.3,2020,2
564,2020.2/4,강북구,송천동,47.5,46.4,48.6,2020,2
565,2020.2/4,강북구,삼각산동,40.5,39.3,41.6,2020,2
566,2020.2/4,강북구,우이동,46.9,45.6,48.1,2020,2
567,2020.2/4,강북구,인수동,46.7,45.5,47.8,2020,2
568,2020.2/4,도봉구,쌍문1동,45.6,44.7,46.3,2020,2
569,2020.2/4,도봉구,쌍문2동,45.5,43.9,47.0,2020,2
570,2020.2/4,도봉구,쌍문3동,45.6,44.7,46.5,2020,2
571,2020.2/4,도봉구,쌍문4동,43.0,41.8,44.1,2020,2
572,2020.2/4,도봉구,방학1동,45.6,44.9,46.3,2020,2
573,2020.2/4,도봉구,방학2동,46.6,45.4,47.8,2020,2
574,2020.2/4,도봉구,방학3동,43.9,42.1,45.6,2020,2
575,2020.2/4,도봉구,창1동,44.0,42.8,45.1,2020,2
576,2020.2/4,도봉구,창2동,43.9,42.9,44.9,2020,2
577,2020.2/4,도봉구,창3동,45.8,44.5,47.0,2020,2
578,2020.2/4,도봉구,창4동,43.0,41.9,44.0,2020,2
579,2020.2/4,도봉구,창5동,43.9,42.8,44.8,2020,2
580,2020.2/4,도봉구,도봉1동,49.1,47.9,50.3,2020,2
581,2020.2/4,도봉구,도봉2동,46.8,45.9,47.8,2020,2
582,2020.2/4,노원구,월계1동,44.1,42.7,45.6,2020,2
583,2020.2/4,노원구,월계2동,45.4,43.7,47.0,2020,2
584,2020.2/4,노원구,월계3동,44.4,42.9,45.8,2020,2
585,2020.2/4,노원구,공릉2동,40.3,39.6,41.0,2020,2
586,2020.2/4,노원구,하계1동,42.9,40.5,45.0,2020,2
587,2020.2/4,노원구,하계2동,41.5,40.2,42.7,2020,2
588,2020.2/4,노원구,중계본동,39.6,38.9,40.4,2020,2
589,2020.2/4,노원구,중계1동,37.9,36.6,39.1,2020,2
590,2020.2/4,노원구,중계4동,44.3,42.4,46.2,2020,2
591,2020.2/4,노원구,상계1동,44.3,43.1,45.4,2020,2
592,2020.2/4,노원구,상계2동,43.8,43.1,44.5,2020,2
593,2020.2/4,노원구,상계5동,46.0,44.5,47.4,2020,2
594,2020.2/4,노원구,상계8동,39.0,37.7,40.2,2020,2
595,2020.2/4,노원구,상계9동,42.7,40.9,44.2,2020,2
596,2020.2/4,노원구,상계10동,42.6,41.3,43.7,2020,2
597,2020.2/4,노원구,상계3·4동,46.9,45.3,48.4,2020,2
598,2020.2/4,노원구,상계6·7동,41.9,40.5,43.2,2020,2
599,2020.2/4,노원구,중계2·3동,45.0,42.9,46.8,2020,2
600,2020.2/4,노원구,공릉1동,43.1,42.1,44.1,2020,2
601,2020.2/4,은평구,녹번동,44.3,43.3,45.2,2020,2
602,2020.2/4,은평구,불광1동,45.2,43.9,46.3,2020,2
603,2020.2/4,은평구,갈현1동,45.2,43.9,46.4,2020,2
604,2020.2/4,은평구,갈현2동,43.6,42.6,44.4,2020,2
605,2020.2/4,은평구,구산동,44.6,44.5,44.8,2020,2
606,2020.2/4,은평구,대조동,44.5,43.8,45.1,2020,2
607,2020.2/4,은평구,응암1동,42.6,41.4,43.7,2020,2
608,2020.2/4,은평구,응암2동,40.2,39.0,41.3,2020,2
609,2020.2/4,은평구,신사1동,44.0,42.8,45.1,2020,2
610,2020.2/4,은평구,신사2동,44.6,43.3,45.8,2020,2
611,2020.2/4,은평구,증산동,45.6,44.7,46.5,2020,2
612,2020.2/4,은평구,수색동,46.6,45.0,48.1,2020,2
613,2020.2/4,은평구,진관동,40.6,39.8,41.3,2020,2
614,2020.2/4,은평구,불광2동,46.2,45.0,47.3,2020,2
615,2020.2/4,은평구,응암3동,47.0,45.4,48.4,2020,2
616,2020.2/4,은평구,역촌동,44.0,43.0,44.9,2020,2
617,2020.2/4,서대문구,천연동,44.2,42.8,45.4,2020,2
618,2020.2/4,서대문구,홍제1동,44.4,43.3,45.4,2020,2
619,2020.2/4,서대문구,홍제3동,46.7,45.2,48.2,2020,2
620,2020.2/4,서대문구,홍제2동,45.1,43.7,46.4,2020,2
621,2020.2/4,서대문구,홍은1동,45.3,44.1,46.4,2020,2
622,2020.2/4,서대문구,홍은2동,44.7,43.4,45.9,2020,2
623,2020.2/4,서대문구,남가좌1동,39.6,39.0,40.1,2020,2
624,2020.2/4,서대문구,남가좌2동,41.8,40.9,42.6,2020,2
625,2020.2/4,서대문구,북가좌1동,42.4,41.3,43.4,2020,2
626,2020.2/4,서대문구,북가좌2동,44.9,43.7,46.0,2020,2
627,2020.2/4,서대문구,충현동,45.0,44.2,45.8,2020,2
628,2020.2/4,서대문구,북아현동,41.8,41.0,42.5,2020,2
629,2020.2/4,서대문구,신촌동,38.0,38.2,37.7,2020,2
630,2020.2/4,서대문구,연희동,43.1,41.8,44.4,2020,2
631,2020.2/4,마포구,용강동,40.6,40.0,41.1,2020,2
632,2020.2/4,마포구,대흥동,41.9,41.2,42.5,2020,2
633,2020.2/4,마포구,염리동,41.5,40.5,42.4,2020,2
634,2020.2/4,마포구,신수동,41.8,40.7,42.8,2020,2
635,2020.2/4,마포구,서교동,41.7,41.5,41.8,2020,2
636,2020.2/4,마포구,합정동,41.5,40.7,42.2,2020,2
637,2020.2/4,마포구,망원1동,43.1,42.3,43.8,2020,2
638,2020.2/4,마포구,망원2동,42.6,41.8,43.3,2020,2
639,2020.2/4,마포구,연남동,42.8,42.0,43.5,2020,2
640,2020.2/4,마포구,성산1동,42.6,41.8,43.2,2020,2
641,2020.2/4,마포구,성산2동,41.6,40.8,42.3,2020,2
642,2020.2/4,마포구,상암동,39.6,38.9,40.3,2020,2
643,2020.2/4,마포구,도화동,43.5,42.2,44.7,2020,2
644,2020.2/4,마포구,서강동,40.6,39.9,41.3,2020,2
645,2020.2/4,마포구,공덕동,43.2,42.4,43.9,2020,2
646,2020.2/4,마포구,아현동,40.6,40.2,40.9,2020,2
647,2020.2/4,양천구,목1동,38.3,38.0,38.6,2020,2
648,2020.2/4,양천구,목2동,41.8,40.8,42.6,2020,2
649,2020.2/4,양천구,목3동,42.6,41.2,43.8,2020,2
650,2020.2/4,양천구,목4동,40.8,39.7,41.9,2020,2
651,2020.2/4,양천구,신월1동,46.2,45.4,47.0,2020,2
652,2020.2/4,양천구,신월2동,43.8,42.8,44.7,2020,2
653,2020.2/4,양천구,신월3동,45.3,44.5,46.2,2020,2
654,2020.2/4,양천구,신월4동,43.0,41.9,44.1,2020,2
655,2020.2/4,양천구,신월5동,43.0,42.0,44.0,2020,2
656,2020.2/4,양천구,신월6동,40.3,39.4,41.1,2020,2
657,2020.2/4,양천구,신월7동,46.2,44.7,47.6,2020,2
658,2020.2/4,양천구,신정1동,40.0,39.2,40.7,2020,2
659,2020.2/4,양천구,신정2동,41.1,40.3,41.9,2020,2
660,2020.2/4,양천구,신정3동,41.8,40.7,42.8,2020,2
661,2020.2/4,양천구,신정6동,39.3,38.6,39.9,2020,2
662,2020.2/4,양천구,신정7동,43.0,41.6,44.3,2020,2
663,2020.2/4,양천구,목5동,38.6,37.7,39.6,2020,2
664,2020.2/4,양천구,신정4동,43.9,43.1,44.7,2020,2
665,2020.2/4,강서구,염창동,38.6,38.1,39.1,2020,2
666,2020.2/4,강서구,등촌1동,40.5,40.1,40.8,2020,2
667,2020.2/4,강서구,등촌2동,42.4,41.3,43.4,2020,2
668,2020.2/4,강서구,등촌3동,46.0,44.2,47.7,2020,2
669,2020.2/4,강서구,화곡본동,41.4,40.3,42.4,2020,2
670,2020.2/4,강서구,화곡2동,42.5,41.5,43.6,2020,2
671,2020.2/4,강서구,화곡3동,44.1,43.3,44.8,2020,2
672,2020.2/4,강서구,화곡4동,44.3,43.0,45.6,2020,2
673,2020.2/4,강서구,화곡6동,43.1,42.2,44.0,2020,2
674,2020.2/4,강서구,화곡8동,43.6,42.6,44.6,2020,2
675,2020.2/4,강서구,가양1동,38.6,39.2,38.1,2020,2
676,2020.2/4,강서구,가양2동,49.8,48.6,51.0,2020,2
677,2020.2/4,강서구,가양3동,47.0,45.0,48.8,2020,2
678,2020.2/4,강서구,발산1동,39.6,38.7,40.4,2020,2
679,2020.2/4,강서구,공항동,41.2,40.5,41.9,2020,2
680,2020.2/4,강서구,방화1동,41.1,40.6,41.5,2020,2
681,2020.2/4,강서구,방화2동,45.6,44.3,46.9,2020,2
682,2020.2/4,강서구,방화3동,46.0,44.5,47.5,2020,2
683,2020.2/4,강서구,화곡1동,42.9,42.3,43.5,2020,2
684,2020.2/4,강서구,우장산동,40.1,39.8,40.5,2020,2
685,2020.2/4,구로구,신도림동,39.9,39.5,40.3,2020,2
686,2020.2/4,구로구,구로1동,39.8,39.1,40.5,2020,2
687,2020.2/4,구로구,구로3동,41.7,40.9,42.4,2020,2
688,2020.2/4,구로구,구로4동,46.7,45.9,47.5,2020,2
689,2020.2/4,구로구,구로5동,42.6,42.5,42.7,2020,2
690,2020.2/4,구로구,고척1동,44.3,43.3,45.3,2020,2
691,2020.2/4,구로구,고척2동,44.2,43.5,45.0,2020,2
692,2020.2/4,구로구,개봉2동,44.3,43.5,45.1,2020,2
693,2020.2/4,구로구,개봉3동,45.1,44.1,46.1,2020,2
694,2020.2/4,구로구,오류1동,43.2,42.9,43.6,2020,2
695,2020.2/4,구로구,수궁동,44.1,42.9,45.2,2020,2
696,2020.2/4,구로구,가리봉동,48.8,47.9,50.0,2020,2
697,2020.2/4,구로구,구로2동,48.1,46.8,49.3,2020,2
698,2020.2/4,구로구,개봉1동,44.9,44.2,45.5,2020,2
699,2020.2/4,구로구,오류2동,42.3,41.3,43.3,2020,2
700,2020.2/4,구로구,항동,36.0,35.3,36.7,2020,2
701,2020.2/4,금천구,가산동,41.0,41.3,40.7,2020,2
702,2020.2/4,금천구,독산1동,41.1,40.6,41.7,2020,2
703,2020.2/4,금천구,독산2동,45.4,44.6,46.3,2020,2
704,2020.2/4,금천구,독산3동,45.7,44.9,46.6,2020,2
705,2020.2/4,금천구,독산4동,45.9,45.2,46.7,2020,2
706,2020.2/4,금천구,시흥1동,44.6,43.5,45.7,2020,2
707,2020.2/4,금천구,시흥2동,44.2,43.3,45.0,2020,2
708,2020.2/4,금천구,시흥3동,46.4,45.4,47.3,2020,2
709,2020.2/4,금천구,시흥4동,45.5,44.7,46.3,2020,2
710,2020.2/4,금천구,시흥5동,46.8,45.5,48.1,2020,2
711,2020.2/4,영등포구,여의동,43.2,42.6,43.8,2020,2
712,2020.2/4,영등포구,당산1동,43.2,42.8,43.6,2020,2
713,2020.2/4,영등포구,당산2동,40.0,39.9,40.1,2020,2
714,2020.2/4,영등포구,양평1동,41.1,40.4,41.8,2020,2
715,2020.2/4,영등포구,양평2동,39.8,39.4,40.2,2020,2
716,2020.2/4,영등포구,신길1동,44.9,43.9,45.9,2020,2
717,2020.2/4,영등포구,신길3동,44.4,43.2,45.6,2020,2
718,2020.2/4,영등포구,신길4동,47.2,45.8,48.7,2020,2
719,2020.2/4,영등포구,신길5동,44.5,43.3,45.5,2020,2
720,2020.2/4,영등포구,신길6동,43.9,43.0,44.8,2020,2
721,2020.2/4,영등포구,신길7동,39.7,38.8,40.7,2020,2
722,2020.2/4,영등포구,대림1동,47.2,45.9,48.6,2020,2
723,2020.2/4,영등포구,대림2동,47.4,46.3,48.4,2020,2
724,2020.2/4,영등포구,대림3동,45.4,44.5,46.3,2020,2
725,2020.2/4,영등포구,영등포본동,44.8,44.1,45.5,2020,2
726,2020.2/4,영등포구,영등포동,41.5,42.6,40.3,2020,2
727,2020.2/4,영등포구,도림동,44.5,43.7,45.4,2020,2
728,2020.2/4,영등포구,문래동,40.5,40.0,40.9,2020,2
729,2020.2/4,동작구,노량진2동,47.2,45.7,48.7,2020,2
730,2020.2/4,동작구,상도1동,41.3,40.2,42.3,2020,2
731,2020.2/4,동작구,상도2동,42.0,41.0,42.9,2020,2
732,2020.2/4,동작구,상도3동,43.6,42.6,44.5,2020,2
733,2020.2/4,동작구,상도4동,43.4,42.2,44.5,2020,2
734,2020.2/4,동작구,사당1동,43.0,42.7,43.2,2020,2
735,2020.2/4,동작구,사당3동,43.0,42.3,43.6,2020,2
736,2020.2/4,동작구,사당4동,44.0,43.0,44.9,2020,2
737,2020.2/4,동작구,사당5동,42.3,41.2,43.4,2020,2
738,2020.2/4,동작구,대방동,41.3,40.5,42.0,2020,2
739,2020.2/4,동작구,신대방1동,42.3,41.6,42.9,2020,2
740,2020.2/4,동작구,신대방2동,41.2,40.8,41.6,2020,2
741,2020.2/4,동작구,흑석동,43.4,42.0,44.8,2020,2
742,2020.2/4,동작구,노량진1동,43.5,42.1,44.8,2020,2
743,2020.2/4,동작구,사당2동,44.6,43.5,45.6,2020,2
744,2020.2/4,관악구,보라매동,43.5,42.5,44.4,2020,2
745,2020.2/4,관악구,청림동,42.9,41.4,44.4,2020,2
746,2020.2/4,관악구,행운동,41.2,40.8,41.5,2020,2
747,2020.2/4,관악구,낙성대동,38.4,38.1,38.7,2020,2
748,2020.2/4,관악구,중앙동,41.6,41.5,41.8,2020,2
749,2020.2/4,관악구,인헌동,41.7,40.9,42.4,2020,2
750,2020.2/4,관악구,남현동,41.8,41.4,42.3,2020,2
751,2020.2/4,관악구,서원동,41.4,40.5,42.3,2020,2
752,2020.2/4,관악구,신원동,43.3,42.2,44.4,2020,2
753,2020.2/4,관악구,서림동,42.0,41.0,43.3,2020,2
754,2020.2/4,관악구,신사동,42.1,41.4,42.8,2020,2
755,2020.2/4,관악구,신림동,37.5,37.5,37.4,2020,2
756,2020.2/4,관악구,난향동,43.6,42.8,44.5,2020,2
757,2020.2/4,관악구,조원동,42.6,42.6,42.6,2020,2
758,2020.2/4,관악구,대학동,40.9,40.2,42.0,2020,2
759,2020.2/4,관악구,은천동,42.7,41.8,43.6,2020,2
760,2020.2/4,관악구,성현동,43.3,41.9,44.6,2020,2
761,2020.2/4,관악구,청룡동,39.6,39.7,39.4,2020,2
762,2020.2/4,관악구,난곡동,45.3,44.1,46.6,2020,2
763,2020.2/4,관악구,삼성동,48.2,46.5,50.0,2020,2
764,2020.2/4,관악구,미성동,44.0,43.3,44.7,2020,2
765,2020.2/4,서초구,서초1동,41.5,40.8,42.0,2020,2
766,2020.2/4,서초구,서초2동,39.8,39.5,40.1,2020,2
767,2020.2/4,서초구,서초3동,42.2,41.5,42.9,2020,2
768,2020.2/4,서초구,서초4동,39.8,39.3,40.2,2020,2
769,2020.2/4,서초구,잠원동,40.5,39.7,41.2,2020,2
770,2020.2/4,서초구,반포본동,42.5,41.8,43.1,2020,2
771,2020.2/4,서초구,반포1동,38.8,38.5,39.0,2020,2
772,2020.2/4,서초구,반포2동,38.1,37.3,38.8,2020,2
773,2020.2/4,서초구,반포3동,40.2,39.2,41.1,2020,2
774,2020.2/4,서초구,반포4동,41.0,40.0,41.8,2020,2
775,2020.2/4,서초구,방배본동,41.5,41.1,41.8,2020,2
776,2020.2/4,서초구,방배1동,42.4,41.6,43.1,2020,2
777,2020.2/4,서초구,방배2동,43.8,42.9,44.5,2020,2
778,2020.2/4,서초구,방배3동,43.7,42.8,44.5,2020,2
779,2020.2/4,서초구,방배4동,41.3,41.1,41.4,2020,2
780,2020.2/4,서초구,양재1동,41.2,40.0,42.3,2020,2
781,2020.2/4,서초구,양재2동,41.4,40.5,42.3,2020,2
782,2020.2/4,서초구,내곡동,42.2,41.5,42.9,2020,2
783,2020.2/4,강남구,신사동,43.1,42.5,43.6,2020,2
784,2020.2/4,강남구,논현1동,41.9,41.8,42.0,2020,2
785,2020.2/4,강남구,논현2동,42.2,41.8,42.6,2020,2
786,2020.2/4,강남구,삼성1동,42.4,41.1,43.6,2020,2
787,2020.2/4,강남구,삼성2동,39.3,38.4,40.2,2020,2
788,2020.2/4,강남구,대치1동,37.3,36.4,38.3,2020,2
789,2020.2/4,강남구,대치4동,40.0,39.3,40.7,2020,2
790,2020.2/4,강남구,역삼1동,40.6,40.8,40.3,2020,2
791,2020.2/4,강남구,역삼2동,38.1,38.0,38.1,2020,2
792,2020.2/4,강남구,도곡1동,40.8,40.9,40.7,2020,2
793,2020.2/4,강남구,도곡2동,40.4,40.7,40.2,2020,2
794,2020.2/4,강남구,개포1동,46.7,46.2,47.2,2020,2
795,2020.2/4,강남구,개포4동,42.2,41.3,43.0,2020,2
796,2020.2/4,강남구,일원본동,39.5,37.8,41.1,2020,2
797,2020.2/4,강남구,일원1동,45.4,43.7,47.0,2020,2
798,2020.2/4,강남구,일원2동,43.1,40.6,45.4,2020,2
799,2020.2/4,강남구,수서동,49.9,47.5,51.9,2020,2
800,2020.2/4,강남구,세곡동,40.4,39.5,41.1,2020,2
801,2020.2/4,강남구,압구정동,42.9,42.5,43.3,2020,2
802,2020.2/4,강남구,청담동,41.4,40.6,42.1,2020,2
803,2020.2/4,강남구,대치2동,40.5,39.2,41.8,2020,2
804,2020.2/4,강남구,개포2동,41.4,40.9,41.8,2020,2
805,2020.2/4,송파구,풍납1동,46.1,44.7,47.5,2020,2
806,2020.2/4,송파구,풍납2동,41.5,41.1,41.8,2020,2
807,2020.2/4,송파구,거여1동,44.7,43.8,45.5,2020,2
808,2020.2/4,송파구,거여2동,44.9,43.6,46.2,2020,2
809,2020.2/4,송파구,마천1동,46.3,45.4,47.3,2020,2
810,2020.2/4,송파구,마천2동,46.8,45.7,47.9,2020,2
811,2020.2/4,송파구,방이1동,41.2,40.5,41.9,2020,2
812,2020.2/4,송파구,방이2동,41.8,41.4,42.2,2020,2
813,2020.2/4,송파구,오륜동,40.9,39.9,41.9,2020,2
814,2020.2/4,송파구,오금동,42.7,41.6,43.7,2020,2
815,2020.2/4,송파구,송파1동,41.7,41.4,42.0,2020,2
816,2020.2/4,송파구,송파2동,41.5,41.0,42.0,2020,2
817,2020.2/4,송파구,석촌동,41.9,41.5,42.3,2020,2
818,2020.2/4,송파구,삼전동,41.5,40.7,42.2,2020,2
819,2020.2/4,송파구,가락본동,42.3,41.8,42.9,2020,2
820,2020.2/4,송파구,가락1동,38.8,38.1,39.5,2020,2
821,2020.2/4,송파구,가락2동,40.6,39.8,41.4,2020,2
822,2020.2/4,송파구,문정1동,42.1,41.4,42.7,2020,2
823,2020.2/4,송파구,문정2동,40.8,41.2,40.5,2020,2
824,2020.2/4,송파구,잠실본동,41.8,41.4,42.1,2020,2
825,2020.2/4,송파구,잠실4동,39.0,38.3,39.7,2020,2
826,2020.2/4,송파구,잠실6동,42.2,41.7,42.7,2020,2
827,2020.2/4,송파구,잠실7동,44.8,44.9,44.6,2020,2
828,2020.2/4,송파구,잠실2동,37.1,36.7,37.4,2020,2
829,2020.2/4,송파구,잠실3동,41.2,40.6,41.7,2020,2
830,2020.2/4,송파구,장지동,41.4,40.2,42.5,2020,2
831,2020.2/4,송파구,위례동,34.8,34.2,35.4,2020,2
832,2020.2/4,강동구,강일동,41.3,40.2,42.2,2020,2
833,2020.2/4,강동구,상일동,38.8,38.2,39.4,2020,2
834,2020.2/4,강동구,명일1동,41.7,40.7,42.7,2020,2
835,2020.2/4,강동구,명일2동,41.3,40.4,42.2,2020,2
836,2020.2/4,강동구,고덕1동,38.3,37.2,39.5,2020,2
837,2020.2/4,강동구,고덕2동,40.3,39.8,40.9,2020,2
838,2020.2/4,강동구,암사2동,41.7,41.0,42.3,2020,2
839,2020.2/4,강동구,암사3동,40.3,39.7,40.8,2020,2
840,2020.2/4,강동구,천호1동,45.0,44.0,46.0,2020,2
841,2020.2/4,강동구,천호3동,44.6,44.2,45.0,2020,2
842,2020.2/4,강동구,성내1동,41.8,41.0,42.7,2020,2
843,2020.2/4,강동구,성내2동,44.6,44.2,45.1,2020,2
844,2020.2/4,강동구,성내3동,43.3,41.7,44.8,2020,2
845,2020.2/4,강동구,둔촌1동,55.6,52.2,58.7,2020,2
846,2020.2/4,강동구,둔촌2동,42.9,41.8,43.9,2020,2
847,2020.2/4,강동구,암사1동,43.7,42.7,44.7,2020,2
848,2020.2/4,강동구,천호2동,44.7,43.9,45.4,2020,2
849,2020.2/4,강동구,길동,43.9,43.0,44.7,2020,2
850,2020.3/4,종로구,사직동,45.3,44.8,45.8,2020,3
851,2020.3/4,종로구,삼청동,48.2,46.4,50.0,2020,3
852,2020.3/4,종로구,부암동,44.8,43.4,46.0,2020,3
853,2020.3/4,종로구,평창동,44.7,43.4,45.9,2020,3
854,2020.3/4,종로구,무악동,42.9,42.9,43.0,2020,3
855,2020.3/4,종로구,교남동,42.4,41.3,43.4,2020,3
856,2020.3/4,종로구,가회동,46.7,45.3,47.9,2020,3
857,2020.3/4,종로구,종로1·2·3·4가동,51.8,52.2,51.2,2020,3
858,2020.3/4,종로구,종로5·6가동,47.0,46.6,47.4,2020,3
859,2020.3/4,종로구,이화동,44.3,43.5,45.0,2020,3
860,2020.3/4,종로구,창신1동,50.7,50.1,51.3,2020,3
861,2020.3/4,종로구,창신2동,48.3,46.8,49.8,2020,3
862,2020.3/4,종로구,창신3동,45.0,44.1,45.8,2020,3
863,2020.3/4,종로구,숭인1동,46.5,45.5,47.5,2020,3
864,2020.3/4,종로구,숭인2동,45.6,46.1,45.0,2020,3
865,2020.3/4,종로구,청운효자동,43.8,42.2,45.1,2020,3
866,2020.3/4,종로구,혜화동,41.6,40.5,42.6,2020,3
867,2020.3/4,중구,소공동,42.4,43.2,41.6,2020,3
868,2020.3/4,중구,회현동,52.1,52.7,51.4,2020,3
869,2020.3/4,중구,명동,49.9,47.6,51.7,2020,3
870,2020.3/4,중구,필동,46.3,45.0,47.6,2020,3
871,2020.3/4,중구,장충동,42.4,41.2,43.6,2020,3
872,2020.3/4,중구,광희동,48.5,48.4,48.7,2020,3
873,2020.3/4,중구,을지로동,51.5,52.6,49.9,2020,3
874,2020.3/4,중구,신당5동,44.4,43.7,45.1,2020,3
875,2020.3/4,중구,황학동,43.0,42.8,43.2,2020,3
876,2020.3/4,중구,중림동,43.4,43.0,43.9,2020,3
877,2020.3/4,중구,신당동,46.1,45.9,46.3,2020,3
878,2020.3/4,중구,다산동,45.3,44.0,46.5,2020,3
879,2020.3/4,중구,약수동,46.6,45.4,47.7,2020,3
880,2020.3/4,중구,청구동,45.3,44.0,46.5,2020,3
881,2020.3/4,중구,동화동,44.3,43.2,45.4,2020,3
882,2020.3/4,용산구,후암동,44.3,42.6,45.9,2020,3
883,2020.3/4,용산구,용산2가동,46.3,44.5,48.1,2020,3
884,2020.3/4,용산구,남영동,49.6,50.9,47.5,2020,3
885,2020.3/4,용산구,원효로2동,43.6,43.2,44.0,2020,3
886,2020.3/4,용산구,효창동,41.8,40.7,42.7,2020,3
887,2020.3/4,용산구,용문동,43.7,42.7,44.7,2020,3
888,2020.3/4,용산구,이촌1동,42.3,41.0,43.4,2020,3
889,2020.3/4,용산구,이촌2동,46.1,44.2,47.7,2020,3
890,2020.3/4,용산구,이태원1동,48.1,45.9,50.0,2020,3
891,2020.3/4,용산구,이태원2동,45.9,44.1,47.4,2020,3
892,2020.3/4,용산구,서빙고동,43.1,42.0,44.2,2020,3
893,2020.3/4,용산구,보광동,46.6,44.1,49.1,2020,3
894,2020.3/4,용산구,청파동,43.9,43.4,44.3,2020,3
895,2020.3/4,용산구,원효로1동,40.8,40.6,41.0,2020,3
896,2020.3/4,용산구,한강로동,44.3,44.1,44.6,2020,3
897,2020.3/4,용산구,한남동,44.8,43.5,46.0,2020,3
898,2020.3/4,성동구,왕십리2동,42.7,41.8,43.5,2020,3
899,2020.3/4,성동구,마장동,43.4,42.6,44.1,2020,3
900,2020.3/4,성동구,사근동,38.1,37.0,39.2,2020,3
901,2020.3/4,성동구,행당1동,42.5,42.0,43.1,2020,3
902,2020.3/4,성동구,행당2동,42.6,42.0,43.2,2020,3
903,2020.3/4,성동구,응봉동,42.5,41.4,43.5,2020,3
904,2020.3/4,성동구,금호1가동,43.1,41.9,44.1,2020,3
905,2020.3/4,성동구,금호4가동,42.6,41.2,43.8,2020,3
906,2020.3/4,성동구,성수1가1동,42.6,41.9,43.3,2020,3
907,2020.3/4,성동구,성수1가2동,42.8,42.2,43.3,2020,3
908,2020.3/4,성동구,성수2가1동,45.5,44.8,46.3,2020,3
909,2020.3/4,성동구,성수2가3동,44.1,44.1,44.1,2020,3
910,2020.3/4,성동구,송정동,44.7,44.1,45.4,2020,3
911,2020.3/4,성동구,용답동,45.6,45.6,45.7,2020,3
912,2020.3/4,성동구,왕십리도선동,41.6,41.0,42.2,2020,3
913,2020.3/4,성동구,금호2·3가동,43.6,42.2,44.8,2020,3
914,2020.3/4,성동구,옥수동,42.1,41.3,42.9,2020,3
915,2020.3/4,광진구,화양동,37.6,38.2,37.1,2020,3
916,2020.3/4,광진구,군자동,42.4,41.8,43.0,2020,3
917,2020.3/4,광진구,중곡1동,43.8,43.2,44.3,2020,3
918,2020.3/4,광진구,중곡2동,42.8,42.3,43.2,2020,3
919,2020.3/4,광진구,중곡3동,44.8,43.9,45.7,2020,3
920,2020.3/4,광진구,중곡4동,44.6,43.6,45.6,2020,3
921,2020.3/4,광진구,능동,41.6,41.3,41.8,2020,3
922,2020.3/4,광진구,구의1동,42.2,41.7,42.7,2020,3
923,2020.3/4,광진구,구의2동,43.1,42.2,43.9,2020,3
924,2020.3/4,광진구,구의3동,41.8,41.4,42.2,2020,3
925,2020.3/4,광진구,광장동,38.7,37.9,39.3,2020,3
926,2020.3/4,광진구,자양1동,42.9,42.1,43.6,2020,3
927,2020.3/4,광진구,자양2동,43.0,42.2,43.9,2020,3
928,2020.3/4,광진구,자양3동,41.8,41.2,42.3,2020,3
929,2020.3/4,광진구,자양4동,46.8,46.2,47.5,2020,3
930,2020.3/4,동대문구,회기동,40.4,39.5,41.1,2020,3
931,2020.3/4,동대문구,휘경1동,41.9,41.6,42.2,2020,3
932,2020.3/4,동대문구,휘경2동,42.1,41.0,43.1,2020,3
933,2020.3/4,동대문구,청량리동,49.6,48.2,51.0,2020,3
934,2020.3/4,동대문구,용신동,44.7,44.3,45.1,2020,3
935,2020.3/4,동대문구,제기동,46.7,45.2,48.2,2020,3
936,2020.3/4,동대문구,전농1동,44.7,43.9,45.4,2020,3
937,2020.3/4,동대문구,전농2동,44.7,43.7,45.6,2020,3
938,2020.3/4,동대문구,답십리2동,44.8,43.8,45.8,2020,3
939,2020.3/4,동대문구,장안1동,43.6,43.1,44.1,2020,3
940,2020.3/4,동대문구,장안2동,42.1,41.1,43.1,2020,3
941,2020.3/4,동대문구,이문1동,43.0,42.1,43.9,2020,3
942,2020.3/4,동대문구,이문2동,44.3,43.5,45.0,2020,3
943,2020.3/4,동대문구,답십리1동,41.4,40.9,41.9,2020,3
944,2020.3/4,중랑구,면목2동,45.5,44.7,46.4,2020,3
945,2020.3/4,중랑구,면목4동,45.6,44.3,46.9,2020,3
946,2020.3/4,중랑구,면목5동,42.6,42.0,43.2,2020,3
947,2020.3/4,중랑구,면목7동,45.6,44.6,46.7,2020,3
948,2020.3/4,중랑구,상봉1동,42.6,41.5,43.7,2020,3
949,2020.3/4,중랑구,상봉2동,43.3,43.4,43.2,2020,3
950,2020.3/4,중랑구,중화1동,44.1,43.2,45.0,2020,3
951,2020.3/4,중랑구,중화2동,46.7,46.1,47.4,2020,3
952,2020.3/4,중랑구,묵1동,43.0,42.2,43.6,2020,3
953,2020.3/4,중랑구,묵2동,44.6,43.8,45.4,2020,3
954,2020.3/4,중랑구,망우3동,46.2,45.6,46.9,2020,3
955,2020.3/4,중랑구,신내1동,42.8,41.7,43.9,2020,3
956,2020.3/4,중랑구,신내2동,44.6,43.2,45.9,2020,3
957,2020.3/4,중랑구,면목본동,45.1,44.2,46.0,2020,3
958,2020.3/4,중랑구,면목3·8동,46.1,45.2,47.0,2020,3
959,2020.3/4,중랑구,망우본동,46.3,45.5,47.2,2020,3
960,2020.3/4,성북구,돈암1동,44.9,44.2,45.5,2020,3
961,2020.3/4,성북구,돈암2동,41.4,40.4,42.4,2020,3
962,2020.3/4,성북구,안암동,40.7,39.4,42.0,2020,3
963,2020.3/4,성북구,보문동,42.8,41.8,43.8,2020,3
964,2020.3/4,성북구,정릉1동,42.7,41.6,43.8,2020,3
965,2020.3/4,성북구,정릉2동,44.5,43.2,45.6,2020,3
966,2020.3/4,성북구,정릉3동,45.4,43.4,47.3,2020,3
967,2020.3/4,성북구,정릉4동,44.4,43.0,45.6,2020,3
968,2020.3/4,성북구,길음1동,39.2,38.4,40.0,2020,3
969,2020.3/4,성북구,길음2동,42.3,41.2,43.3,2020,3
970,2020.3/4,성북구,월곡1동,43.3,42.7,44.0,2020,3
971,2020.3/4,성북구,월곡2동,43.7,43.2,44.1,2020,3
972,2020.3/4,성북구,장위1동,45.4,44.2,46.6,2020,3
973,2020.3/4,성북구,장위2동,47.2,46.2,48.2,2020,3
974,2020.3/4,성북구,장위3동,41.3,40.8,41.7,2020,3
975,2020.3/4,성북구,성북동,44.7,43.8,45.4,2020,3
976,2020.3/4,성북구,삼선동,43.3,42.5,44.0,2020,3
977,2020.3/4,성북구,동선동,40.8,42.0,40.0,2020,3
978,2020.3/4,성북구,종암동,43.1,41.6,44.5,2020,3
979,2020.3/4,성북구,석관동,45.3,44.4,46.1,2020,3
980,2020.3/4,강북구,번1동,45.4,44.5,46.2,2020,3
981,2020.3/4,강북구,번2동,47.8,45.7,49.8,2020,3
982,2020.3/4,강북구,번3동,48.1,46.0,49.9,2020,3
983,2020.3/4,강북구,수유1동,46.3,45.2,47.5,2020,3
984,2020.3/4,강북구,수유2동,46.8,45.4,48.1,2020,3
985,2020.3/4,강북구,수유3동,45.9,45.0,46.8,2020,3
986,2020.3/4,강북구,삼양동,45.8,44.6,46.9,2020,3
987,2020.3/4,강북구,미아동,46.1,45.4,46.8,2020,3
988,2020.3/4,강북구,송중동,45.7,44.8,46.5,2020,3
989,2020.3/4,강북구,송천동,47.8,46.7,48.9,2020,3
990,2020.3/4,강북구,삼각산동,40.7,39.5,41.9,2020,3
991,2020.3/4,강북구,우이동,47.0,45.8,48.2,2020,3
992,2020.3/4,강북구,인수동,46.9,45.7,48.1,2020,3
993,2020.3/4,도봉구,쌍문1동,45.7,45.0,46.5,2020,3
994,2020.3/4,도봉구,쌍문2동,45.8,44.2,47.2,2020,3
995,2020.3/4,도봉구,쌍문3동,45.9,44.9,46.9,2020,3
996,2020.3/4,도봉구,쌍문4동,43.2,42.0,44.3,2020,3
997,2020.3/4,도봉구,방학1동,45.8,45.1,46.4,2020,3
998,2020.3/4,도봉구,방학2동,46.8,45.6,48.1,2020,3
999,2020.3/4,도봉구,방학3동,44.0,42.2,45.7,2020,3
1000,2020.3/4,도봉구,창1동,44.2,43.0,45.3,2020,3
1001,2020.3/4,도봉구,창2동,44.1,43.1,45.1,2020,3
1002,2020.3/4,도봉구,창3동,46.0,44.7,47.2,2020,3
1003,2020.3/4,도봉구,창4동,43.1,42.0,44.1,2020,3
1004,2020.3/4,도봉구,창5동,44.0,42.9,45.0,2020,3
1005,2020.3/4,도봉구,도봉1동,49.2,48.1,50.5,2020,3
1006,2020.3/4,도봉구,도봉2동,47.0,46.0,48.0,2020,3
1007,2020.3/4,노원구,월계1동,44.3,42.9,45.8,2020,3
1008,2020.3/4,노원구,월계2동,45.7,43.9,47.2,2020,3
1009,2020.3/4,노원구,월계3동,44.7,43.2,46.0,2020,3
1010,2020.3/4,노원구,공릉2동,40.5,39.7,41.2,2020,3
1011,2020.3/4,노원구,하계1동,43.1,40.7,45.3,2020,3
1012,2020.3/4,노원구,하계2동,41.7,40.2,43.0,2020,3
1013,2020.3/4,노원구,중계본동,39.7,38.9,40.4,2020,3
1014,2020.3/4,노원구,중계1동,38.0,36.7,39.1,2020,3
1015,2020.3/4,노원구,중계4동,44.5,42.6,46.4,2020,3
1016,2020.3/4,노원구,상계1동,44.5,43.4,45.5,2020,3
1017,2020.3/4,노원구,상계2동,43.9,43.2,44.6,2020,3
1018,2020.3/4,노원구,상계5동,46.2,44.6,47.6,2020,3
1019,2020.3/4,노원구,상계8동,39.2,37.9,40.3,2020,3
1020,2020.3/4,노원구,상계9동,42.9,41.1,44.4,2020,3
1021,2020.3/4,노원구,상계10동,42.8,41.5,43.9,2020,3
1022,2020.3/4,노원구,상계3·4동,47.1,45.6,48.5,2020,3
1023,2020.3/4,노원구,상계6·7동,42.2,40.7,43.4,2020,3
1024,2020.3/4,노원구,중계2·3동,45.3,43.2,47.1,2020,3
1025,2020.3/4,노원구,공릉1동,43.3,42.3,44.3,2020,3
1026,2020.3/4,은평구,녹번동,44.4,43.4,45.3,2020,3
1027,2020.3/4,은평구,불광1동,45.3,44.0,46.5,2020,3
1028,2020.3/4,은평구,갈현1동,45.4,44.1,46.7,2020,3
1029,2020.3/4,은평구,갈현2동,43.7,42.7,44.7,2020,3
1030,2020.3/4,은평구,구산동,44.8,44.6,45.0,2020,3
1031,2020.3/4,은평구,대조동,44.5,43.9,45.1,2020,3
1032,2020.3/4,은평구,응암1동,42.5,41.3,43.5,2020,3
1033,2020.3/4,은평구,응암2동,40.3,39.1,41.4,2020,3
1034,2020.3/4,은평구,신사1동,44.1,43.1,45.2,2020,3
1035,2020.3/4,은평구,신사2동,44.8,43.5,46.1,2020,3
1036,2020.3/4,은평구,증산동,45.7,44.8,46.7,2020,3
1037,2020.3/4,은평구,수색동,45.1,43.7,46.4,2020,3
1038,2020.3/4,은평구,진관동,40.8,40.0,41.5,2020,3
1039,2020.3/4,은평구,불광2동,46.3,45.2,47.4,2020,3
1040,2020.3/4,은평구,응암3동,47.1,45.6,48.5,2020,3
1041,2020.3/4,은평구,역촌동,44.3,43.2,45.2,2020,3
1042,2020.3/4,서대문구,천연동,44.3,43.0,45.5,2020,3
1043,2020.3/4,서대문구,홍제1동,44.6,43.4,45.5,2020,3
1044,2020.3/4,서대문구,홍제3동,46.9,45.4,48.4,2020,3
1045,2020.3/4,서대문구,홍제2동,45.4,44.0,46.6,2020,3
1046,2020.3/4,서대문구,홍은1동,45.4,44.2,46.5,2020,3
1047,2020.3/4,서대문구,홍은2동,44.9,43.6,46.1,2020,3
1048,2020.3/4,서대문구,남가좌1동,39.7,39.2,40.1,2020,3
1049,2020.3/4,서대문구,남가좌2동,41.9,41.0,42.7,2020,3
1050,2020.3/4,서대문구,북가좌1동,42.5,41.5,43.5,2020,3
1051,2020.3/4,서대문구,북가좌2동,45.1,43.9,46.2,2020,3
1052,2020.3/4,서대문구,충현동,44.0,43.2,44.7,2020,3
1053,2020.3/4,서대문구,북아현동,41.9,41.0,42.7,2020,3
1054,2020.3/4,서대문구,신촌동,37.9,38.3,37.6,2020,3
1055,2020.3/4,서대문구,연희동,43.1,41.9,44.3,2020,3
1056,2020.3/4,마포구,용강동,40.7,40.1,41.2,2020,3
1057,2020.3/4,마포구,대흥동,41.8,41.2,42.4,2020,3
1058,2020.3/4,마포구,염리동,41.5,40.5,42.3,2020,3
1059,2020.3/4,마포구,신수동,41.9,40.8,43.0,2020,3
1060,2020.3/4,마포구,서교동,41.6,41.5,41.7,2020,3
1061,2020.3/4,마포구,합정동,41.6,40.8,42.3,2020,3
1062,2020.3/4,마포구,망원1동,43.2,42.3,43.9,2020,3
1063,2020.3/4,마포구,망원2동,42.7,41.9,43.5,2020,3
1064,2020.3/4,마포구,연남동,42.9,42.0,43.6,2020,3
1065,2020.3/4,마포구,성산1동,42.6,42.0,43.2,2020,3
1066,2020.3/4,마포구,성산2동,41.8,41.0,42.5,2020,3
1067,2020.3/4,마포구,상암동,39.7,39.0,40.4,2020,3
1068,2020.3/4,마포구,도화동,43.6,42.3,44.8,2020,3
1069,2020.3/4,마포구,서강동,40.7,40.0,41.3,2020,3
1070,2020.3/4,마포구,공덕동,43.3,42.6,44.0,2020,3
1071,2020.3/4,마포구,아현동,40.6,40.2,40.8,2020,3
1072,2020.3/4,양천구,목1동,38.5,38.2,38.8,2020,3
1073,2020.3/4,양천구,목2동,42.0,41.0,42.9,2020,3
1074,2020.3/4,양천구,목3동,42.8,41.4,44.0,2020,3
1075,2020.3/4,양천구,목4동,41.0,40.0,42.1,2020,3
1076,2020.3/4,양천구,신월1동,46.4,45.6,47.3,2020,3
1077,2020.3/4,양천구,신월2동,43.9,42.9,44.9,2020,3
1078,2020.3/4,양천구,신월3동,45.5,44.8,46.4,2020,3
1079,2020.3/4,양천구,신월4동,43.2,42.2,44.2,2020,3
1080,2020.3/4,양천구,신월5동,43.2,42.2,44.1,2020,3
1081,2020.3/4,양천구,신월6동,40.1,39.3,40.9,2020,3
1082,2020.3/4,양천구,신월7동,46.4,44.8,47.9,2020,3
1083,2020.3/4,양천구,신정1동,40.1,39.3,40.9,2020,3
1084,2020.3/4,양천구,신정2동,41.2,40.4,42.0,2020,3
1085,2020.3/4,양천구,신정3동,42.0,40.8,43.0,2020,3
1086,2020.3/4,양천구,신정6동,39.4,38.8,40.0,2020,3
1087,2020.3/4,양천구,신정7동,43.2,41.8,44.4,2020,3
1088,2020.3/4,양천구,목5동,38.8,37.9,39.6,2020,3
1089,2020.3/4,양천구,신정4동,44.1,43.4,44.8,2020,3
1090,2020.3/4,강서구,염창동,38.7,38.3,39.2,2020,3
1091,2020.3/4,강서구,등촌1동,40.5,40.1,40.9,2020,3
1092,2020.3/4,강서구,등촌2동,42.5,41.4,43.6,2020,3
1093,2020.3/4,강서구,등촌3동,46.3,44.4,47.9,2020,3
1094,2020.3/4,강서구,화곡본동,41.6,40.4,42.6,2020,3
1095,2020.3/4,강서구,화곡2동,42.8,41.7,43.8,2020,3
1096,2020.3/4,강서구,화곡3동,44.3,43.5,45.0,2020,3
1097,2020.3/4,강서구,화곡4동,44.6,43.2,45.9,2020,3
1098,2020.3/4,강서구,화곡6동,43.2,42.3,44.1,2020,3
1099,2020.3/4,강서구,화곡8동,43.8,42.7,44.8,2020,3
1100,2020.3/4,강서구,가양1동,38.7,39.4,38.1,2020,3
1101,2020.3/4,강서구,가양2동,50.0,48.7,51.2,2020,3
1102,2020.3/4,강서구,가양3동,47.3,45.2,49.1,2020,3
1103,2020.3/4,강서구,발산1동,39.8,38.8,40.7,2020,3
1104,2020.3/4,강서구,공항동,41.3,40.6,42.0,2020,3
1105,2020.3/4,강서구,방화1동,41.3,40.7,41.8,2020,3
1106,2020.3/4,강서구,방화2동,45.9,44.6,47.1,2020,3
1107,2020.3/4,강서구,방화3동,46.3,44.7,47.8,2020,3
1108,2020.3/4,강서구,화곡1동,43.0,42.4,43.6,2020,3
1109,2020.3/4,강서구,우장산동,40.3,39.9,40.6,2020,3
1110,2020.3/4,구로구,신도림동,40.0,39.6,40.4,2020,3
1111,2020.3/4,구로구,구로1동,40.0,39.3,40.7,2020,3
1112,2020.3/4,구로구,구로3동,41.8,41.1,42.5,2020,3
1113,2020.3/4,구로구,구로4동,47.0,46.1,47.9,2020,3
1114,2020.3/4,구로구,구로5동,42.9,42.7,43.0,2020,3
1115,2020.3/4,구로구,고척1동,44.4,43.5,45.4,2020,3
1116,2020.3/4,구로구,고척2동,44.5,43.7,45.2,2020,3
1117,2020.3/4,구로구,개봉2동,44.7,43.8,45.4,2020,3
1118,2020.3/4,구로구,개봉3동,45.6,44.5,46.6,2020,3
1119,2020.3/4,구로구,오류1동,43.4,43.2,43.7,2020,3
1120,2020.3/4,구로구,수궁동,44.3,43.0,45.5,2020,3
1121,2020.3/4,구로구,가리봉동,48.9,47.9,50.0,2020,3
1122,2020.3/4,구로구,구로2동,48.2,46.9,49.5,2020,3
1123,2020.3/4,구로구,개봉1동,44.6,43.9,45.2,2020,3
1124,2020.3/4,구로구,오류2동,42.6,41.6,43.5,2020,3
1125,2020.3/4,구로구,항동,36.0,35.3,36.6,2020,3
1126,2020.3/4,금천구,가산동,40.6,41.1,40.0,2020,3
1127,2020.3/4,금천구,독산1동,41.3,40.7,41.8,2020,3
1128,2020.3/4,금천구,독산2동,45.6,44.8,46.5,2020,3
1129,2020.3/4,금천구,독산3동,45.9,45.0,46.7,2020,3
1130,2020.3/4,금천구,독산4동,46.1,45.4,46.9,2020,3
1131,2020.3/4,금천구,시흥1동,44.7,43.7,45.8,2020,3
1132,2020.3/4,금천구,시흥2동,44.4,43.5,45.2,2020,3
1133,2020.3/4,금천구,시흥3동,46.7,45.7,47.7,2020,3
1134,2020.3/4,금천구,시흥4동,45.8,44.9,46.7,2020,3
1135,2020.3/4,금천구,시흥5동,47.0,45.7,48.3,2020,3
1136,2020.3/4,영등포구,여의동,43.3,42.7,43.9,2020,3
1137,2020.3/4,영등포구,당산1동,43.3,42.9,43.6,2020,3
1138,2020.3/4,영등포구,당산2동,40.0,39.9,40.1,2020,3
1139,2020.3/4,영등포구,양평1동,41.0,40.3,41.7,2020,3
1140,2020.3/4,영등포구,양평2동,39.9,39.5,40.4,2020,3
1141,2020.3/4,영등포구,신길1동,45.1,44.0,46.2,2020,3
1142,2020.3/4,영등포구,신길3동,44.6,43.5,45.6,2020,3
1143,2020.3/4,영등포구,신길4동,47.5,46.0,49.0,2020,3
1144,2020.3/4,영등포구,신길5동,44.6,43.5,45.6,2020,3
1145,2020.3/4,영등포구,신길6동,44.0,43.0,45.0,2020,3
1146,2020.3/4,영등포구,신길7동,39.9,38.9,40.8,2020,3
1147,2020.3/4,영등포구,대림1동,45.8,44.4,47.1,2020,3
1148,2020.3/4,영등포구,대림2동,47.6,46.5,48.7,2020,3
1149,2020.3/4,영등포구,대림3동,45.6,44.6,46.5,2020,3
1150,2020.3/4,영등포구,영등포본동,44.9,44.2,45.6,2020,3
1151,2020.3/4,영등포구,영등포동,41.5,42.6,40.1,2020,3
1152,2020.3/4,영등포구,도림동,44.6,43.9,45.4,2020,3
1153,2020.3/4,영등포구,문래동,40.6,40.1,41.1,2020,3
1154,2020.3/4,동작구,노량진2동,47.2,45.8,48.8,2020,3
1155,2020.3/4,동작구,상도1동,41.5,40.4,42.5,2020,3
1156,2020.3/4,동작구,상도2동,42.2,41.2,43.1,2020,3
1157,2020.3/4,동작구,상도3동,43.8,42.9,44.7,2020,3
1158,2020.3/4,동작구,상도4동,43.6,42.4,44.7,2020,3
1159,2020.3/4,동작구,사당1동,43.1,42.7,43.4,2020,3
1160,2020.3/4,동작구,사당3동,43.1,42.5,43.7,2020,3
1161,2020.3/4,동작구,사당4동,44.2,43.2,45.1,2020,3
1162,2020.3/4,동작구,사당5동,42.3,41.2,43.4,2020,3
1163,2020.3/4,동작구,대방동,41.5,40.7,42.2,2020,3
1164,2020.3/4,동작구,신대방1동,42.4,41.7,43.0,2020,3
1165,2020.3/4,동작구,신대방2동,41.3,40.9,41.7,2020,3
1166,2020.3/4,동작구,흑석동,43.6,42.2,45.0,2020,3
1167,2020.3/4,동작구,노량진1동,43.5,42.1,44.8,2020,3
1168,2020.3/4,동작구,사당2동,44.8,43.7,45.8,2020,3
1169,2020.3/4,관악구,보라매동,43.7,42.6,44.6,2020,3
1170,2020.3/4,관악구,청림동,43.1,41.6,44.6,2020,3
1171,2020.3/4,관악구,행운동,41.4,41.0,41.7,2020,3
1172,2020.3/4,관악구,낙성대동,38.5,38.2,38.8,2020,3
1173,2020.3/4,관악구,중앙동,41.8,41.8,41.8,2020,3
1174,2020.3/4,관악구,인헌동,41.8,41.0,42.5,2020,3
1175,2020.3/4,관악구,남현동,42.1,41.6,42.5,2020,3
1176,2020.3/4,관악구,서원동,41.5,40.7,42.4,2020,3
1177,2020.3/4,관악구,신원동,43.4,42.2,44.5,2020,3
1178,2020.3/4,관악구,서림동,42.1,41.1,43.3,2020,3
1179,2020.3/4,관악구,신사동,42.2,41.6,42.9,2020,3
1180,2020.3/4,관악구,신림동,37.5,37.6,37.4,2020,3
1181,2020.3/4,관악구,난향동,43.7,42.9,44.6,2020,3
1182,2020.3/4,관악구,조원동,42.7,42.7,42.7,2020,3
1183,2020.3/4,관악구,대학동,41.1,40.4,42.1,2020,3
1184,2020.3/4,관악구,은천동,42.9,42.0,43.8,2020,3
1185,2020.3/4,관악구,성현동,43.4,42.0,44.8,2020,3
1186,2020.3/4,관악구,청룡동,39.5,39.6,39.4,2020,3
1187,2020.3/4,관악구,난곡동,45.5,44.3,46.7,2020,3
1188,2020.3/4,관악구,삼성동,48.4,46.6,50.1,2020,3
1189,2020.3/4,관악구,미성동,44.2,43.4,44.9,2020,3
1190,2020.3/4,서초구,서초1동,41.5,40.9,42.1,2020,3
1191,2020.3/4,서초구,서초2동,39.9,39.7,40.1,2020,3
1192,2020.3/4,서초구,서초3동,42.2,41.5,42.9,2020,3
1193,2020.3/4,서초구,서초4동,39.9,39.4,40.4,2020,3
1194,2020.3/4,서초구,잠원동,40.5,39.7,41.2,2020,3
1195,2020.3/4,서초구,반포본동,42.6,42.0,43.3,2020,3
1196,2020.3/4,서초구,반포1동,38.9,38.6,39.1,2020,3
1197,2020.3/4,서초구,반포2동,38.2,37.5,39.0,2020,3
1198,2020.3/4,서초구,반포3동,40.4,39.3,41.3,2020,3
1199,2020.3/4,서초구,반포4동,41.1,40.2,42.0,2020,3
1200,2020.3/4,서초구,방배본동,41.5,41.1,41.8,2020,3
1201,2020.3/4,서초구,방배1동,42.6,41.9,43.3,2020,3
1202,2020.3/4,서초구,방배2동,43.9,43.0,44.6,2020,3
1203,2020.3/4,서초구,방배3동,43.8,43.0,44.6,2020,3
1204,2020.3/4,서초구,방배4동,41.3,41.2,41.5,2020,3
1205,2020.3/4,서초구,양재1동,41.4,40.2,42.5,2020,3
1206,2020.3/4,서초구,양재2동,41.5,40.7,42.4,2020,3
1207,2020.3/4,서초구,내곡동,42.4,41.6,43.1,2020,3
1208,2020.3/4,강남구,신사동,43.2,42.6,43.8,2020,3
1209,2020.3/4,강남구,논현1동,42.1,41.9,42.2,2020,3
1210,2020.3/4,강남구,논현2동,42.3,41.9,42.7,2020,3
1211,2020.3/4,강남구,삼성1동,42.6,41.3,43.8,2020,3
1212,2020.3/4,강남구,삼성2동,39.4,38.5,40.3,2020,3
1213,2020.3/4,강남구,대치1동,37.4,36.5,38.4,2020,3
1214,2020.3/4,강남구,대치4동,40.0,39.3,40.7,2020,3
1215,2020.3/4,강남구,역삼1동,40.5,40.7,40.4,2020,3
1216,2020.3/4,강남구,역삼2동,38.1,38.1,38.2,2020,3
1217,2020.3/4,강남구,도곡1동,41.0,41.1,40.8,2020,3
1218,2020.3/4,강남구,도곡2동,40.5,40.8,40.3,2020,3
1219,2020.3/4,강남구,개포1동,46.8,46.2,47.4,2020,3
1220,2020.3/4,강남구,개포4동,42.3,41.4,43.1,2020,3
1221,2020.3/4,강남구,일원본동,39.6,37.9,41.3,2020,3
1222,2020.3/4,강남구,일원1동,45.5,43.7,47.3,2020,3
1223,2020.3/4,강남구,일원2동,43.3,40.7,45.6,2020,3
1224,2020.3/4,강남구,수서동,50.2,47.7,52.2,2020,3
1225,2020.3/4,강남구,세곡동,40.5,39.7,41.3,2020,3
1226,2020.3/4,강남구,압구정동,43.2,42.8,43.5,2020,3
1227,2020.3/4,강남구,청담동,41.5,40.7,42.2,2020,3
1228,2020.3/4,강남구,대치2동,40.5,39.2,41.9,2020,3
1229,2020.3/4,강남구,개포2동,41.5,41.1,41.9,2020,3
1230,2020.3/4,송파구,풍납1동,46.3,44.8,47.8,2020,3
1231,2020.3/4,송파구,풍납2동,41.6,41.2,41.9,2020,3
1232,2020.3/4,송파구,거여1동,44.7,43.8,45.6,2020,3
1233,2020.3/4,송파구,거여2동,44.4,43.2,45.6,2020,3
1234,2020.3/4,송파구,마천1동,46.5,45.6,47.5,2020,3
1235,2020.3/4,송파구,마천2동,47.0,45.9,48.1,2020,3
1236,2020.3/4,송파구,방이1동,41.3,40.6,42.0,2020,3
1237,2020.3/4,송파구,방이2동,41.9,41.5,42.2,2020,3
1238,2020.3/4,송파구,오륜동,41.1,40.1,42.1,2020,3
1239,2020.3/4,송파구,오금동,42.9,41.8,44.0,2020,3
1240,2020.3/4,송파구,송파1동,41.9,41.5,42.1,2020,3
1241,2020.3/4,송파구,송파2동,41.7,41.2,42.2,2020,3
1242,2020.3/4,송파구,석촌동,42.1,41.7,42.4,2020,3
1243,2020.3/4,송파구,삼전동,41.6,40.9,42.3,2020,3
1244,2020.3/4,송파구,가락본동,42.6,42.1,43.0,2020,3
1245,2020.3/4,송파구,가락1동,38.9,38.2,39.6,2020,3
1246,2020.3/4,송파구,가락2동,40.8,40.0,41.6,2020,3
1247,2020.3/4,송파구,문정1동,42.3,41.6,42.9,2020,3
1248,2020.3/4,송파구,문정2동,41.0,41.4,40.7,2020,3
1249,2020.3/4,송파구,잠실본동,41.8,41.5,42.1,2020,3
1250,2020.3/4,송파구,잠실4동,39.1,38.4,39.7,2020,3
1251,2020.3/4,송파구,잠실6동,42.3,41.9,42.7,2020,3
1252,2020.3/4,송파구,잠실7동,45.0,45.2,44.9,2020,3
1253,2020.3/4,송파구,잠실2동,37.2,36.8,37.7,2020,3
1254,2020.3/4,송파구,잠실3동,41.4,40.8,41.9,2020,3
1255,2020.3/4,송파구,장지동,41.5,40.2,42.6,2020,3
1256,2020.3/4,송파구,위례동,34.9,34.3,35.6,2020,3
1257,2020.3/4,강동구,강일동,41.2,40.1,42.2,2020,3
1258,2020.3/4,강동구,상일동,38.9,38.3,39.4,2020,3
1259,2020.3/4,강동구,명일1동,41.8,40.8,42.8,2020,3
1260,2020.3/4,강동구,명일2동,41.4,40.5,42.3,2020,3
1261,2020.3/4,강동구,고덕1동,38.4,37.4,39.5,2020,3
1262,2020.3/4,강동구,고덕2동,40.3,39.7,40.9,2020,3
1263,2020.3/4,강동구,암사2동,41.8,41.2,42.4,2020,3
1264,2020.3/4,강동구,암사3동,40.4,39.8,40.9,2020,3
1265,2020.3/4,강동구,천호1동,45.2,44.2,46.2,2020,3
1266,2020.3/4,강동구,천호3동,44.6,44.2,45.0,2020,3
1267,2020.3/4,강동구,성내1동,41.9,41.0,42.8,2020,3
1268,2020.3/4,강동구,성내2동,44.8,44.4,45.2,2020,3
1269,2020.3/4,강동구,성내3동,43.4,41.9,44.9,2020,3
1270,2020.3/4,강동구,둔촌1동,55.9,52.6,59.0,2020,3
1271,2020.3/4,강동구,둔촌2동,43.1,42.1,44.0,2020,3
1272,2020.3/4,강동구,암사1동,43.9,42.9,44.9,2020,3
1273,2020.3/4,강동구,천호2동,44.8,44.1,45.4,2020,3
1274,2020.3/4,강동구,길동,44.0,43.2,44.8,2020,3
1275,2020.4/4,종로구,사직동,45.4,44.9,45.8,2020,4
1276,2020.4/4,종로구,삼청동,48.3,46.5,49.9,2020,4
1277,2020.4/4,종로구,부암동,44.8,43.5,46.1,2020,4
1278,2020.4/4,종로구,평창동,44.9,43.5,46.0,2020,4
1279,2020.4/4,종로구,무악동,43.1,43.0,43.1,2020,4
1280,2020.4/4,종로구,교남동,42.6,41.5,43.6,2020,4
1281,2020.4/4,종로구,가회동,46.8,45.2,48.1,2020,4
1282,2020.4/4,종로구,종로1·2·3·4가동,51.6,51.9,51.1,2020,4
1283,2020.4/4,종로구,종로5·6가동,47.2,47.1,47.4,2020,4
1284,2020.4/4,종로구,이화동,44.5,43.6,45.2,2020,4
1285,2020.4/4,종로구,창신1동,50.8,50.3,51.4,2020,4
1286,2020.4/4,종로구,창신2동,48.4,47.1,49.9,2020,4
1287,2020.4/4,종로구,창신3동,45.2,44.2,46.1,2020,4
1288,2020.4/4,종로구,숭인1동,46.8,45.7,47.8,2020,4
1289,2020.4/4,종로구,숭인2동,45.4,46.0,44.8,2020,4
1290,2020.4/4,종로구,청운효자동,43.9,42.4,45.3,2020,4
1291,2020.4/4,종로구,혜화동,41.8,40.8,42.7,2020,4
1292,2020.4/4,중구,소공동,42.4,43.0,41.8,2020,4
1293,2020.4/4,중구,회현동,52.3,53.0,51.5,2020,4
1294,2020.4/4,중구,명동,50.1,47.5,51.9,2020,4
1295,2020.4/4,중구,필동,46.4,45.2,47.8,2020,4
1296,2020.4/4,중구,장충동,42.5,41.2,43.8,2020,4
1297,2020.4/4,중구,광희동,48.1,48.3,47.9,2020,4
1298,2020.4/4,중구,을지로동,51.8,52.8,50.2,2020,4
1299,2020.4/4,중구,신당5동,44.6,43.9,45.3,2020,4
1300,2020.4/4,중구,황학동,43.2,43.0,43.3,2020,4
1301,2020.4/4,중구,중림동,43.6,43.1,44.1,2020,4
1302,2020.4/4,중구,신당동,46.0,45.9,46.2,2020,4
1303,2020.4/4,중구,다산동,45.5,44.2,46.7,2020,4
1304,2020.4/4,중구,약수동,46.9,45.7,48.0,2020,4
1305,2020.4/4,중구,청구동,45.5,44.3,46.7,2020,4
1306,2020.4/4,중구,동화동,44.6,43.4,45.7,2020,4
1307,2020.4/4,용산구,후암동,44.4,42.8,46.0,2020,4
1308,2020.4/4,용산구,용산2가동,46.6,44.7,48.3,2020,4
1309,2020.4/4,용산구,남영동,49.7,50.9,47.7,2020,4
1310,2020.4/4,용산구,원효로2동,43.8,43.4,44.2,2020,4
1311,2020.4/4,용산구,효창동,41.9,40.9,42.8,2020,4
1312,2020.4/4,용산구,용문동,43.9,42.8,44.9,2020,4
1313,2020.4/4,용산구,이촌1동,42.4,41.1,43.6,2020,4
1314,2020.4/4,용산구,이촌2동,46.1,44.3,47.7,2020,4
1315,2020.4/4,용산구,이태원1동,48.2,46.0,50.1,2020,4
1316,2020.4/4,용산구,이태원2동,45.8,44.2,47.3,2020,4
1317,2020.4/4,용산구,서빙고동,43.2,42.1,44.3,2020,4
1318,2020.4/4,용산구,보광동,46.7,44.3,49.1,2020,4
1319,2020.4/4,용산구,청파동,44.1,43.6,44.5,2020,4
1320,2020.4/4,용산구,원효로1동,40.8,40.6,41.1,2020,4
1321,2020.4/4,용산구,한강로동,44.2,44.0,44.5,2020,4
1322,2020.4/4,용산구,한남동,44.9,43.6,46.1,2020,4
1323,2020.4/4,성동구,왕십리2동,42.8,42.0,43.5,2020,4
1324,2020.4/4,성동구,마장동,43.5,42.8,44.2,2020,4
1325,2020.4/4,성동구,사근동,38.2,37.2,39.3,2020,4
1326,2020.4/4,성동구,행당1동,42.7,42.1,43.2,2020,4
1327,2020.4/4,성동구,행당2동,42.8,42.1,43.4,2020,4
1328,2020.4/4,성동구,응봉동,42.6,41.5,43.6,2020,4
1329,2020.4/4,성동구,금호1가동,43.4,42.2,44.5,2020,4
1330,2020.4/4,성동구,금호4가동,42.7,41.4,43.9,2020,4
1331,2020.4/4,성동구,성수1가1동,42.8,42.0,43.6,2020,4
1332,2020.4/4,성동구,성수1가2동,42.9,42.5,43.3,2020,4
1333,2020.4/4,성동구,성수2가1동,45.7,45.0,46.5,2020,4
1334,2020.4/4,성동구,성수2가3동,44.2,44.2,44.3,2020,4
1335,2020.4/4,성동구,송정동,44.9,44.3,45.5,2020,4
1336,2020.4/4,성동구,용답동,45.9,45.9,45.9,2020,4
1337,2020.4/4,성동구,왕십리도선동,41.7,41.0,42.3,2020,4
1338,2020.4/4,성동구,금호2·3가동,43.7,42.4,44.9,2020,4
1339,2020.4/4,성동구,옥수동,42.3,41.5,43.1,2020,4
1340,2020.4/4,광진구,화양동,37.7,38.3,37.1,2020,4
1341,2020.4/4,광진구,군자동,42.4,41.9,42.9,2020,4
1342,2020.4/4,광진구,중곡1동,43.7,43.3,44.2,2020,4
1343,2020.4/4,광진구,중곡2동,42.9,42.4,43.3,2020,4
1344,2020.4/4,광진구,중곡3동,44.9,43.9,45.8,2020,4
1345,2020.4/4,광진구,중곡4동,44.8,43.8,45.8,2020,4
1346,2020.4/4,광진구,능동,41.7,41.5,41.9,2020,4
1347,2020.4/4,광진구,구의1동,42.4,41.8,42.9,2020,4
1348,2020.4/4,광진구,구의2동,43.2,42.3,44.1,2020,4
1349,2020.4/4,광진구,구의3동,42.0,41.5,42.4,2020,4
1350,2020.4/4,광진구,광장동,38.8,38.1,39.4,2020,4
1351,2020.4/4,광진구,자양1동,43.1,42.3,43.8,2020,4
1352,2020.4/4,광진구,자양2동,43.3,42.4,44.2,2020,4
1353,2020.4/4,광진구,자양3동,41.9,41.4,42.4,2020,4
1354,2020.4/4,광진구,자양4동,46.9,46.2,47.6,2020,4
1355,2020.4/4,동대문구,회기동,40.4,39.5,41.2,2020,4
1356,2020.4/4,동대문구,휘경1동,41.7,41.5,41.9,2020,4
1357,2020.4/4,동대문구,휘경2동,42.2,41.2,43.2,2020,4
1358,2020.4/4,동대문구,청량리동,49.9,48.5,51.4,2020,4
1359,2020.4/4,동대문구,용신동,44.7,44.4,45.1,2020,4
1360,2020.4/4,동대문구,제기동,46.8,45.4,48.4,2020,4
1361,2020.4/4,동대문구,전농1동,44.8,44.0,45.5,2020,4
1362,2020.4/4,동대문구,전농2동,44.9,43.9,45.8,2020,4
1363,2020.4/4,동대문구,답십리2동,45.0,44.0,46.0,2020,4
1364,2020.4/4,동대문구,장안1동,43.7,43.2,44.2,2020,4
1365,2020.4/4,동대문구,장안2동,42.3,41.4,43.2,2020,4
1366,2020.4/4,동대문구,이문1동,43.1,42.2,44.1,2020,4
1367,2020.4/4,동대문구,이문2동,44.4,43.6,45.2,2020,4
1368,2020.4/4,동대문구,답십리1동,41.6,41.0,42.1,2020,4
1369,2020.4/4,중랑구,면목2동,45.7,45.0,46.5,2020,4
1370,2020.4/4,중랑구,면목4동,45.8,44.5,47.0,2020,4
1371,2020.4/4,중랑구,면목5동,42.7,42.0,43.3,2020,4
1372,2020.4/4,중랑구,면목7동,45.7,44.7,46.8,2020,4
1373,2020.4/4,중랑구,상봉1동,42.8,41.7,43.9,2020,4
1374,2020.4/4,중랑구,상봉2동,43.3,43.4,43.2,2020,4
1375,2020.4/4,중랑구,중화1동,44.2,43.3,45.1,2020,4
1376,2020.4/4,중랑구,중화2동,47.0,46.4,47.7,2020,4
1377,2020.4/4,중랑구,묵1동,43.2,42.4,43.9,2020,4
1378,2020.4/4,중랑구,묵2동,44.8,44.0,45.6,2020,4
1379,2020.4/4,중랑구,망우3동,46.5,45.8,47.1,2020,4
1380,2020.4/4,중랑구,신내1동,43.1,41.9,44.1,2020,4
1381,2020.4/4,중랑구,신내2동,44.8,43.4,46.1,2020,4
1382,2020.4/4,중랑구,면목본동,45.2,44.3,46.1,2020,4
1383,2020.4/4,중랑구,면목3·8동,46.3,45.4,47.2,2020,4
1384,2020.4/4,중랑구,망우본동,46.5,45.7,47.2,2020,4
1385,2020.4/4,성북구,돈암1동,45.1,44.3,45.7,2020,4
1386,2020.4/4,성북구,돈암2동,41.6,40.5,42.5,2020,4
1387,2020.4/4,성북구,안암동,40.7,39.5,42.0,2020,4
1388,2020.4/4,성북구,보문동,43.1,42.1,43.9,2020,4
1389,2020.4/4,성북구,정릉1동,42.9,41.7,44.0,2020,4
1390,2020.4/4,성북구,정릉2동,44.5,43.3,45.7,2020,4
1391,2020.4/4,성북구,정릉3동,45.5,43.5,47.5,2020,4
1392,2020.4/4,성북구,정릉4동,44.6,43.2,45.9,2020,4
1393,2020.4/4,성북구,길음1동,39.3,38.5,40.1,2020,4
1394,2020.4/4,성북구,길음2동,42.4,41.3,43.4,2020,4
1395,2020.4/4,성북구,월곡1동,43.5,42.8,44.1,2020,4
1396,2020.4/4,성북구,월곡2동,43.8,43.3,44.3,2020,4
1397,2020.4/4,성북구,장위1동,45.5,44.3,46.7,2020,4
1398,2020.4/4,성북구,장위2동,47.4,46.3,48.4,2020,4
1399,2020.4/4,성북구,장위3동,41.0,40.5,41.5,2020,4
1400,2020.4/4,성북구,성북동,44.7,43.8,45.5,2020,4
1401,2020.4/4,성북구,삼선동,43.4,42.6,44.2,2020,4
1402,2020.4/4,성북구,동선동,40.9,42.0,40.1,2020,4
1403,2020.4/4,성북구,종암동,43.2,41.8,44.7,2020,4
1404,2020.4/4,성북구,석관동,45.5,44.6,46.3,2020,4
1405,2020.4/4,강북구,번1동,45.6,44.7,46.4,2020,4
1406,2020.4/4,강북구,번2동,48.1,46.0,50.0,2020,4
1407,2020.4/4,강북구,번3동,48.3,46.2,50.1,2020,4
1408,2020.4/4,강북구,수유1동,46.5,45.3,47.7,2020,4
1409,2020.4/4,강북구,수유2동,47.0,45.5,48.3,2020,4
1410,2020.4/4,강북구,수유3동,46.1,45.2,46.9,2020,4
1411,2020.4/4,강북구,삼양동,46.0,44.8,47.1,2020,4
1412,2020.4/4,강북구,미아동,46.3,45.6,46.9,2020,4
1413,2020.4/4,강북구,송중동,45.8,44.9,46.6,2020,4
1414,2020.4/4,강북구,송천동,48.0,46.9,49.1,2020,4
1415,2020.4/4,강북구,삼각산동,40.9,39.7,42.0,2020,4
1416,2020.4/4,강북구,우이동,47.3,46.0,48.5,2020,4
1417,2020.4/4,강북구,인수동,47.1,45.8,48.3,2020,4
1418,2020.4/4,도봉구,쌍문1동,46.0,45.2,46.7,2020,4
1419,2020.4/4,도봉구,쌍문2동,45.9,44.4,47.4,2020,4
1420,2020.4/4,도봉구,쌍문3동,46.1,45.0,47.1,2020,4
1421,2020.4/4,도봉구,쌍문4동,43.5,42.3,44.5,2020,4
1422,2020.4/4,도봉구,방학1동,46.0,45.3,46.7,2020,4
1423,2020.4/4,도봉구,방학2동,47.0,45.7,48.3,2020,4
1424,2020.4/4,도봉구,방학3동,44.2,42.4,46.0,2020,4
1425,2020.4/4,도봉구,창1동,44.3,43.1,45.4,2020,4
1426,2020.4/4,도봉구,창2동,44.3,43.3,45.3,2020,4
1427,2020.4/4,도봉구,창3동,46.2,44.9,47.5,2020,4
1428,2020.4/4,도봉구,창4동,43.3,42.2,44.3,2020,4
1429,2020.4/4,도봉구,창5동,44.1,43.1,45.1,2020,4
1430,2020.4/4,도봉구,도봉1동,49.5,48.3,50.7,2020,4
1431,2020.4/4,도봉구,도봉2동,47.2,46.2,48.2,2020,4
1432,2020.4/4,노원구,월계1동,44.4,43.0,45.9,2020,4
1433,2020.4/4,노원구,월계2동,45.9,44.2,47.5,2020,4
1434,2020.4/4,노원구,월계3동,44.9,43.4,46.2,2020,4
1435,2020.4/4,노원구,공릉2동,40.6,39.8,41.4,2020,4
1436,2020.4/4,노원구,하계1동,43.4,41.0,45.5,2020,4
1437,2020.4/4,노원구,하계2동,41.9,40.4,43.2,2020,4
1438,2020.4/4,노원구,중계본동,39.7,38.9,40.5,2020,4
1439,2020.4/4,노원구,중계1동,38.0,36.8,39.2,2020,4
1440,2020.4/4,노원구,중계4동,44.7,42.8,46.5,2020,4
1441,2020.4/4,노원구,상계1동,44.7,43.5,45.7,2020,4
1442,2020.4/4,노원구,상계2동,44.1,43.5,44.7,2020,4
1443,2020.4/4,노원구,상계5동,46.3,44.9,47.7,2020,4
1444,2020.4/4,노원구,상계8동,39.3,38.1,40.5,2020,4
1445,2020.4/4,노원구,상계9동,43.1,41.4,44.6,2020,4
1446,2020.4/4,노원구,상계10동,42.6,41.4,43.6,2020,4
1447,2020.4/4,노원구,상계3·4동,47.2,45.7,48.7,2020,4
1448,2020.4/4,노원구,상계6·7동,42.3,40.8,43.7,2020,4
1449,2020.4/4,노원구,중계2·3동,45.4,43.4,47.2,2020,4
1450,2020.4/4,노원구,공릉1동,43.5,42.5,44.4,2020,4
1451,2020.4/4,은평구,녹번동,44.6,43.6,45.4,2020,4
1452,2020.4/4,은평구,불광1동,45.5,44.2,46.7,2020,4
1453,2020.4/4,은평구,갈현1동,45.6,44.3,46.9,2020,4
1454,2020.4/4,은평구,갈현2동,44.0,42.9,44.9,2020,4
1455,2020.4/4,은평구,구산동,45.0,44.8,45.2,2020,4
1456,2020.4/4,은평구,대조동,44.7,44.1,45.3,2020,4
1457,2020.4/4,은평구,응암1동,42.5,41.4,43.5,2020,4
1458,2020.4/4,은평구,응암2동,40.4,39.3,41.5,2020,4
1459,2020.4/4,은평구,신사1동,44.3,43.2,45.4,2020,4
1460,2020.4/4,은평구,신사2동,45.0,43.7,46.3,2020,4
1461,2020.4/4,은평구,증산동,45.9,45.1,46.7,2020,4
1462,2020.4/4,은평구,수색동,45.1,43.8,46.4,2020,4
1463,2020.4/4,은평구,진관동,41.0,40.2,41.7,2020,4
1464,2020.4/4,은평구,불광2동,46.6,45.4,47.7,2020,4
1465,2020.4/4,은평구,응암3동,47.3,45.7,48.7,2020,4
1466,2020.4/4,은평구,역촌동,44.5,43.4,45.4,2020,4
1467,2020.4/4,서대문구,천연동,44.5,43.2,45.6,2020,4
1468,2020.4/4,서대문구,홍제1동,44.8,43.6,45.8,2020,4
1469,2020.4/4,서대문구,홍제3동,47.2,45.6,48.6,2020,4
1470,2020.4/4,서대문구,홍제2동,45.6,44.1,46.9,2020,4
1471,2020.4/4,서대문구,홍은1동,45.4,44.2,46.5,2020,4
1472,2020.4/4,서대문구,홍은2동,45.1,43.7,46.3,2020,4
1473,2020.4/4,서대문구,남가좌1동,39.8,39.3,40.3,2020,4
1474,2020.4/4,서대문구,남가좌2동,42.1,41.2,43.0,2020,4
1475,2020.4/4,서대문구,북가좌1동,42.7,41.6,43.6,2020,4
1476,2020.4/4,서대문구,북가좌2동,45.3,44.1,46.5,2020,4
1477,2020.4/4,서대문구,충현동,43.9,43.1,44.7,2020,4
1478,2020.4/4,서대문구,북아현동,42.0,41.1,42.8,2020,4
1479,2020.4/4,서대문구,신촌동,38.0,38.4,37.6,2020,4
1480,2020.4/4,서대문구,연희동,43.1,42.0,44.2,2020,4
1481,2020.4/4,마포구,용강동,40.8,40.3,41.2,2020,4
1482,2020.4/4,마포구,대흥동,41.9,41.3,42.6,2020,4
1483,2020.4/4,마포구,염리동,41.4,40.6,42.3,2020,4
1484,2020.4/4,마포구,신수동,42.0,40.9,43.1,2020,4
1485,2020.4/4,마포구,서교동,41.6,41.5,41.6,2020,4
1486,2020.4/4,마포구,합정동,41.8,41.1,42.5,2020,4
1487,2020.4/4,마포구,망원1동,43.4,42.5,44.1,2020,4
1488,2020.4/4,마포구,망원2동,42.9,42.1,43.6,2020,4
1489,2020.4/4,마포구,연남동,43.0,42.1,43.8,2020,4
1490,2020.4/4,마포구,성산1동,42.9,42.2,43.5,2020,4
1491,2020.4/4,마포구,성산2동,42.0,41.1,42.6,2020,4
1492,2020.4/4,마포구,상암동,39.9,39.2,40.5,2020,4
1493,2020.4/4,마포구,도화동,43.8,42.4,45.0,2020,4
1494,2020.4/4,마포구,서강동,40.9,40.2,41.5,2020,4
1495,2020.4/4,마포구,공덕동,43.3,42.6,44.0,2020,4
1496,2020.4/4,마포구,아현동,40.6,40.2,41.0,2020,4
1497,2020.4/4,양천구,목1동,38.6,38.2,38.9,2020,4
1498,2020.4/4,양천구,목2동,42.1,41.2,43.0,2020,4
1499,2020.4/4,양천구,목3동,42.9,41.6,44.1,2020,4
1500,2020.4/4,양천구,목4동,41.2,40.1,42.2,2020,4
1501,2020.4/4,양천구,신월1동,46.6,45.7,47.5,2020,4
1502,2020.4/4,양천구,신월2동,44.1,43.2,45.0,2020,4
1503,2020.4/4,양천구,신월3동,45.7,45.0,46.5,2020,4
1504,2020.4/4,양천구,신월4동,43.4,42.3,44.5,2020,4
1505,2020.4/4,양천구,신월5동,43.4,42.4,44.4,2020,4
1506,2020.4/4,양천구,신월6동,40.2,39.4,41.0,2020,4
1507,2020.4/4,양천구,신월7동,46.6,45.0,48.2,2020,4
1508,2020.4/4,양천구,신정1동,40.2,39.4,40.9,2020,4
1509,2020.4/4,양천구,신정2동,41.3,40.5,42.1,2020,4
1510,2020.4/4,양천구,신정3동,42.2,41.1,43.2,2020,4
1511,2020.4/4,양천구,신정6동,39.5,38.9,40.1,2020,4
1512,2020.4/4,양천구,신정7동,43.3,41.9,44.6,2020,4
1513,2020.4/4,양천구,목5동,38.9,38.0,39.8,2020,4
1514,2020.4/4,양천구,신정4동,44.3,43.5,45.0,2020,4
1515,2020.4/4,강서구,염창동,38.9,38.4,39.3,2020,4
1516,2020.4/4,강서구,등촌1동,40.4,40.0,40.8,2020,4
1517,2020.4/4,강서구,등촌2동,42.7,41.6,43.8,2020,4
1518,2020.4/4,강서구,등촌3동,46.5,44.6,48.1,2020,4
1519,2020.4/4,강서구,화곡본동,41.7,40.6,42.8,2020,4
1520,2020.4/4,강서구,화곡2동,43.0,41.9,44.0,2020,4
1521,2020.4/4,강서구,화곡3동,44.4,43.5,45.2,2020,4
1522,2020.4/4,강서구,화곡4동,44.7,43.4,46.0,2020,4
1523,2020.4/4,강서구,화곡6동,43.4,42.5,44.3,2020,4
1524,2020.4/4,강서구,화곡8동,44.0,42.9,45.0,2020,4
1525,2020.4/4,강서구,가양1동,38.8,39.5,38.2,2020,4
1526,2020.4/4,강서구,가양2동,50.3,49.0,51.4,2020,4
1527,2020.4/4,강서구,가양3동,47.5,45.5,49.2,2020,4
1528,2020.4/4,강서구,발산1동,40.0,39.0,40.9,2020,4
1529,2020.4/4,강서구,공항동,41.4,40.8,42.1,2020,4
1530,2020.4/4,강서구,방화1동,41.5,40.9,42.0,2020,4
1531,2020.4/4,강서구,방화2동,46.1,44.8,47.3,2020,4
1532,2020.4/4,강서구,방화3동,46.5,44.9,48.0,2020,4
1533,2020.4/4,강서구,화곡1동,43.2,42.6,43.7,2020,4
1534,2020.4/4,강서구,우장산동,40.4,40.1,40.7,2020,4
1535,2020.4/4,구로구,신도림동,40.1,39.7,40.5,2020,4
1536,2020.4/4,구로구,구로1동,40.2,39.5,40.9,2020,4
1537,2020.4/4,구로구,구로3동,42.0,41.2,42.8,2020,4
1538,2020.4/4,구로구,구로4동,47.2,46.3,48.1,2020,4
1539,2020.4/4,구로구,구로5동,43.0,42.8,43.2,2020,4
1540,2020.4/4,구로구,고척1동,44.6,43.6,45.6,2020,4
1541,2020.4/4,구로구,고척2동,44.7,43.9,45.4,2020,4
1542,2020.4/4,구로구,개봉2동,45.0,44.1,45.8,2020,4
1543,2020.4/4,구로구,개봉3동,45.9,44.8,46.9,2020,4
1544,2020.4/4,구로구,오류1동,43.5,43.2,43.8,2020,4
1545,2020.4/4,구로구,수궁동,44.4,43.2,45.7,2020,4
1546,2020.4/4,구로구,가리봉동,48.9,47.9,50.0,2020,4
1547,2020.4/4,구로구,구로2동,48.3,47.0,49.7,2020,4
1548,2020.4/4,구로구,개봉1동,44.6,44.0,45.3,2020,4
1549,2020.4/4,구로구,오류2동,42.8,41.8,43.8,2020,4
1550,2020.4/4,구로구,항동,36.1,35.4,36.7,2020,4
1551,2020.4/4,금천구,가산동,40.6,41.1,39.9,2020,4
1552,2020.4/4,금천구,독산1동,41.4,40.9,42.0,2020,4
1553,2020.4/4,금천구,독산2동,45.8,44.9,46.6,2020,4
1554,2020.4/4,금천구,독산3동,46.0,45.2,46.8,2020,4
1555,2020.4/4,금천구,독산4동,46.3,45.6,47.0,2020,4
1556,2020.4/4,금천구,시흥1동,44.9,43.9,46.0,2020,4
1557,2020.4/4,금천구,시흥2동,44.6,43.7,45.5,2020,4
1558,2020.4/4,금천구,시흥3동,46.9,45.9,47.9,2020,4
1559,2020.4/4,금천구,시흥4동,46.0,45.1,46.9,2020,4
1560,2020.4/4,금천구,시흥5동,47.1,45.7,48.4,2020,4
1561,2020.4/4,영등포구,여의동,43.5,42.9,44.0,2020,4
1562,2020.4/4,영등포구,당산1동,43.4,43.0,43.8,2020,4
1563,2020.4/4,영등포구,당산2동,40.2,40.0,40.3,2020,4
1564,2020.4/4,영등포구,양평1동,40.9,40.2,41.6,2020,4
1565,2020.4/4,영등포구,양평2동,40.0,39.6,40.4,2020,4
1566,2020.4/4,영등포구,신길1동,45.1,44.1,46.2,2020,4
1567,2020.4/4,영등포구,신길3동,44.7,43.5,45.7,2020,4
1568,2020.4/4,영등포구,신길4동,44.8,43.6,46.0,2020,4
1569,2020.4/4,영등포구,신길5동,44.7,43.5,45.8,2020,4
1570,2020.4/4,영등포구,신길6동,44.1,43.1,45.0,2020,4
1571,2020.4/4,영등포구,신길7동,40.0,39.1,41.0,2020,4
1572,2020.4/4,영등포구,대림1동,45.9,44.6,47.3,2020,4
1573,2020.4/4,영등포구,대림2동,47.8,46.6,48.9,2020,4
1574,2020.4/4,영등포구,대림3동,45.8,44.9,46.8,2020,4
1575,2020.4/4,영등포구,영등포본동,45.1,44.3,45.9,2020,4
1576,2020.4/4,영등포구,영등포동,41.3,42.4,40.0,2020,4
1577,2020.4/4,영등포구,도림동,44.8,44.1,45.5,2020,4
1578,2020.4/4,영등포구,문래동,40.6,40.0,41.1,2020,4
1579,2020.4/4,동작구,노량진2동,47.1,45.8,48.5,2020,4
1580,2020.4/4,동작구,상도1동,41.7,40.6,42.7,2020,4
1581,2020.4/4,동작구,상도2동,42.4,41.4,43.2,2020,4
1582,2020.4/4,동작구,상도3동,44.0,43.1,44.9,2020,4
1583,2020.4/4,동작구,상도4동,43.8,42.6,44.9,2020,4
1584,2020.4/4,동작구,사당1동,43.2,42.8,43.5,2020,4
1585,2020.4/4,동작구,사당3동,43.2,42.6,43.8,2020,4
1586,2020.4/4,동작구,사당4동,44.4,43.3,45.4,2020,4
1587,2020.4/4,동작구,사당5동,42.5,41.4,43.6,2020,4
1588,2020.4/4,동작구,대방동,41.6,40.8,42.3,2020,4
1589,2020.4/4,동작구,신대방1동,42.5,41.9,43.1,2020,4
1590,2020.4/4,동작구,신대방2동,41.5,41.1,41.9,2020,4
1591,2020.4/4,동작구,흑석동,43.8,42.4,45.1,2020,4
1592,2020.4/4,동작구,노량진1동,43.7,42.3,45.1,2020,4
1593,2020.4/4,동작구,사당2동,44.9,43.7,45.9,2020,4
1594,2020.4/4,관악구,보라매동,43.9,42.9,44.9,2020,4
1595,2020.4/4,관악구,청림동,43.4,41.9,44.9,2020,4
1596,2020.4/4,관악구,행운동,41.5,41.1,41.9,2020,4
1597,2020.4/4,관악구,낙성대동,38.6,38.3,39.0,2020,4
1598,2020.4/4,관악구,중앙동,42.0,42.0,42.0,2020,4
1599,2020.4/4,관악구,인헌동,42.0,41.3,42.7,2020,4
1600,2020.4/4,관악구,남현동,42.1,41.6,42.6,2020,4
1601,2020.4/4,관악구,서원동,41.7,40.8,42.6,2020,4
1602,2020.4/4,관악구,신원동,43.6,42.4,44.8,2020,4
1603,2020.4/4,관악구,서림동,42.3,41.2,43.6,2020,4
1604,2020.4/4,관악구,신사동,42.4,41.7,43.1,2020,4
1605,2020.4/4,관악구,신림동,37.7,37.8,37.5,2020,4
1606,2020.4/4,관악구,난향동,43.9,43.1,44.7,2020,4
1607,2020.4/4,관악구,조원동,42.8,42.9,42.8,2020,4
1608,2020.4/4,관악구,대학동,41.3,40.6,42.3,2020,4
1609,2020.4/4,관악구,은천동,43.1,42.1,44.0,2020,4
1610,2020.4/4,관악구,성현동,43.6,42.2,44.9,2020,4
1611,2020.4/4,관악구,청룡동,39.7,39.8,39.6,2020,4
1612,2020.4/4,관악구,난곡동,45.6,44.4,46.8,2020,4
1613,2020.4/4,관악구,삼성동,48.8,46.9,50.6,2020,4
1614,2020.4/4,관악구,미성동,44.4,43.7,45.2,2020,4
1615,2020.4/4,서초구,서초1동,41.6,41.0,42.2,2020,4
1616,2020.4/4,서초구,서초2동,40.0,39.7,40.2,2020,4
1617,2020.4/4,서초구,서초3동,42.2,41.5,42.9,2020,4
1618,2020.4/4,서초구,서초4동,40.0,39.5,40.4,2020,4
1619,2020.4/4,서초구,잠원동,40.5,39.8,41.2,2020,4
1620,2020.4/4,서초구,반포본동,42.7,42.1,43.3,2020,4
1621,2020.4/4,서초구,반포1동,39.0,38.7,39.3,2020,4
1622,2020.4/4,서초구,반포2동,38.4,37.7,39.0,2020,4
1623,2020.4/4,서초구,반포3동,40.5,39.4,41.4,2020,4
1624,2020.4/4,서초구,반포4동,41.3,40.4,42.1,2020,4
1625,2020.4/4,서초구,방배본동,41.6,41.2,41.9,2020,4
1626,2020.4/4,서초구,방배1동,42.8,42.0,43.5,2020,4
1627,2020.4/4,서초구,방배2동,43.9,43.0,44.7,2020,4
1628,2020.4/4,서초구,방배3동,44.0,43.2,44.7,2020,4
1629,2020.4/4,서초구,방배4동,41.5,41.3,41.6,2020,4
1630,2020.4/4,서초구,양재1동,41.6,40.5,42.7,2020,4
1631,2020.4/4,서초구,양재2동,41.7,40.9,42.5,2020,4
1632,2020.4/4,서초구,내곡동,42.6,41.9,43.4,2020,4
1633,2020.4/4,강남구,신사동,43.4,42.8,44.0,2020,4
1634,2020.4/4,강남구,논현1동,42.1,42.0,42.3,2020,4
1635,2020.4/4,강남구,논현2동,42.4,42.0,42.8,2020,4
1636,2020.4/4,강남구,삼성1동,42.7,41.4,44.0,2020,4
1637,2020.4/4,강남구,삼성2동,39.6,38.6,40.4,2020,4
1638,2020.4/4,강남구,대치1동,37.6,36.6,38.6,2020,4
1639,2020.4/4,강남구,대치4동,40.2,39.5,40.9,2020,4
1640,2020.4/4,강남구,역삼1동,40.7,41.0,40.5,2020,4
1641,2020.4/4,강남구,역삼2동,38.2,38.2,38.2,2020,4
1642,2020.4/4,강남구,도곡1동,41.1,41.2,40.9,2020,4
1643,2020.4/4,강남구,도곡2동,40.6,40.9,40.3,2020,4
1644,2020.4/4,강남구,개포1동,47.1,46.4,47.7,2020,4
1645,2020.4/4,강남구,개포4동,41.8,41.0,42.5,2020,4
1646,2020.4/4,강남구,일원본동,39.8,38.1,41.5,2020,4
1647,2020.4/4,강남구,일원1동,45.7,43.9,47.5,2020,4
1648,2020.4/4,강남구,일원2동,43.5,40.9,45.8,2020,4
1649,2020.4/4,강남구,수서동,50.6,48.2,52.6,2020,4
1650,2020.4/4,강남구,세곡동,40.7,39.9,41.5,2020,4
1651,2020.4/4,강남구,압구정동,43.3,43.0,43.6,2020,4
1652,2020.4/4,강남구,청담동,41.6,40.8,42.3,2020,4
1653,2020.4/4,강남구,대치2동,40.8,39.4,42.1,2020,4
1654,2020.4/4,강남구,개포2동,41.7,41.2,42.2,2020,4
1655,2020.4/4,송파구,풍납1동,46.6,45.2,48.0,2020,4
1656,2020.4/4,송파구,풍납2동,41.7,41.4,42.1,2020,4
1657,2020.4/4,송파구,거여1동,44.8,44.0,45.7,2020,4
1658,2020.4/4,송파구,거여2동,44.6,43.3,45.8,2020,4
1659,2020.4/4,송파구,마천1동,46.8,45.9,47.8,2020,4
1660,2020.4/4,송파구,마천2동,47.2,46.1,48.3,2020,4
1661,2020.4/4,송파구,방이1동,41.5,40.8,42.2,2020,4
1662,2020.4/4,송파구,방이2동,41.9,41.5,42.2,2020,4
1663,2020.4/4,송파구,오륜동,41.3,40.3,42.3,2020,4
1664,2020.4/4,송파구,오금동,43.1,42.0,44.2,2020,4
1665,2020.4/4,송파구,송파1동,42.0,41.7,42.3,2020,4
1666,2020.4/4,송파구,송파2동,41.8,41.3,42.2,2020,4
1667,2020.4/4,송파구,석촌동,42.2,41.8,42.6,2020,4
1668,2020.4/4,송파구,삼전동,41.8,41.0,42.5,2020,4
1669,2020.4/4,송파구,가락본동,42.8,42.3,43.2,2020,4
1670,2020.4/4,송파구,가락1동,39.2,38.4,39.9,2020,4
1671,2020.4/4,송파구,가락2동,40.9,40.1,41.7,2020,4
1672,2020.4/4,송파구,문정1동,42.5,41.8,43.1,2020,4
1673,2020.4/4,송파구,문정2동,41.2,41.5,40.9,2020,4
1674,2020.4/4,송파구,잠실본동,42.0,41.6,42.2,2020,4
1675,2020.4/4,송파구,잠실4동,39.3,38.6,39.9,2020,4
1676,2020.4/4,송파구,잠실6동,42.4,42.0,42.8,2020,4
1677,2020.4/4,송파구,잠실7동,45.2,45.4,45.1,2020,4
1678,2020.4/4,송파구,잠실2동,37.5,37.1,37.9,2020,4
1679,2020.4/4,송파구,잠실3동,41.5,40.9,42.0,2020,4
1680,2020.4/4,송파구,장지동,41.6,40.4,42.8,2020,4
1681,2020.4/4,송파구,위례동,35.0,34.3,35.7,2020,4
1682,2020.4/4,강동구,강일동,41.2,40.1,42.2,2020,4
1683,2020.4/4,강동구,상일동,39.0,38.5,39.5,2020,4
1684,2020.4/4,강동구,명일1동,42.0,41.0,42.9,2020,4
1685,2020.4/4,강동구,명일2동,41.5,40.5,42.4,2020,4
1686,2020.4/4,강동구,고덕1동,38.6,37.5,39.7,2020,4
1687,2020.4/4,강동구,고덕2동,40.1,39.5,40.7,2020,4
1688,2020.4/4,강동구,암사2동,41.9,41.2,42.6,2020,4
1689,2020.4/4,강동구,암사3동,40.5,39.9,41.0,2020,4
1690,2020.4/4,강동구,천호1동,45.4,44.3,46.3,2020,4
1691,2020.4/4,강동구,천호3동,44.8,44.4,45.1,2020,4
1692,2020.4/4,강동구,성내1동,42.0,41.1,42.8,2020,4
1693,2020.4/4,강동구,성내2동,44.8,44.4,45.2,2020,4
1694,2020.4/4,강동구,성내3동,43.6,42.0,45.1,2020,4
1695,2020.4/4,강동구,둔촌1동,57.0,53.9,59.8,2020,4
1696,2020.4/4,강동구,둔촌2동,43.2,42.2,44.2,2020,4
1697,2020.4/4,강동구,암사1동,44.2,43.1,45.2,2020,4
1698,2020.4/4,강동구,천호2동,44.9,44.3,45.6,2020,4
1699,2020.4/4,강동구,길동,44.1,43.3,44.9,2020,4
