,년도,분기,자치구,행정동,전체세대수,1인세대,2인세대,3인세대,4인세대,5인세대,6인세대
0,2020,1,종로구,사직동,4668,2318,912,676,536,166,33
1,2020,1,종로구,삼청동,1375,723,252,186,142,46,20
2,2020,1,종로구,부암동,4346,1665,949,763,703,180,57
3,2020,1,종로구,평창동,7504,2397,1734,1495,1337,414,75
4,2020,1,종로구,무악동,3196,747,713,725,763,194,39
5,2020,1,종로구,교남동,4593,1652,1088,910,737,162,27
6,2020,1,종로구,가회동,2064,940,438,343,246,64,23
7,2020,1,종로구,종로1·2·3·4가동,5200,4115,520,290,202,51,14
8,2020,1,종로구,종로5·6가동,3402,2337,514,297,183,55,11
9,2020,1,종로구,이화동,4437,2679,794,480,344,106,25
10,2020,1,종로구,창신1동,2949,1749,582,314,210,74,17
11,2020,1,종로구,창신2동,4146,1960,909,631,457,144,34
12,2020,1,종로구,창신3동,2891,923,669,638,466,161,28
13,2020,1,종로구,숭인1동,2968,1365,653,467,351,103,23
14,2020,1,종로구,숭인2동,5796,3820,928,523,397,101,21
15,2020,1,종로구,청운효자동,5388,1986,1171,984,921,236,62
16,2020,1,종로구,혜화동,9228,5511,1474,1032,878,238,68
17,2020,1,중구,소공동,1124,620,215,164,99,18,5
18,2020,1,중구,회현동,3118,2067,443,292,231,59,14
19,2020,1,중구,명동,1569,1093,212,142,82,24,7
20,2020,1,중구,필동,2295,1437,420,213,160,52,8
21,2020,1,중구,장충동,2715,1743,420,239,218,71,18
22,2020,1,중구,광희동,2990,1944,509,281,185,51,14
23,2020,1,중구,을지로동,1355,1081,155,67,36,12,4
24,2020,1,중구,신당5동,5324,2627,1168,750,577,150,39
25,2020,1,중구,황학동,6924,3789,1481,890,579,137,36
26,2020,1,중구,중림동,5850,2506,1285,1029,792,173,47
27,2020,1,중구,신당동,4461,2790,825,427,323,68,22
28,2020,1,중구,다산동,6975,3168,1634,1047,870,184,47
29,2020,1,중구,약수동,7820,2884,2036,1538,1027,241,72
30,2020,1,중구,청구동,6350,2487,1503,1160,904,228,53
31,2020,1,중구,동화동,4175,1162,955,887,853,230,60
32,2020,1,용산구,후암동,8561,4072,1751,1371,979,287,71
33,2020,1,용산구,용산2가동,5437,2813,1203,760,490,137,23
34,2020,1,용산구,남영동,5451,4209,601,312,243,67,13
35,2020,1,용산구,원효로2동,6004,2120,1285,1191,1045,262,71
36,2020,1,용산구,효창동,4284,1472,1008,827,714,188,59
37,2020,1,용산구,용문동,5403,1979,1304,1018,828,213,44
38,2020,1,용산구,이촌1동,10331,2193,2293,2649,2428,570,139
39,2020,1,용산구,이촌2동,3829,1282,1067,780,510,138,35
40,2020,1,용산구,이태원1동,3758,2164,713,453,310,80,30
41,2020,1,용산구,이태원2동,4913,2628,1023,666,432,111,44
42,2020,1,용산구,서빙고동,5294,1709,1128,955,1066,350,65
43,2020,1,용산구,보광동,7640,4061,1684,997,686,164,38
44,2020,1,용산구,청파동,10930,6481,1994,1195,924,250,59
45,2020,1,용산구,원효로1동,7901,3767,1661,1248,943,227,41
46,2020,1,용산구,한강로동,9882,5604,1843,1226,924,197,62
47,2020,1,용산구,한남동,11277,6138,2337,1440,982,277,64
48,2020,1,성동구,왕십리2동,7610,2919,1732,1423,1165,270,79
49,2020,1,성동구,마장동,10864,4873,2288,1745,1469,356,90
50,2020,1,성동구,사근동,7473,5285,981,566,475,129,25
51,2020,1,성동구,행당1동,7043,2953,1492,1304,1008,210,52
52,2020,1,성동구,행당2동,9453,2373,2379,2202,1960,407,100
53,2020,1,성동구,응봉동,6163,1631,1407,1440,1304,300,61
54,2020,1,성동구,금호1가동,6630,2149,1636,1428,1094,247,63
55,2020,1,성동구,금호4가동,6424,2170,1596,1435,960,204,40
56,2020,1,성동구,성수1가1동,7581,3112,1675,1294,1191,235,56
57,2020,1,성동구,성수1가2동,6679,3033,1396,1115,868,211,44
58,2020,1,성동구,성수2가1동,8505,4132,1823,1296,976,215,49
59,2020,1,성동구,성수2가3동,5715,2955,1093,779,657,168,49
60,2020,1,성동구,송정동,5528,2769,1151,809,605,156,32
61,2020,1,성동구,용답동,6802,4046,1214,758,600,130,38
62,2020,1,성동구,왕십리도선동,11810,4449,2533,2322,1954,417,95
63,2020,1,성동구,금호2·3가동,10340,3631,2567,2136,1553,331,86
64,2020,1,성동구,옥수동,11023,3243,2833,2591,1792,428,92
65,2020,1,광진구,화양동,16383,12960,1965,741,573,101,30
66,2020,1,광진구,군자동,10813,6125,2022,1371,987,229,54
67,2020,1,광진구,중곡1동,8102,4023,1844,1175,818,184,38
68,2020,1,광진구,중곡2동,10578,4668,2416,1735,1350,316,68
69,2020,1,광진구,중곡3동,8483,4077,1914,1292,909,240,41
70,2020,1,광진구,중곡4동,13221,4935,3157,2557,1974,453,103
71,2020,1,광진구,능동,6387,3626,1312,723,522,148,44
72,2020,1,광진구,구의1동,12060,6643,2406,1562,1089,277,67
73,2020,1,광진구,구의2동,11617,4180,2586,2291,1956,452,103
74,2020,1,광진구,구의3동,12146,4089,2572,2458,2348,529,110
75,2020,1,광진구,광장동,12040,2204,1948,3017,3936,710,172
76,2020,1,광진구,자양1동,11569,5767,2435,1668,1308,308,59
77,2020,1,광진구,자양2동,11217,4031,2544,2187,1890,423,103
78,2020,1,광진구,자양3동,11048,2914,2467,2448,2549,502,118
79,2020,1,광진구,자양4동,9623,5052,2032,1326,915,234,43
80,2020,1,동대문구,회기동,6020,3898,893,573,478,138,30
81,2020,1,동대문구,휘경1동,7408,3986,1356,973,824,206,46
82,2020,1,동대문구,휘경2동,11605,5565,2108,1816,1606,393,89
83,2020,1,동대문구,청량리동,10434,5001,2347,1542,1137,319,72
84,2020,1,동대문구,용신동,17688,10723,3161,1919,1434,351,73
85,2020,1,동대문구,제기동,13034,6995,2616,1695,1236,367,94
86,2020,1,동대문구,전농1동,15098,7383,3008,2386,1763,435,87
87,2020,1,동대문구,전농2동,7733,2261,1849,1700,1423,377,93
88,2020,1,동대문구,답십리2동,12990,4608,3185,2489,2095,481,98
89,2020,1,동대문구,장안1동,17783,7565,3885,3057,2487,610,135
90,2020,1,동대문구,장안2동,13769,4675,3056,2837,2467,552,138
91,2020,1,동대문구,이문1동,10435,6331,1693,1124,965,236,63
92,2020,1,동대문구,이문2동,8552,2905,1932,1639,1556,385,90
93,2020,1,동대문구,답십리1동,12730,4938,2671,2424,2046,492,118
94,2020,1,중랑구,면목2동,12265,5582,2766,1931,1525,365,76
95,2020,1,중랑구,면목4동,9203,3934,2133,1620,1156,282,60
96,2020,1,중랑구,면목5동,4489,1892,1079,778,581,127,23
97,2020,1,중랑구,면목7동,10457,4374,2503,1802,1375,311,70
98,2020,1,중랑구,상봉1동,10276,3180,2395,2211,2018,378,72
99,2020,1,중랑구,상봉2동,11290,6650,2260,1305,839,171,43
100,2020,1,중랑구,중화1동,9049,3278,2249,1760,1351,332,50
101,2020,1,중랑구,중화2동,13993,7336,3122,1915,1241,302,56
102,2020,1,중랑구,묵1동,14705,4806,3350,3034,2674,639,147
103,2020,1,중랑구,묵2동,9179,3897,2147,1626,1135,298,62
104,2020,1,중랑구,망우3동,8437,3738,2021,1407,985,226,50
105,2020,1,중랑구,신내1동,14863,3568,3484,3145,3339,1064,191
106,2020,1,중랑구,신내2동,9044,2851,2285,1955,1546,318,67
107,2020,1,중랑구,면목본동,17655,8465,3993,2711,1933,454,72
108,2020,1,중랑구,면목3·8동,12582,5620,2951,2095,1486,329,77
109,2020,1,중랑구,망우본동,14733,6777,3230,2373,1806,431,91
110,2020,1,성북구,돈암1동,6256,1773,1583,1334,1183,291,73
111,2020,1,성북구,돈암2동,8646,1648,1850,2189,2244,547,115
112,2020,1,성북구,안암동,9302,6081,1451,885,697,137,40
113,2020,1,성북구,보문동,7959,3821,1611,1270,990,219,35
114,2020,1,성북구,정릉1동,7490,2220,1657,1684,1465,347,83
115,2020,1,성북구,정릉2동,9679,3076,2356,1994,1701,409,103
116,2020,1,성북구,정릉3동,7779,4076,1541,1052,834,214,46
117,2020,1,성북구,정릉4동,10978,3714,2611,2219,1837,452,96
118,2020,1,성북구,길음1동,12813,2550,2426,3206,3699,735,151
119,2020,1,성북구,길음2동,7076,2408,1493,1465,1340,297,57
120,2020,1,성북구,월곡1동,10812,3235,2478,2290,2134,530,107
121,2020,1,성북구,월곡2동,9385,4236,1909,1499,1306,331,75
122,2020,1,성북구,장위1동,9027,3462,2145,1649,1329,337,75
123,2020,1,성북구,장위2동,6367,2577,1578,1132,799,217,48
124,2020,1,성북구,장위3동,7354,2410,1584,1569,1426,289,59
125,2020,1,성북구,성북동,8147,3811,1789,1217,929,284,84
126,2020,1,성북구,삼선동,11951,5911,2332,1681,1521,394,82
127,2020,1,성북구,동선동,9181,5883,1473,924,664,182,38
128,2020,1,성북구,종암동,17189,6494,3614,3183,2975,719,150
129,2020,1,성북구,석관동,16410,6660,3865,3030,2199,505,111
130,2020,1,강북구,번1동,10311,5534,2164,1433,912,202,54
131,2020,1,강북구,번2동,7663,2840,2098,1465,941,239,63
132,2020,1,강북구,번3동,7593,2340,2162,1516,1189,297,74
133,2020,1,강북구,수유1동,10389,4766,2362,1656,1211,301,66
134,2020,1,강북구,수유2동,9654,3529,2535,1800,1308,377,81
135,2020,1,강북구,수유3동,12776,6970,2583,1786,1114,253,46
136,2020,1,강북구,삼양동,11459,4622,2740,2033,1546,404,83
137,2020,1,강북구,미아동,11438,5814,2438,1650,1168,291,59
138,2020,1,강북구,송중동,13965,5845,3173,2430,1907,466,110
139,2020,1,강북구,송천동,13746,6328,3231,2107,1622,370,69
140,2020,1,강북구,삼각산동,11749,2592,2504,2766,3049,655,133
141,2020,1,강북구,우이동,9507,3616,2474,1716,1242,343,87
142,2020,1,강북구,인수동,14555,5672,3675,2697,1835,506,130
143,2020,1,도봉구,쌍문1동,9343,3164,2349,1887,1422,399,93
144,2020,1,도봉구,쌍문2동,8628,3065,2232,1703,1232,301,71
145,2020,1,도봉구,쌍문3동,7870,3198,1932,1391,1038,251,44
146,2020,1,도봉구,쌍문4동,7167,1544,1602,1741,1820,375,67
147,2020,1,도봉구,방학1동,12763,4700,3004,2354,2002,538,118
148,2020,1,도봉구,방학2동,9558,3828,2374,1733,1196,327,81
149,2020,1,도봉구,방학3동,10061,1812,2446,2514,2508,589,145
150,2020,1,도봉구,창1동,10942,3647,2635,2272,1901,382,78
151,2020,1,도봉구,창2동,12387,3799,3142,2655,2119,509,116
152,2020,1,도봉구,창3동,6635,2627,1642,1188,895,227,41
153,2020,1,도봉구,창4동,10618,2856,2389,2360,2372,510,96
154,2020,1,도봉구,창5동,10134,2889,2389,2264,2042,421,90
155,2020,1,도봉구,도봉1동,10338,4259,2685,1793,1182,321,61
156,2020,1,도봉구,도봉2동,12151,4098,3131,2496,1823,445,119
157,2020,1,노원구,월계1동,10535,4494,2208,1772,1578,400,66
158,2020,1,노원구,월계2동,11975,4089,3132,2346,1861,424,101
159,2020,1,노원구,월계3동,12971,3885,3519,2819,2134,473,108
160,2020,1,노원구,공릉2동,16270,5556,3154,3259,3393,716,140
161,2020,1,노원구,하계1동,11881,4393,2403,2167,2303,488,87
162,2020,1,노원구,하계2동,8258,1681,1775,1995,2265,437,80
163,2020,1,노원구,중계본동,8847,1999,1413,1924,2700,662,113
164,2020,1,노원구,중계1동,9086,1417,1351,2359,3307,556,68
165,2020,1,노원구,중계4동,8440,2580,1969,1660,1745,379,80
166,2020,1,노원구,상계1동,15543,4386,3695,3333,3123,787,173
167,2020,1,노원구,상계2동,8751,3232,1720,1620,1697,359,97
168,2020,1,노원구,상계5동,10864,3895,2638,2124,1694,407,77
169,2020,1,노원구,상계8동,9233,2326,2295,2277,1933,341,46
170,2020,1,노원구,상계9동,8420,2061,2161,2040,1768,323,52
171,2020,1,노원구,상계10동,6589,1752,1753,1498,1332,191,44
172,2020,1,노원구,상계3·4동,12108,4626,2983,2145,1748,460,108
173,2020,1,노원구,상계6·7동,13938,4255,3308,3024,2736,506,78
174,2020,1,노원구,중계2·3동,15345,4929,4051,3060,2647,545,90
175,2020,1,노원구,공릉1동,18094,8287,3668,2936,2489,554,126
176,2020,1,은평구,녹번동,17190,6710,4194,3222,2336,570,116
177,2020,1,은평구,불광1동,17907,6685,4408,3460,2586,587,133
178,2020,1,은평구,갈현1동,11225,4697,2672,1976,1430,350,73
179,2020,1,은평구,갈현2동,12640,4351,3079,2572,2016,458,126
180,2020,1,은평구,구산동,13254,4211,3190,2753,2313,611,117
181,2020,1,은평구,대조동,13942,6948,3042,2056,1424,342,101
182,2020,1,은평구,응암1동,11494,4868,2555,1946,1617,376,101
183,2020,1,은평구,응암2동,10143,2856,2428,2339,1933,447,96
184,2020,1,은평구,신사1동,11783,3837,2919,2450,1955,471,115
185,2020,1,은평구,신사2동,9168,3208,2184,1792,1490,372,95
186,2020,1,은평구,증산동,6890,2483,1734,1242,1075,280,55
187,2020,1,은평구,수색동,3795,1387,898,735,573,158,38
188,2020,1,은평구,진관동,21602,6195,4190,4219,5035,1503,370
189,2020,1,은평구,불광2동,13849,6047,3329,2316,1616,420,89
190,2020,1,은평구,응암3동,12630,5933,2917,1927,1413,319,88
191,2020,1,은평구,역촌동,20697,7527,4926,4034,3175,795,176
192,2020,1,서대문구,천연동,8160,3303,1759,1500,1242,275,59
193,2020,1,서대문구,홍제1동,10344,3518,2464,2068,1724,437,95
194,2020,1,서대문구,홍제3동,7090,2678,1667,1342,1061,270,57
195,2020,1,서대문구,홍제2동,5826,1748,1422,1262,1077,256,42
196,2020,1,서대문구,홍은1동,9554,3174,2262,1856,1700,419,110
197,2020,1,서대문구,홍은2동,12209,4802,2820,2189,1802,417,129
198,2020,1,서대문구,남가좌1동,5970,1425,1191,1483,1455,325,72
199,2020,1,서대문구,남가좌2동,12706,4858,2784,2394,2080,451,107
200,2020,1,서대문구,북가좌1동,7002,1608,1675,1637,1593,374,90
201,2020,1,서대문구,북가좌2동,14725,5603,3529,2729,2151,555,121
202,2020,1,서대문구,충현동,8998,4647,1758,1222,1029,256,67
203,2020,1,서대문구,북아현동,7521,2848,1687,1511,1178,238,41
204,2020,1,서대문구,신촌동,12604,9492,1506,800,587,153,42
205,2020,1,서대문구,연희동,19400,10226,3747,2568,2116,556,146
206,2020,1,마포구,용강동,9187,3225,1965,1893,1629,362,82
207,2020,1,마포구,대흥동,7806,4983,1254,763,645,128,24
208,2020,1,마포구,염리동,5661,2428,1193,969,838,184,35
209,2020,1,마포구,신수동,10193,3902,2153,1966,1705,362,75
210,2020,1,마포구,서교동,14163,8930,2381,1454,1053,263,57
211,2020,1,마포구,합정동,9627,5094,2095,1272,887,207,45
212,2020,1,마포구,망원1동,10642,5123,2433,1478,1234,294,60
213,2020,1,마포구,망원2동,8424,3189,2010,1455,1392,296,61
214,2020,1,마포구,연남동,8679,4969,1681,1055,708,208,38
215,2020,1,마포구,성산1동,9444,4316,2068,1484,1153,319,69
216,2020,1,마포구,성산2동,18976,8244,3956,3172,2797,634,127
217,2020,1,마포구,상암동,12800,4316,2537,2425,2626,703,146
218,2020,1,마포구,도화동,9589,3619,2048,1804,1620,381,87
219,2020,1,마포구,서강동,11622,5209,2207,1969,1753,393,60
220,2020,1,마포구,공덕동,19110,8855,3997,3088,2483,520,126
221,2020,1,마포구,아현동,10210,3222,2264,2385,1909,330,70
222,2020,1,양천구,목1동,10529,1564,1783,2955,3402,646,125
223,2020,1,양천구,목2동,13201,4747,2926,2558,2276,531,116
224,2020,1,양천구,목3동,9999,3648,2419,1968,1512,332,82
225,2020,1,양천구,목4동,10131,3001,1894,2107,2446,532,112
226,2020,1,양천구,신월1동,10102,4385,2382,1745,1220,291,63
227,2020,1,양천구,신월2동,8532,2404,2049,1874,1612,449,100
228,2020,1,양천구,신월3동,8096,3917,1800,1199,853,258,56
229,2020,1,양천구,신월4동,6899,1522,1636,1633,1570,407,105
230,2020,1,양천구,신월5동,6415,2165,1515,1301,1062,276,75
231,2020,1,양천구,신월6동,2523,643,589,558,552,142,29
232,2020,1,양천구,신월7동,9279,3075,2606,1849,1370,284,68
233,2020,1,양천구,신정1동,7231,1394,1255,1682,2326,470,80
234,2020,1,양천구,신정2동,7152,1557,1288,1552,2208,461,69
235,2020,1,양천구,신정3동,17975,4541,4215,3865,4000,1094,199
236,2020,1,양천구,신정6동,8179,1007,1488,2267,2771,517,102
237,2020,1,양천구,신정7동,11599,2985,2592,2607,2776,510,96
238,2020,1,양천구,목5동,13576,1658,2098,3705,5052,844,148
239,2020,1,양천구,신정4동,16018,6846,3605,2791,2082,537,118
240,2020,1,강서구,염창동,15743,3911,3132,3825,3953,756,122
241,2020,1,강서구,등촌1동,12275,6595,2341,1638,1344,267,63
242,2020,1,강서구,등촌2동,8724,2721,2021,1837,1617,390,99
243,2020,1,강서구,등촌3동,14846,5825,3928,2627,1966,393,79
244,2020,1,강서구,화곡본동,16564,7140,3806,2786,2146,543,98
245,2020,1,강서구,화곡2동,8189,2871,2061,1647,1174,351,59
246,2020,1,강서구,화곡3동,9447,3319,2167,1856,1586,388,104
247,2020,1,강서구,화곡4동,9643,3588,2469,1861,1314,316,71
248,2020,1,강서구,화곡6동,11840,5380,2518,1902,1566,357,92
249,2020,1,강서구,화곡8동,11686,4417,3101,2110,1582,370,75
250,2020,1,강서구,가양1동,19293,12230,2626,2112,1782,430,87
251,2020,1,강서구,가양2동,8055,4057,2151,1079,581,129,39
252,2020,1,강서구,가양3동,7920,3244,2431,1368,659,176,32
253,2020,1,강서구,발산1동,13623,2825,3004,3104,3577,902,158
254,2020,1,강서구,공항동,12721,5613,2695,2099,1752,454,86
255,2020,1,강서구,방화1동,17476,4984,3893,3615,3720,998,203
256,2020,1,강서구,방화2동,11603,5549,2567,1716,1298,352,88
257,2020,1,강서구,방화3동,11293,4650,2887,1935,1359,344,94
258,2020,1,강서구,화곡1동,26594,12543,6152,4307,2718,664,145
259,2020,1,강서구,우장산동,16110,3835,3168,3689,4291,870,192
260,2020,1,구로구,신도림동,13371,2990,2926,3275,3290,679,156
261,2020,1,구로구,구로1동,8266,2205,1866,1842,1892,377,60
262,2020,1,구로구,구로3동,13180,7654,2253,1616,1259,298,69
263,2020,1,구로구,구로4동,10541,5089,2514,1578,1054,227,58
264,2020,1,구로구,구로5동,14561,7050,2943,2196,1797,425,113
265,2020,1,구로구,고척1동,9567,2992,2224,1910,1910,411,97
266,2020,1,구로구,고척2동,11613,3790,2754,2329,2111,484,120
267,2020,1,구로구,개봉2동,12538,3182,3235,2920,2413,589,151
268,2020,1,구로구,개봉3동,8853,2633,2389,1899,1492,348,71
269,2020,1,구로구,오류1동,11454,5727,2465,1646,1211,314,65
270,2020,1,구로구,수궁동,9876,2883,2579,2113,1686,475,114
271,2020,1,구로구,가리봉동,5866,3989,986,491,290,85,17
272,2020,1,구로구,구로2동,12687,6183,2972,1828,1248,335,85
273,2020,1,구로구,개봉1동,13872,4883,3430,2633,2184,568,134
274,2020,1,구로구,오류2동,15566,4404,3911,3071,3003,936,176
275,2020,1,구로구,항동,5464,1377,1221,1347,1189,270,49
276,2020,1,금천구,가산동,14169,10271,1856,1097,720,164,52
277,2020,1,금천구,독산1동,20708,10205,4036,3077,2579,621,140
278,2020,1,금천구,독산2동,9251,4050,2208,1566,1099,260,53
279,2020,1,금천구,독산3동,12437,5905,2830,1875,1404,333,68
280,2020,1,금천구,독산4동,7629,3415,1796,1208,895,247,53
281,2020,1,금천구,시흥1동,15814,6751,3619,2633,2152,519,94
282,2020,1,금천구,시흥2동,8372,2067,2025,1847,1807,453,135
283,2020,1,금천구,시흥3동,4724,1465,1306,928,756,217,43
284,2020,1,금천구,시흥4동,9094,3180,2267,1748,1430,356,75
285,2020,1,금천구,시흥5동,9344,3872,2370,1546,1155,304,77
286,2020,1,영등포구,여의동,13628,4098,3021,2951,2749,589,156
287,2020,1,영등포구,당산1동,10721,5506,2185,1524,1138,272,73
288,2020,1,영등포구,당산2동,17586,8898,2962,2671,2366,523,117
289,2020,1,영등포구,양평1동,9056,4493,1978,1358,957,194,53
290,2020,1,영등포구,양평2동,10108,4128,2149,1814,1610,310,76
291,2020,1,영등포구,신길1동,10275,6361,1806,1093,761,201,38
292,2020,1,영등포구,신길3동,7650,3011,1658,1468,1158,301,38
293,2020,1,영등포구,신길4동,4311,1975,957,724,490,134,24
294,2020,1,영등포구,신길5동,4614,1878,1032,831,660,166,33
295,2020,1,영등포구,신길6동,8512,3807,1855,1397,1106,258,66
296,2020,1,영등포구,신길7동,7755,2181,1614,1687,1765,414,68
297,2020,1,영등포구,대림1동,6378,3080,1419,927,746,155,38
298,2020,1,영등포구,대림2동,6856,3751,1528,837,535,153,38
299,2020,1,영등포구,대림3동,10422,4027,2468,1908,1505,387,88
300,2020,1,영등포구,영등포본동,10242,4630,2061,1674,1461,338,57
301,2020,1,영등포구,영등포동,17782,12874,2296,1324,1004,224,43
302,2020,1,영등포구,도림동,9340,4590,2048,1382,996,251,53
303,2020,1,영등포구,문래동,12507,3679,2720,2750,2638,560,121
304,2020,1,동작구,노량진2동,7213,4214,1443,844,536,135,30
305,2020,1,동작구,상도1동,21433,9915,3923,3598,3100,687,152
306,2020,1,동작구,상도2동,12801,5217,2703,2263,2038,446,106
307,2020,1,동작구,상도3동,11972,5278,2656,2018,1528,354,96
308,2020,1,동작구,상도4동,13518,5623,3089,2390,1871,440,78
309,2020,1,동작구,사당1동,13203,7694,2622,1536,1056,223,54
310,2020,1,동작구,사당3동,10554,3483,2428,2176,1864,450,103
311,2020,1,동작구,사당4동,7069,3207,1619,1106,890,186,40
312,2020,1,동작구,사당5동,5939,2368,1279,1109,940,187,43
313,2020,1,동작구,대방동,17218,7065,3259,2865,3083,731,151
314,2020,1,동작구,신대방1동,9944,3704,1990,1762,1906,451,98
315,2020,1,동작구,신대방2동,9376,4273,1758,1470,1391,372,81
316,2020,1,동작구,흑석동,14336,5534,3035,2749,2334,548,103
317,2020,1,동작구,노량진1동,15282,7030,3149,2454,2007,487,110
318,2020,1,동작구,사당2동,11903,4152,2900,2410,1849,462,103
319,2020,1,관악구,보라매동,12382,5951,2737,1852,1404,345,70
320,2020,1,관악구,청림동,6565,2008,1641,1426,1156,253,56
321,2020,1,관악구,행운동,17294,10826,2941,1757,1328,330,88
322,2020,1,관악구,낙성대동,10893,7749,1434,850,629,173,42
323,2020,1,관악구,중앙동,9601,6386,1563,832,624,149,34
324,2020,1,관악구,인헌동,14215,7879,2699,1774,1411,352,64
325,2020,1,관악구,남현동,9472,4843,1907,1350,1019,262,64
326,2020,1,관악구,서원동,14025,8925,2570,1370,860,217,67
327,2020,1,관악구,신원동,10625,6324,2107,1162,805,164,42
328,2020,1,관악구,서림동,14175,9219,2257,1336,1011,261,64
329,2020,1,관악구,신사동,13468,8431,2314,1387,1042,228,50
330,2020,1,관악구,신림동,16907,13878,1910,634,370,90,20
331,2020,1,관악구,난향동,6431,1946,1527,1304,1245,306,73
332,2020,1,관악구,조원동,10433,6600,1835,984,780,180,32
333,2020,1,관악구,대학동,15874,11846,1809,1121,838,187,62
334,2020,1,관악구,은천동,15962,6923,3479,2587,2261,537,135
335,2020,1,관악구,성현동,12384,3820,2956,2476,2419,570,96
336,2020,1,관악구,청룡동,21478,15133,2926,1661,1325,336,74
337,2020,1,관악구,난곡동,12967,5249,3202,2246,1750,390,95
338,2020,1,관악구,삼성동,11427,4707,2779,1873,1527,418,95
339,2020,1,관악구,미성동,14182,5567,3230,2548,2134,564,94
340,2020,1,서초구,서초1동,9298,3869,1777,1564,1514,410,120
341,2020,1,서초구,서초2동,8518,3823,1514,1440,1334,301,80
342,2020,1,서초구,서초3동,13734,5873,2688,2283,2078,565,169
343,2020,1,서초구,서초4동,11023,2334,1928,2601,3324,647,122
344,2020,1,서초구,잠원동,14059,4709,2645,2955,3027,551,118
345,2020,1,서초구,반포본동,4133,758,810,979,1251,251,59
346,2020,1,서초구,반포1동,14420,6372,2219,2370,2629,622,151
347,2020,1,서초구,반포2동,5117,675,828,1318,1711,466,89
348,2020,1,서초구,반포3동,7035,1300,1380,1861,1979,418,60
349,2020,1,서초구,반포4동,7310,1869,1488,1789,1612,399,113
350,2020,1,서초구,방배본동,7938,2158,1567,1675,1913,464,109
351,2020,1,서초구,방배1동,7700,2938,1776,1382,1200,297,79
352,2020,1,서초구,방배2동,8751,3082,2096,1642,1457,369,68
353,2020,1,서초구,방배3동,8416,2246,1874,1897,1837,406,108
354,2020,1,서초구,방배4동,9751,3431,2022,1797,1876,457,129
355,2020,1,서초구,양재1동,18253,6027,4018,3469,3315,1070,267
356,2020,1,서초구,양재2동,10792,4996,2231,1611,1432,389,94
357,2020,1,서초구,내곡동,7332,2157,1823,1549,1304,345,112
358,2020,1,강남구,신사동,7408,2893,1549,1307,1209,314,90
359,2020,1,강남구,논현1동,14432,9602,2484,1190,815,239,68
360,2020,1,강남구,논현2동,11404,6278,2079,1541,1162,251,67
361,2020,1,강남구,삼성1동,6000,2088,1224,1185,1091,298,76
362,2020,1,강남구,삼성2동,13523,5924,2306,2257,2351,488,128
363,2020,1,강남구,대치1동,7406,571,910,1949,3125,665,140
364,2020,1,강남구,대치4동,10156,5326,1690,1351,1388,291,79
365,2020,1,강남구,역삼1동,23730,16971,3479,1687,1165,307,83
366,2020,1,강남구,역삼2동,15655,6502,2321,2800,3204,627,143
367,2020,1,강남구,도곡1동,8614,2553,1594,1863,2062,402,96
368,2020,1,강남구,도곡2동,11824,2150,2303,3001,3469,712,135
369,2020,1,강남구,개포1동,2723,837,603,533,578,136,25
370,2020,1,강남구,개포4동,7778,2985,1583,1457,1342,318,64
371,2020,1,강남구,일원본동,8178,1457,1512,2017,2585,484,94
372,2020,1,강남구,일원1동,7533,3171,1778,1271,959,275,64
373,2020,1,강남구,일원2동,7350,2232,1781,1536,1466,279,41
374,2020,1,강남구,수서동,7867,3402,2337,1194,689,183,46
375,2020,1,강남구,세곡동,17928,5910,3934,3264,3317,1114,297
376,2020,1,강남구,압구정동,10695,2957,2407,2408,2224,523,129
377,2020,1,강남구,청담동,12424,4788,2413,2337,2150,537,127
378,2020,1,강남구,대치2동,12943,2464,2020,3226,4213,819,143
379,2020,1,강남구,개포2동,8053,1644,1708,2039,2175,380,83
380,2020,1,송파구,풍납1동,6520,2536,1581,1151,991,192,53
381,2020,1,송파구,풍납2동,10914,4076,2175,2185,1935,414,99
382,2020,1,송파구,거여1동,5507,1890,1316,1047,969,217,52
383,2020,1,송파구,거여2동,7190,2521,1792,1428,1109,256,61
384,2020,1,송파구,마천1동,9013,3519,2112,1563,1312,400,82
385,2020,1,송파구,마천2동,8730,3229,2170,1608,1283,323,87
386,2020,1,송파구,방이1동,6274,1859,1206,1337,1450,324,77
387,2020,1,송파구,방이2동,13937,7716,2735,1766,1338,296,68
388,2020,1,송파구,오륜동,5965,660,1078,1604,2076,440,71
389,2020,1,송파구,오금동,15909,4379,3667,3607,3259,776,177
390,2020,1,송파구,송파1동,12403,5904,2675,1890,1441,360,95
391,2020,1,송파구,송파2동,7482,1692,1545,1798,1899,433,84
392,2020,1,송파구,석촌동,17052,8697,3556,2404,1832,408,122
393,2020,1,송파구,삼전동,16298,8305,3310,2353,1808,403,94
394,2020,1,송파구,가락본동,11953,4626,2532,2179,1999,492,95
395,2020,1,송파구,가락1동,9878,1613,2488,2572,2584,476,112
396,2020,1,송파구,가락2동,12350,2992,2471,2970,3114,619,135
397,2020,1,송파구,문정1동,8537,2742,1895,1724,1656,403,85
398,2020,1,송파구,문정2동,15567,8510,2807,1963,1773,369,101
399,2020,1,송파구,잠실본동,15256,8253,2970,2021,1532,353,104
400,2020,1,송파구,잠실4동,7456,1198,1428,2061,2211,430,91
401,2020,1,송파구,잠실6동,5935,968,1330,1585,1554,372,90
402,2020,1,송파구,잠실7동,3469,519,820,900,952,216,46
403,2020,1,송파구,잠실2동,11958,1801,1883,3088,4282,742,134
404,2020,1,송파구,잠실3동,12180,1906,2561,3278,3565,693,129
405,2020,1,송파구,장지동,12540,3543,3034,2803,2413,585,127
406,2020,1,송파구,위례동,9028,1055,1773,2317,2919,768,163
407,2020,1,강동구,강일동,11231,2352,2657,2242,2742,997,202
408,2020,1,강동구,상일동,9586,1764,2006,2430,2683,583,89
409,2020,1,강동구,명일1동,9931,2296,2394,2386,2259,464,99
410,2020,1,강동구,명일2동,5983,1176,1082,1372,1851,388,75
411,2020,1,강동구,고덕1동,8974,1595,1567,2332,2772,559,108
412,2020,1,강동구,고덕2동,8059,2078,1856,1863,1850,333,53
413,2020,1,강동구,암사2동,6302,1921,1518,1349,1204,237,58
414,2020,1,강동구,암사3동,6332,1098,1384,1604,1695,414,89
415,2020,1,강동구,천호1동,12820,5248,3012,2338,1701,406,83
416,2020,1,강동구,천호3동,13660,6763,2909,2098,1458,331,77
417,2020,1,강동구,성내1동,8150,2415,1886,1817,1579,362,67
418,2020,1,강동구,성내2동,12638,6427,2737,1908,1183,292,66
419,2020,1,강동구,성내3동,10417,4034,2345,1899,1663,383,71
420,2020,1,강동구,둔촌1동,164,115,20,11,14,2,2
421,2020,1,강동구,둔촌2동,11227,3642,2520,2319,2187,447,82
422,2020,1,강동구,암사1동,16145,6236,3746,3080,2408,527,106
423,2020,1,강동구,천호2동,17658,8623,3976,2626,1874,422,104
424,2020,1,강동구,길동,20742,8633,4491,3670,2969,734,179
425,2020,2,종로구,사직동,4717,2373,935,673,536,147,30
426,2020,2,종로구,삼청동,1370,729,252,182,140,43,19
427,2020,2,종로구,부암동,4346,1686,972,745,689,177,50
428,2020,2,종로구,평창동,7517,2428,1753,1470,1352,396,69
429,2020,2,종로구,무악동,3203,764,717,736,757,188,26
430,2020,2,종로구,교남동,4595,1658,1090,918,755,138,25
431,2020,2,종로구,가회동,2074,956,433,348,243,63,22
432,2020,2,종로구,종로1·2·3·4가동,5232,4149,523,286,204,49,14
433,2020,2,종로구,종로5·6가동,3406,2353,520,285,180,57,8
434,2020,2,종로구,이화동,4463,2725,805,462,343,98,21
435,2020,2,종로구,창신1동,2952,1766,571,317,208,72,15
436,2020,2,종로구,창신2동,4137,1983,908,622,445,135,35
437,2020,2,종로구,창신3동,2905,944,689,634,454,151,28
438,2020,2,종로구,숭인1동,2990,1397,658,459,355,95,20
439,2020,2,종로구,숭인2동,5871,3915,921,519,386,104,22
440,2020,2,종로구,청운효자동,5395,2043,1135,991,915,234,54
441,2020,2,종로구,혜화동,9324,5634,1459,1050,875,217,66
442,2020,2,중구,소공동,1131,631,219,160,98,17,3
443,2020,2,중구,회현동,3083,2025,442,302,222,65,16
444,2020,2,중구,명동,1589,1109,220,141,81,24,7
445,2020,2,중구,필동,2338,1480,422,214,157,50,10
446,2020,2,중구,장충동,2761,1791,432,240,208,65,19
447,2020,2,중구,광희동,3075,2003,536,283,186,46,16
448,2020,2,중구,을지로동,1358,1081,165,62,35,10,5
449,2020,2,중구,신당5동,5363,2643,1188,761,578,145,36
450,2020,2,중구,황학동,6935,3787,1498,898,579,133,32
451,2020,2,중구,중림동,5860,2513,1299,1035,778,178,42
452,2020,2,중구,신당동,4515,2840,830,439,312,68,21
453,2020,2,중구,다산동,6991,3193,1661,1028,853,186,46
454,2020,2,중구,약수동,7828,2914,2082,1492,1014,235,68
455,2020,2,중구,청구동,6359,2478,1531,1164,904,219,48
456,2020,2,중구,동화동,4168,1155,973,902,834,219,60
457,2020,2,용산구,후암동,8594,4104,1772,1367,970,283,69
458,2020,2,용산구,용산2가동,5427,2844,1196,744,479,132,23
459,2020,2,용산구,남영동,5450,4217,609,301,244,63,10
460,2020,2,용산구,원효로2동,6018,2144,1304,1189,1035,253,66
461,2020,2,용산구,효창동,4329,1519,998,849,708,184,57
462,2020,2,용산구,용문동,5412,1985,1313,1037,809,210,43
463,2020,2,용산구,이촌1동,10356,2213,2314,2672,2417,555,134
464,2020,2,용산구,이촌2동,3848,1318,1046,804,495,139,33
465,2020,2,용산구,이태원1동,3839,2237,740,446,300,78,30
466,2020,2,용산구,이태원2동,4955,2674,1038,653,432,113,38
467,2020,2,용산구,서빙고동,5316,1739,1131,955,1069,343,61
468,2020,2,용산구,보광동,7724,4167,1686,997,662,168,35
469,2020,2,용산구,청파동,11028,6570,2031,1215,888,246,53
470,2020,2,용산구,원효로1동,7956,3791,1693,1260,954,210,33
471,2020,2,용산구,한강로동,10005,5719,1857,1227,925,193,59
472,2020,2,용산구,한남동,11329,6164,2365,1443,985,274,63
473,2020,2,성동구,왕십리2동,7626,2933,1751,1415,1178,263,68
474,2020,2,성동구,마장동,10912,4941,2329,1729,1449,340,84
475,2020,2,성동구,사근동,7696,5510,992,567,471,123,24
476,2020,2,성동구,행당1동,6617,2767,1410,1229,950,201,37
477,2020,2,성동구,행당2동,9482,2409,2420,2205,1930,391,96
478,2020,2,성동구,응봉동,6145,1624,1421,1442,1292,294,56
479,2020,2,성동구,금호1가동,6687,2173,1667,1464,1072,240,56
480,2020,2,성동구,금호4가동,6463,2208,1619,1435,951,196,37
481,2020,2,성동구,성수1가1동,7602,3148,1672,1297,1186,229,56
482,2020,2,성동구,성수1가2동,6632,3032,1414,1095,844,194,42
483,2020,2,성동구,성수2가1동,8512,4174,1823,1285,954,222,41
484,2020,2,성동구,성수2가3동,5751,3009,1093,770,660,162,45
485,2020,2,성동구,송정동,5578,2829,1173,799,587,154,31
486,2020,2,성동구,용답동,6901,4202,1207,741,579,125,35
487,2020,2,성동구,왕십리도선동,11909,4519,2553,2370,1940,405,85
488,2020,2,성동구,금호2·3가동,10362,3673,2589,2102,1568,313,85
489,2020,2,성동구,옥수동,11062,3269,2839,2607,1811,412,87
490,2020,2,광진구,화양동,16608,13187,1977,747,565,93,27
491,2020,2,광진구,군자동,10981,6307,2051,1351,977,225,48
492,2020,2,광진구,중곡1동,8153,4105,1848,1162,808,171,40
493,2020,2,광진구,중곡2동,10604,4705,2472,1711,1320,308,66
494,2020,2,광진구,중곡3동,8538,4148,1942,1284,886,227,42
495,2020,2,광진구,중곡4동,13257,4991,3177,2578,1936,436,99
496,2020,2,광진구,능동,6473,3691,1324,745,517,146,42
497,2020,2,광진구,구의1동,12089,6709,2419,1533,1096,251,66
498,2020,2,광진구,구의2동,11645,4232,2619,2277,1936,442,93
499,2020,2,광진구,구의3동,12218,4173,2608,2456,2342,503,100
500,2020,2,광진구,광장동,12073,2249,1972,3031,3923,693,156
501,2020,2,광진구,자양1동,11646,5895,2441,1640,1298,295,58
502,2020,2,광진구,자양2동,11285,4089,2620,2161,1878,410,96
503,2020,2,광진구,자양3동,11111,2965,2509,2442,2561,478,114
504,2020,2,광진구,자양4동,9626,5088,2047,1317,893,224,39
505,2020,2,동대문구,회기동,6209,4089,907,576,473,127,27
506,2020,2,동대문구,휘경1동,7123,3867,1276,944,780,200,40
507,2020,2,동대문구,휘경2동,11762,5716,2137,1806,1613,381,85
508,2020,2,동대문구,청량리동,10495,5089,2358,1522,1139,301,74
509,2020,2,동대문구,용신동,17906,10992,3174,1927,1387,338,62
510,2020,2,동대문구,제기동,13181,7121,2656,1680,1262,351,85
511,2020,2,동대문구,전농1동,15170,7485,3037,2378,1738,426,72
512,2020,2,동대문구,전농2동,7751,2278,1844,1701,1447,372,83
513,2020,2,동대문구,답십리2동,12981,4658,3211,2465,2068,452,98
514,2020,2,동대문구,장안1동,17976,7722,3943,3113,2442,595,123
515,2020,2,동대문구,장안2동,13925,4778,3092,2890,2444,549,130
516,2020,2,동대문구,이문1동,10512,6452,1713,1090,958,217,59
517,2020,2,동대문구,이문2동,8642,2999,1930,1667,1548,368,94
518,2020,2,동대문구,답십리1동,12818,5020,2706,2425,2036,481,111
519,2020,2,중랑구,면목2동,12333,5696,2796,1893,1508,355,68
520,2020,2,중랑구,면목4동,9121,3919,2142,1598,1117,272,55
521,2020,2,중랑구,면목5동,4521,1918,1088,791,569,125,23
522,2020,2,중랑구,면목7동,10573,4454,2569,1798,1379,288,66
523,2020,2,중랑구,상봉1동,10345,3244,2436,2219,1993,359,70
524,2020,2,중랑구,상봉2동,11395,6777,2258,1315,829,158,41
525,2020,2,중랑구,중화1동,9083,3343,2255,1768,1344,298,46
526,2020,2,중랑구,중화2동,13989,7372,3143,1896,1205,302,50
527,2020,2,중랑구,묵1동,14860,5009,3364,3051,2616,635,138
528,2020,2,중랑구,묵2동,9262,3998,2169,1627,1103,291,60
529,2020,2,중랑구,망우3동,8457,3771,2032,1417,965,218,44
530,2020,2,중랑구,신내1동,14887,3597,3508,3142,3334,1050,186
531,2020,2,중랑구,신내2동,9071,2887,2317,1965,1518,302,61
532,2020,2,중랑구,면목본동,17744,8595,4046,2668,1920,420,68
533,2020,2,중랑구,면목3·8동,12787,5830,2994,2098,1478,300,64
534,2020,2,중랑구,망우본동,14882,6986,3260,2342,1764,417,88
535,2020,2,성북구,돈암1동,6247,1782,1603,1342,1162,273,70
536,2020,2,성북구,돈암2동,8682,1694,1862,2209,2233,526,108
537,2020,2,성북구,안암동,9409,6217,1449,881,682,137,33
538,2020,2,성북구,보문동,7946,3825,1613,1283,964,210,39
539,2020,2,성북구,정릉1동,7520,2249,1655,1707,1456,341,80
540,2020,2,성북구,정릉2동,9719,3087,2388,2023,1699,386,99
541,2020,2,성북구,정릉3동,7946,4216,1614,1043,817,197,44
542,2020,2,성북구,정릉4동,10982,3778,2614,2185,1831,443,92
543,2020,2,성북구,길음1동,12814,2554,2480,3187,3704,711,136
544,2020,2,성북구,길음2동,7109,2405,1519,1481,1338,296,54
545,2020,2,성북구,월곡1동,10858,3289,2512,2273,2126,524,99
546,2020,2,성북구,월곡2동,9542,4421,1941,1469,1286,329,72
547,2020,2,성북구,장위1동,9091,3522,2186,1638,1319,326,70
548,2020,2,성북구,장위2동,6575,2724,1638,1153,793,210,46
549,2020,2,성북구,장위3동,7413,2453,1607,1585,1409,281,62
550,2020,2,성북구,성북동,8192,3887,1779,1222,930,270,72
551,2020,2,성북구,삼선동,11808,5852,2324,1639,1517,379,72
552,2020,2,성북구,동선동,9354,6046,1489,934,662,167,42
553,2020,2,성북구,종암동,17296,6612,3648,3179,2954,726,134
554,2020,2,성북구,석관동,16561,6783,3963,3008,2172,485,111
555,2020,2,강북구,번1동,10430,5640,2219,1413,899,203,46
556,2020,2,강북구,번2동,7652,2881,2103,1435,919,240,58
557,2020,2,강북구,번3동,7613,2392,2194,1504,1161,278,70
558,2020,2,강북구,수유1동,10402,4810,2373,1653,1167,308,66
559,2020,2,강북구,수유2동,9672,3591,2537,1787,1302,352,79
560,2020,2,강북구,수유3동,12944,7165,2633,1752,1086,247,41
561,2020,2,강북구,삼양동,11436,4625,2761,2017,1531,394,78
562,2020,2,강북구,미아동,11593,5981,2476,1655,1128,285,51
563,2020,2,강북구,송중동,14046,5912,3228,2433,1889,454,97
564,2020,2,강북구,송천동,13785,6385,3280,2110,1584,348,60
565,2020,2,강북구,삼각산동,11781,2623,2535,2775,3061,620,126
566,2020,2,강북구,우이동,9553,3674,2492,1715,1248,320,77
567,2020,2,강북구,인수동,14652,5800,3725,2704,1793,469,126
568,2020,2,도봉구,쌍문1동,9429,3239,2383,1886,1429,383,85
569,2020,2,도봉구,쌍문2동,8657,3133,2225,1698,1225,290,63
570,2020,2,도봉구,쌍문3동,7908,3265,1928,1397,1018,244,41
571,2020,2,도봉구,쌍문4동,7184,1567,1656,1724,1794,364,62
572,2020,2,도봉구,방학1동,12778,4727,3024,2363,1992,527,107
573,2020,2,도봉구,방학2동,9573,3874,2386,1745,1182,302,69
574,2020,2,도봉구,방학3동,10072,1828,2493,2523,2499,556,133
575,2020,2,도봉구,창1동,10935,3692,2671,2232,1875,366,75
576,2020,2,도봉구,창2동,12424,3860,3171,2650,2108,482,102
577,2020,2,도봉구,창3동,6676,2681,1663,1177,886,220,35
578,2020,2,도봉구,창4동,10679,2912,2437,2368,2338,494,99
579,2020,2,도봉구,창5동,10139,2912,2431,2255,2013,409,85
580,2020,2,도봉구,도봉1동,10349,4316,2704,1758,1180,299,58
581,2020,2,도봉구,도봉2동,12163,4134,3130,2502,1813,440,110
582,2020,2,노원구,월계1동,10579,4557,2239,1758,1574,379,56
583,2020,2,노원구,월계2동,12083,4153,3155,2366,1867,433,88
584,2020,2,노원구,월계3동,13016,3955,3556,2834,2076,459,105
585,2020,2,노원구,공릉2동,16409,5708,3177,3270,3384,694,123
586,2020,2,노원구,하계1동,11768,4345,2398,2140,2304,454,89
587,2020,2,노원구,하계2동,8282,1719,1802,1983,2262,435,66
588,2020,2,노원구,중계본동,8789,1993,1415,1930,2665,647,107
589,2020,2,노원구,중계1동,9085,1423,1370,2397,3274,536,61
590,2020,2,노원구,중계4동,8456,2610,1999,1665,1706,378,73
591,2020,2,노원구,상계1동,15627,4477,3766,3343,3081,773,145
592,2020,2,노원구,상계2동,8753,3219,1750,1634,1689,346,90
593,2020,2,노원구,상계5동,10925,4001,2665,2103,1663,394,76
594,2020,2,노원구,상계8동,9291,2437,2285,2279,1915,318,44
595,2020,2,노원구,상계9동,8462,2118,2202,2027,1739,308,52
596,2020,2,노원구,상계10동,6607,1796,1768,1487,1316,180,43
597,2020,2,노원구,상계3·4동,12219,4679,3025,2207,1726,451,97
598,2020,2,노원구,상계6·7동,13926,4272,3351,3000,2703,498,74
599,2020,2,노원구,중계2·3동,15411,5053,4088,3053,2604,514,79
600,2020,2,노원구,공릉1동,18209,8430,3719,2930,2434,536,127
601,2020,2,은평구,녹번동,17255,6858,4228,3196,2289,538,110
602,2020,2,은평구,불광1동,17948,6772,4422,3463,2563,557,128
603,2020,2,은평구,갈현1동,11239,4815,2693,1933,1388,324,66
604,2020,2,은평구,갈현2동,12617,4410,3070,2554,1992,449,106
605,2020,2,은평구,구산동,13329,4341,3205,2769,2259,594,107
606,2020,2,은평구,대조동,14112,7179,3052,2041,1401,313,102
607,2020,2,은평구,응암1동,12767,5234,2921,2240,1845,407,88
608,2020,2,은평구,응암2동,10843,3013,2602,2548,2075,462,98
609,2020,2,은평구,신사1동,11794,3903,2958,2403,1951,443,105
610,2020,2,은평구,신사2동,9101,3203,2204,1750,1481,346,92
611,2020,2,은평구,증산동,6893,2537,1736,1230,1057,268,47
612,2020,2,은평구,수색동,3770,1385,899,715,580,143,42
613,2020,2,은평구,진관동,21616,6238,4226,4275,4956,1482,359
614,2020,2,은평구,불광2동,13887,6145,3341,2323,1567,406,78
615,2020,2,은평구,응암3동,12698,6049,2928,1934,1371,306,77
616,2020,2,은평구,역촌동,20795,7702,5018,4014,3084,748,167
617,2020,2,서대문구,천연동,8164,3314,1768,1502,1232,275,51
618,2020,2,서대문구,홍제1동,10391,3586,2468,2074,1735,410,85
619,2020,2,서대문구,홍제3동,7103,2723,1689,1309,1050,265,53
620,2020,2,서대문구,홍제2동,5898,1821,1429,1263,1076,249,42
621,2020,2,서대문구,홍은1동,9592,3217,2275,1880,1683,400,107
622,2020,2,서대문구,홍은2동,12274,4919,2851,2172,1767,399,125
623,2020,2,서대문구,남가좌1동,5928,1425,1182,1483,1448,303,67
624,2020,2,서대문구,남가좌2동,13099,5004,2866,2503,2145,447,108
625,2020,2,서대문구,북가좌1동,6987,1620,1699,1618,1586,363,82
626,2020,2,서대문구,북가좌2동,14752,5645,3589,2692,2140,553,103
627,2020,2,서대문구,충현동,9183,4851,1777,1209,1019,240,67
628,2020,2,서대문구,북아현동,7542,2860,1709,1517,1170,233,36
629,2020,2,서대문구,신촌동,12893,9797,1506,797,583,142,45
630,2020,2,서대문구,연희동,19517,10416,3737,2556,2077,551,138
631,2020,2,마포구,용강동,9197,3250,1958,1900,1629,362,71
632,2020,2,마포구,대흥동,8216,5153,1360,831,697,140,24
633,2020,2,마포구,염리동,5658,2441,1200,962,830,181,33
634,2020,2,마포구,신수동,10214,3923,2192,1958,1693,350,69
635,2020,2,마포구,서교동,14808,9547,2466,1447,1030,240,53
636,2020,2,마포구,합정동,9691,5232,2084,1248,862,195,47
637,2020,2,마포구,망원1동,10586,5114,2457,1462,1197,273,63
638,2020,2,마포구,망원2동,8467,3231,2040,1440,1399,281,57
639,2020,2,마포구,연남동,8818,5144,1696,1020,700,209,29
640,2020,2,마포구,성산1동,9448,4376,2070,1454,1154,294,67
641,2020,2,마포구,성산2동,19020,8317,3990,3164,2783,599,133
642,2020,2,마포구,상암동,12809,4355,2541,2451,2580,701,136
643,2020,2,마포구,도화동,9570,3644,2058,1789,1600,372,80
644,2020,2,마포구,서강동,11696,5287,2222,1987,1749,363,63
645,2020,2,마포구,공덕동,19099,8931,4030,3031,2458,496,117
646,2020,2,마포구,아현동,10247,3211,2294,2424,1907,315,68
647,2020,2,양천구,목1동,10568,1606,1819,2962,3392,626,115
648,2020,2,양천구,목2동,13225,4806,2978,2532,2236,517,115
649,2020,2,양천구,목3동,10042,3731,2421,1972,1510,301,76
650,2020,2,양천구,목4동,10118,3017,1929,2108,2421,509,102
651,2020,2,양천구,신월1동,10130,4445,2400,1742,1173,291,64
652,2020,2,양천구,신월2동,8506,2443,2057,1855,1583,433,97
653,2020,2,양천구,신월3동,8136,4020,1815,1177,821,243,49
654,2020,2,양천구,신월4동,6917,1583,1662,1656,1533,365,99
655,2020,2,양천구,신월5동,6453,2227,1548,1269,1064,251,75
656,2020,2,양천구,신월6동,4723,1115,1156,1123,1058,218,44
657,2020,2,양천구,신월7동,9225,3133,2637,1799,1307,269,57
658,2020,2,양천구,신정1동,7206,1410,1263,1682,2301,459,72
659,2020,2,양천구,신정2동,7123,1576,1305,1561,2152,452,62
660,2020,2,양천구,신정3동,17913,4637,4194,3872,3943,1027,183
661,2020,2,양천구,신정6동,8222,1057,1506,2290,2758,489,98
662,2020,2,양천구,신정7동,11567,3001,2630,2609,2723,487,83
663,2020,2,양천구,목5동,13572,1670,2141,3725,5031,803,139
664,2020,2,양천구,신정4동,16031,6991,3627,2709,2057,506,108
665,2020,2,강서구,염창동,15757,3931,3185,3802,3964,727,112
666,2020,2,강서구,등촌1동,12463,6777,2379,1642,1323,267,53
667,2020,2,강서구,등촌2동,8762,2769,2075,1825,1582,383,97
668,2020,2,강서구,등촌3동,14985,6000,3963,2613,1936,371,80
669,2020,2,강서구,화곡본동,16679,7343,3818,2785,2092,516,84
670,2020,2,강서구,화곡2동,8231,2939,2088,1632,1168,333,48
671,2020,2,강서구,화곡3동,9455,3381,2189,1831,1541,391,99
672,2020,2,강서구,화곡4동,9695,3697,2474,1828,1311,299,64
673,2020,2,강서구,화곡6동,12164,5718,2542,1896,1554,344,83
674,2020,2,강서구,화곡8동,11784,4594,3072,2124,1549,352,67
675,2020,2,강서구,가양1동,19497,12467,2659,2093,1752,422,79
676,2020,2,강서구,가양2동,8112,4158,2146,1075,553,124,37
677,2020,2,강서구,가양3동,7929,3304,2415,1360,652,156,33
678,2020,2,강서구,발산1동,13646,2875,3032,3095,3558,903,136
679,2020,2,강서구,공항동,12780,5700,2723,2075,1750,427,81
680,2020,2,강서구,방화1동,17515,5002,3964,3636,3711,960,189
681,2020,2,강서구,방화2동,11628,5612,2592,1706,1267,339,84
682,2020,2,강서구,방화3동,11328,4741,2856,1957,1354,315,84
683,2020,2,강서구,화곡1동,26704,12725,6199,4314,2624,639,146
684,2020,2,강서구,우장산동,16138,3887,3238,3681,4271,829,172
685,2020,2,구로구,신도림동,13425,3051,2980,3306,3264,629,145
686,2020,2,구로구,구로1동,8346,2270,1909,1857,1868,361,58
687,2020,2,구로구,구로3동,13178,7672,2275,1607,1246,292,60
688,2020,2,구로구,구로4동,10626,5195,2515,1597,1031,216,53
689,2020,2,구로구,구로5동,14646,7120,3020,2181,1783,405,100
690,2020,2,구로구,고척1동,9596,3059,2231,1901,1880,415,90
691,2020,2,구로구,고척2동,11612,3845,2758,2326,2099,449,114
692,2020,2,구로구,개봉2동,12580,3251,3303,2893,2385,565,140
693,2020,2,구로구,개봉3동,8911,2687,2402,1906,1496,332,68
694,2020,2,구로구,오류1동,11610,5892,2472,1644,1219,297,60
695,2020,2,구로구,수궁동,9899,2956,2623,2088,1653,455,101
696,2020,2,구로구,가리봉동,5971,4088,1012,481,290,79,14
697,2020,2,구로구,구로2동,12704,6282,2947,1829,1213,325,78
698,2020,2,구로구,개봉1동,13849,4949,3454,2591,2147,545,124
699,2020,2,구로구,오류2동,15550,4435,3954,3057,2969,909,165
700,2020,2,구로구,항동,5864,1440,1303,1465,1300,296,47
701,2020,2,금천구,가산동,14456,10527,1936,1080,702,153,49
702,2020,2,금천구,독산1동,21047,10498,4124,3053,2592,604,129
703,2020,2,금천구,독산2동,9304,4142,2261,1510,1074,254,49
704,2020,2,금천구,독산3동,12455,5978,2866,1839,1380,307,66
705,2020,2,금천구,독산4동,7665,3471,1814,1204,872,244,45
706,2020,2,금천구,시흥1동,15972,6899,3689,2652,2103,500,88
707,2020,2,금천구,시흥2동,8424,2137,2075,1837,1755,451,131
708,2020,2,금천구,시흥3동,4757,1511,1291,945,749,213,39
709,2020,2,금천구,시흥4동,9117,3213,2314,1730,1419,332,74
710,2020,2,금천구,시흥5동,9373,3944,2395,1528,1124,290,72
711,2020,2,영등포구,여의동,13729,4195,3079,2949,2725,570,152
712,2020,2,영등포구,당산1동,10721,5553,2180,1521,1112,262,71
713,2020,2,영등포구,당산2동,18049,9079,3125,2783,2402,496,121
714,2020,2,영등포구,양평1동,9088,4554,2029,1310,939,187,47
715,2020,2,영등포구,양평2동,10126,4157,2172,1797,1599,314,66
716,2020,2,영등포구,신길1동,10364,6489,1817,1077,748,185,38
717,2020,2,영등포구,신길3동,7650,3026,1659,1488,1141,288,35
718,2020,2,영등포구,신길4동,4327,1976,984,719,486,136,21
719,2020,2,영등포구,신길5동,4937,1955,1141,900,716,183,26
720,2020,2,영등포구,신길6동,8565,3888,1879,1367,1099,249,57
721,2020,2,영등포구,신길7동,7881,2242,1658,1686,1807,393,70
722,2020,2,영등포구,대림1동,6379,3101,1436,915,730,149,36
723,2020,2,영등포구,대림2동,6865,3798,1520,842,514,142,35
724,2020,2,영등포구,대림3동,10453,4079,2518,1889,1490,357,85
725,2020,2,영등포구,영등포본동,10228,4666,2047,1673,1459,311,52
726,2020,2,영등포구,영등포동,18003,13109,2332,1300,1006,204,39
727,2020,2,영등포구,도림동,9384,4643,2073,1388,979,234,51
728,2020,2,영등포구,문래동,13038,3997,2848,2840,2660,548,113
729,2020,2,동작구,노량진2동,7262,4287,1457,821,535,123,31
730,2020,2,동작구,상도1동,21593,10065,3987,3653,3043,658,135
731,2020,2,동작구,상도2동,12775,5211,2712,2261,2032,431,101
732,2020,2,동작구,상도3동,12046,5390,2663,1998,1536,336,90
733,2020,2,동작구,상도4동,13712,5874,3107,2386,1822,428,71
734,2020,2,동작구,사당1동,13246,7749,2647,1525,1053,205,55
735,2020,2,동작구,사당3동,10541,3547,2423,2162,1832,434,94
736,2020,2,동작구,사당4동,7153,3321,1618,1107,868,183,38
737,2020,2,동작구,사당5동,6503,2536,1456,1255,1007,202,37
738,2020,2,동작구,대방동,17229,7137,3275,2877,3040,699,149
739,2020,2,동작구,신대방1동,10116,3879,1998,1762,1915,443,91
740,2020,2,동작구,신대방2동,9424,4350,1759,1475,1378,352,83
741,2020,2,동작구,흑석동,14397,5599,3060,2774,2313,527,96
742,2020,2,동작구,노량진1동,15596,7361,3200,2459,1956,480,103
743,2020,2,동작구,사당2동,11944,4198,2962,2395,1824,439,100
744,2020,2,관악구,보라매동,12466,6082,2753,1848,1388,309,62
745,2020,2,관악구,청림동,6566,2021,1668,1412,1147,244,55
746,2020,2,관악구,행운동,17453,10989,2975,1753,1320,315,81
747,2020,2,관악구,낙성대동,11105,7929,1469,845,639,170,38
748,2020,2,관악구,중앙동,9724,6508,1587,825,618,146,30
749,2020,2,관악구,인헌동,14245,7916,2731,1772,1390,343,61
750,2020,2,관악구,남현동,9478,4879,1910,1381,983,240,61
751,2020,2,관악구,서원동,14209,9155,2599,1330,848,201,63
752,2020,2,관악구,신원동,10793,6526,2131,1143,784,155,38
753,2020,2,관악구,서림동,14453,9503,2287,1345,977,259,57
754,2020,2,관악구,신사동,13607,8579,2341,1371,1034,220,49
755,2020,2,관악구,신림동,17212,14197,1927,623,356,84,20
756,2020,2,관악구,난향동,6434,1944,1560,1291,1237,299,76
757,2020,2,관악구,조원동,10541,6742,1833,984,751,183,27
758,2020,2,관악구,대학동,16191,12172,1831,1129,817,184,48
759,2020,2,관악구,은천동,16075,7100,3486,2583,2224,509,134
760,2020,2,관악구,성현동,12492,3960,2989,2482,2381,545,95
761,2020,2,관악구,청룡동,22094,15581,2996,1725,1367,330,71
762,2020,2,관악구,난곡동,12971,5346,3198,2232,1696,385,85
763,2020,2,관악구,삼성동,11429,4765,2776,1872,1496,401,90
764,2020,2,관악구,미성동,14177,5620,3259,2543,2087,536,87
765,2020,2,서초구,서초1동,9345,3927,1801,1566,1505,390,118
766,2020,2,서초구,서초2동,8575,3873,1535,1442,1329,297,76
767,2020,2,서초구,서초3동,13880,6034,2720,2284,2061,556,151
768,2020,2,서초구,서초4동,11060,2370,1943,2606,3326,634,117
769,2020,2,서초구,잠원동,13667,4660,2567,2870,2887,535,101
770,2020,2,서초구,반포본동,4136,762,832,977,1253,238,52
771,2020,2,서초구,반포1동,14389,6406,2216,2357,2629,582,143
772,2020,2,서초구,반포2동,5123,686,853,1299,1719,452,86
773,2020,2,서초구,반포3동,7525,1394,1491,1977,2119,430,74
774,2020,2,서초구,반포4동,7319,1901,1500,1776,1601,390,113
775,2020,2,서초구,방배본동,7964,2200,1576,1705,1881,450,108
776,2020,2,서초구,방배1동,7720,2991,1762,1386,1193,283,77
777,2020,2,서초구,방배2동,8707,3073,2143,1621,1408,354,68
778,2020,2,서초구,방배3동,8366,2256,1886,1891,1793,385,108
779,2020,2,서초구,방배4동,9796,3447,2038,1828,1890,437,118
780,2020,2,서초구,양재1동,18283,6105,4022,3482,3299,1040,250
781,2020,2,서초구,양재2동,10808,5054,2251,1600,1398,374,91
782,2020,2,서초구,내곡동,7335,2173,1843,1547,1300,326,104
783,2020,2,강남구,신사동,7391,2918,1552,1290,1228,286,74
784,2020,2,강남구,논현1동,14443,9612,2513,1171,818,228,69
785,2020,2,강남구,논현2동,11440,6315,2090,1544,1155,243,70
786,2020,2,강남구,삼성1동,6042,2111,1266,1174,1099,287,68
787,2020,2,강남구,삼성2동,13490,5908,2314,2256,2355,478,119
788,2020,2,강남구,대치1동,7394,579,925,1965,3094,654,135
789,2020,2,강남구,대치4동,10216,5405,1679,1365,1378,291,73
790,2020,2,강남구,역삼1동,23850,17134,3486,1638,1170,309,78
791,2020,2,강남구,역삼2동,15690,6522,2325,2812,3221,612,141
792,2020,2,강남구,도곡1동,8652,2639,1583,1863,2055,385,86
793,2020,2,강남구,도곡2동,11843,2199,2315,2997,3457,699,127
794,2020,2,강남구,개포1동,2713,834,606,534,569,131,28
795,2020,2,강남구,개포4동,7768,2978,1598,1466,1323,312,63
796,2020,2,강남구,일원본동,8160,1461,1534,2005,2579,463,91
797,2020,2,강남구,일원1동,7499,3196,1778,1254,935,263,60
798,2020,2,강남구,일원2동,7392,2291,1797,1542,1440,274,35
799,2020,2,강남구,수서동,7881,3457,2332,1185,672,180,40
800,2020,2,강남구,세곡동,17978,5954,3967,3269,3330,1080,289
801,2020,2,강남구,압구정동,10723,3010,2387,2404,2214,531,133
802,2020,2,강남구,청담동,11891,4772,2308,2209,1947,478,109
803,2020,2,강남구,대치2동,12950,2490,2083,3229,4179,789,124
804,2020,2,강남구,개포2동,8078,1612,1766,2063,2163,377,77
805,2020,2,송파구,풍납1동,6440,2506,1593,1144,949,185,48
806,2020,2,송파구,풍납2동,11102,4181,2279,2223,1898,398,96
807,2020,2,송파구,거여1동,5566,1919,1371,1045,963,207,47
808,2020,2,송파구,거여2동,7204,2553,1797,1428,1091,258,58
809,2020,2,송파구,마천1동,9036,3537,2144,1589,1294,374,78
810,2020,2,송파구,마천2동,8823,3341,2166,1647,1249,315,79
811,2020,2,송파구,방이1동,6306,1886,1219,1338,1446,319,76
812,2020,2,송파구,방이2동,14267,7987,2825,1784,1311,277,64
813,2020,2,송파구,오륜동,5958,657,1134,1569,2071,428,66
814,2020,2,송파구,오금동,15960,4433,3753,3601,3215,745,172
815,2020,2,송파구,송파1동,12450,5993,2666,1898,1414,354,92
816,2020,2,송파구,송파2동,7538,1741,1588,1797,1881,424,80
817,2020,2,송파구,석촌동,17093,8813,3555,2403,1791,399,103
818,2020,2,송파구,삼전동,16325,8365,3331,2368,1759,397,80
819,2020,2,송파구,가락본동,11962,4660,2535,2209,1947,498,83
820,2020,2,송파구,가락1동,9919,1600,2520,2628,2570,476,96
821,2020,2,송파구,가락2동,12339,3020,2505,2972,3086,583,131
822,2020,2,송파구,문정1동,8569,2772,1927,1726,1641,397,79
823,2020,2,송파구,문정2동,15575,8530,2811,1975,1763,358,94
824,2020,2,송파구,잠실본동,15386,8444,2973,2022,1493,350,83
825,2020,2,송파구,잠실4동,7454,1205,1453,2039,2210,420,91
826,2020,2,송파구,잠실6동,5950,971,1352,1601,1520,389,80
827,2020,2,송파구,잠실7동,3475,531,850,887,936,212,42
828,2020,2,송파구,잠실2동,11964,1819,1885,3092,4299,709,134
829,2020,2,송파구,잠실3동,12176,1891,2611,3313,3512,677,125
830,2020,2,송파구,장지동,12268,3475,2975,2766,2339,568,113
831,2020,2,송파구,위례동,9030,1038,1780,2338,2932,748,161
832,2020,2,강동구,강일동,11253,2382,2659,2286,2739,964,185
833,2020,2,강동구,상일동,11349,1983,2532,2883,3185,641,93
834,2020,2,강동구,명일1동,10037,2368,2453,2411,2237,456,80
835,2020,2,강동구,명일2동,5981,1174,1113,1368,1842,377,70
836,2020,2,강동구,고덕1동,8938,1593,1584,2330,2763,521,110
837,2020,2,강동구,고덕2동,8146,2105,1900,1880,1850,326,58
838,2020,2,강동구,암사2동,6382,1941,1561,1386,1190,240,51
839,2020,2,강동구,암사3동,6352,1126,1399,1591,1717,394,82
840,2020,2,강동구,천호1동,12862,5355,3008,2340,1658,390,80
841,2020,2,강동구,천호3동,13759,6949,2959,2028,1413,322,67
842,2020,2,강동구,성내1동,8169,2426,1921,1830,1562,337,71
843,2020,2,강동구,성내2동,12759,6608,2735,1887,1174,267,60
844,2020,2,강동구,성내3동,10498,4123,2398,1887,1628,369,70
845,2020,2,강동구,둔촌1동,161,114,18,11,14,2,2
846,2020,2,강동구,둔촌2동,11234,3676,2581,2299,2152,421,79
847,2020,2,강동구,암사1동,16179,6343,3762,3047,2402,487,99
848,2020,2,강동구,천호2동,17754,8750,3988,2639,1837,415,95
849,2020,2,강동구,길동,21282,8895,4652,3808,2954,741,170
850,2020,3,종로구,사직동,4765,2406,947,676,538,145,29
851,2020,3,종로구,삼청동,1369,721,270,175,141,38,20
852,2020,3,종로구,부암동,4348,1701,968,757,663,186,46
853,2020,3,종로구,평창동,7518,2437,1782,1470,1322,388,71
854,2020,3,종로구,무악동,3203,766,738,724,749,183,28
855,2020,3,종로구,교남동,4594,1664,1095,914,748,137,24
856,2020,3,종로구,가회동,2070,966,430,339,239,65,20
857,2020,3,종로구,종로1·2·3·4가동,5234,4164,529,277,196,47,14
858,2020,3,종로구,종로5·6가동,3459,2422,515,280,172,55,11
859,2020,3,종로구,이화동,4433,2722,801,451,341,92,14
860,2020,3,종로구,창신1동,2981,1803,572,317,198,74,14
861,2020,3,종로구,창신2동,4150,2012,921,602,441,132,34
862,2020,3,종로구,창신3동,2907,952,702,641,439,141,28
863,2020,3,종로구,숭인1동,3015,1440,659,464,338,89,18
864,2020,3,종로구,숭인2동,6046,4116,934,500,373,101,18
865,2020,3,종로구,청운효자동,5376,2049,1145,1001,875,232,50
866,2020,3,종로구,혜화동,9393,5692,1479,1052,864,220,62
867,2020,3,중구,소공동,1141,648,216,171,84,16,3
868,2020,3,중구,회현동,3042,1970,452,304,223,67,15
869,2020,3,중구,명동,1583,1110,224,141,72,22,8
870,2020,3,중구,필동,2392,1535,419,219,156,49,11
871,2020,3,중구,장충동,2771,1807,431,241,200,66,20
872,2020,3,중구,광희동,3132,2063,547,273,178,51,16
873,2020,3,중구,을지로동,1385,1115,162,58,34,11,4
874,2020,3,중구,신당5동,5389,2666,1213,753,575,141,30
875,2020,3,중구,황학동,6928,3802,1502,876,580,129,29
876,2020,3,중구,중림동,5869,2527,1291,1046,776,169,41
877,2020,3,중구,신당동,4572,2893,831,439,314,71,21
878,2020,3,중구,다산동,6995,3207,1680,1017,843,177,47
879,2020,3,중구,약수동,7811,2926,2091,1480,1002,221,70
880,2020,3,중구,청구동,6404,2540,1542,1164,875,222,48
881,2020,3,중구,동화동,4180,1186,971,913,808,221,61
882,2020,3,용산구,후암동,8655,4191,1780,1360,961,273,60
883,2020,3,용산구,용산2가동,5415,2868,1214,720,454,128,21
884,2020,3,용산구,남영동,5440,4219,605,297,246,55,11
885,2020,3,용산구,원효로2동,6077,2206,1336,1181,1002,258,66
886,2020,3,용산구,효창동,4367,1569,1005,835,709,180,57
887,2020,3,용산구,용문동,5412,2009,1309,1031,807,193,46
888,2020,3,용산구,이촌1동,10350,2230,2346,2657,2409,542,123
889,2020,3,용산구,이촌2동,3862,1347,1066,767,497,138,33
890,2020,3,용산구,이태원1동,3898,2284,757,459,288,75,27
891,2020,3,용산구,이태원2동,4995,2719,1060,656,406,110,37
892,2020,3,용산구,서빙고동,5307,1749,1143,950,1054,337,57
893,2020,3,용산구,보광동,7781,4233,1702,992,649,164,34
894,2020,3,용산구,청파동,11097,6668,2036,1192,891,235,55
895,2020,3,용산구,원효로1동,7971,3851,1674,1255,932,208,33
896,2020,3,용산구,한강로동,10407,5835,1971,1313,1004,199,63
897,2020,3,용산구,한남동,11417,6220,2385,1473,972,269,64
898,2020,3,성동구,왕십리2동,7629,2959,1773,1405,1148,256,69
899,2020,3,성동구,마장동,10918,4976,2377,1687,1428,331,81
900,2020,3,성동구,사근동,7787,5615,992,568,461,117,24
901,2020,3,성동구,행당1동,6519,2720,1397,1218,933,193,39
902,2020,3,성동구,행당2동,9485,2444,2457,2181,1903,379,89
903,2020,3,성동구,응봉동,6143,1637,1434,1448,1268,280,57
904,2020,3,성동구,금호1가동,6720,2231,1656,1448,1082,234,56
905,2020,3,성동구,금호4가동,6469,2234,1615,1435,951,184,33
906,2020,3,성동구,성수1가1동,7620,3203,1656,1302,1168,221,57
907,2020,3,성동구,성수1가2동,6586,3034,1416,1087,811,188,41
908,2020,3,성동구,성수2가1동,8496,4200,1852,1261,919,205,45
909,2020,3,성동구,성수2가3동,5772,3042,1105,771,640,159,44
910,2020,3,성동구,송정동,5573,2865,1163,794,566,149,31
911,2020,3,성동구,용답동,6910,4246,1227,722,553,119,34
912,2020,3,성동구,왕십리도선동,12023,4683,2560,2335,1937,382,91
913,2020,3,성동구,금호2·3가동,10346,3689,2593,2124,1533,303,76
914,2020,3,성동구,옥수동,11100,3311,2885,2598,1780,407,85
915,2020,3,광진구,화양동,16799,13420,1963,750,535,91,27
916,2020,3,광진구,군자동,11077,6429,2056,1345,957,222,47
917,2020,3,광진구,중곡1동,8186,4157,1861,1164,786,160,39
918,2020,3,광진구,중곡2동,10613,4778,2448,1714,1299,287,66
919,2020,3,광진구,중곡3동,8570,4208,1954,1261,881,217,41
920,2020,3,광진구,중곡4동,13268,5060,3220,2526,1900,429,97
921,2020,3,광진구,능동,6495,3728,1341,750,497,133,39
922,2020,3,광진구,구의1동,12123,6809,2410,1517,1056,261,55
923,2020,3,광진구,구의2동,11680,4288,2658,2236,1936,422,99
924,2020,3,광진구,구의3동,12197,4159,2642,2477,2303,484,98
925,2020,3,광진구,광장동,12099,2271,2018,3030,3883,694,158
926,2020,3,광진구,자양1동,11784,6054,2462,1612,1294,293,51
927,2020,3,광진구,자양2동,11240,4113,2603,2156,1859,386,94
928,2020,3,광진구,자양3동,11168,3041,2560,2452,2502,457,114
929,2020,3,광진구,자양4동,9558,5069,2040,1303,877,218,33
930,2020,3,동대문구,회기동,6243,4128,918,560,476,126,26
931,2020,3,동대문구,휘경1동,7122,3892,1287,927,772,189,39
932,2020,3,동대문구,휘경2동,11857,5827,2180,1786,1586,374,76
933,2020,3,동대문구,청량리동,10435,5064,2397,1490,1110,295,68
934,2020,3,동대문구,용신동,18261,11357,3208,1933,1362,317,60
935,2020,3,동대문구,제기동,13321,7262,2680,1662,1261,347,85
936,2020,3,동대문구,전농1동,15174,7553,3072,2335,1696,416,68
937,2020,3,동대문구,전농2동,7772,2327,1871,1682,1433,353,85
938,2020,3,동대문구,답십리2동,12914,4647,3246,2454,1992,444,106
939,2020,3,동대문구,장안1동,18135,7890,4016,3088,2416,575,110
940,2020,3,동대문구,장안2동,13970,4883,3100,2895,2404,516,132
941,2020,3,동대문구,이문1동,10499,6456,1724,1086,938,213,59
942,2020,3,동대문구,이문2동,8684,3071,1967,1639,1532,353,90
943,2020,3,동대문구,답십리1동,12845,5053,2702,2472,1996,481,104
944,2020,3,중랑구,면목2동,12290,5732,2812,1872,1444,343,71
945,2020,3,중랑구,면목4동,9049,3906,2161,1548,1097,269,49
946,2020,3,중랑구,면목5동,6164,2155,1507,1300,962,201,31
947,2020,3,중랑구,면목7동,10613,4536,2603,1780,1330,280,66
948,2020,3,중랑구,상봉1동,10277,3237,2452,2185,1955,350,73
949,2020,3,중랑구,상봉2동,11559,6923,2345,1293,788,151,41
950,2020,3,중랑구,중화1동,9092,3421,2274,1736,1290,296,46
951,2020,3,중랑구,중화2동,13959,7396,3156,1877,1173,284,52
952,2020,3,중랑구,묵1동,14966,5154,3415,3005,2586,619,140
953,2020,3,중랑구,묵2동,9310,4069,2199,1604,1087,280,55
954,2020,3,중랑구,망우3동,8432,3792,2041,1376,956,214,44
955,2020,3,중랑구,신내1동,14864,3649,3564,3098,3290,1015,181
956,2020,3,중랑구,신내2동,9092,2941,2361,1919,1502,291,59
957,2020,3,중랑구,면목본동,17681,8662,4068,2614,1842,404,64
958,2020,3,중랑구,면목3·8동,12733,5871,3045,2019,1434,279,68
959,2020,3,중랑구,망우본동,15028,7188,3287,2297,1737,414,82
960,2020,3,성북구,돈암1동,6228,1801,1634,1329,1117,266,64
961,2020,3,성북구,돈암2동,8718,1730,1904,2220,2202,512,104
962,2020,3,성북구,안암동,9381,6256,1430,866,655,133,33
963,2020,3,성북구,보문동,7928,3862,1595,1256,957,212,34
964,2020,3,성북구,정릉1동,7527,2280,1672,1700,1436,326,83
965,2020,3,성북구,정릉2동,9821,3190,2440,2003,1685,377,87
966,2020,3,성북구,정릉3동,7974,4258,1639,1017,823,181,41
967,2020,3,성북구,정릉4동,10987,3775,2695,2176,1795,418,93
968,2020,3,성북구,길음1동,12819,2576,2513,3172,3674,712,130
969,2020,3,성북구,길음2동,7129,2421,1506,1513,1336,284,55
970,2020,3,성북구,월곡1동,10878,3332,2537,2271,2093,506,103
971,2020,3,성북구,월곡2동,9576,4506,1959,1456,1249,310,73
972,2020,3,성북구,장위1동,9140,3592,2213,1631,1283,323,69
973,2020,3,성북구,장위2동,6569,2740,1646,1135,786,203,47
974,2020,3,성북구,장위3동,7393,2471,1590,1581,1391,288,57
975,2020,3,성북구,성북동,8230,3923,1788,1238,915,266,72
976,2020,3,성북구,삼선동,11750,5848,2323,1626,1485,373,70
977,2020,3,성북구,동선동,9339,6030,1513,919,655,168,40
978,2020,3,성북구,종암동,17378,6702,3727,3169,2909,702,128
979,2020,3,성북구,석관동,16614,6879,3993,2990,2123,491,102
980,2020,3,강북구,번1동,10456,5701,2234,1401,872,198,40
981,2020,3,강북구,번2동,7651,2931,2114,1408,883,239,60
982,2020,3,강북구,번3동,7601,2408,2218,1487,1145,266,64
983,2020,3,강북구,수유1동,10445,4840,2428,1646,1140,307,59
984,2020,3,강북구,수유2동,9701,3658,2550,1788,1272,342,69
985,2020,3,강북구,수유3동,12955,7207,2648,1714,1076,248,44
986,2020,3,강북구,삼양동,11386,4651,2763,1976,1494,396,77
987,2020,3,강북구,미아동,11717,6137,2499,1633,1110,273,46
988,2020,3,강북구,송중동,14074,6002,3233,2418,1851,440,97
989,2020,3,강북구,송천동,13817,6443,3315,2105,1537,342,59
990,2020,3,강북구,삼각산동,11770,2674,2538,2771,3007,615,127
991,2020,3,강북구,우이동,9609,3740,2512,1703,1249,305,73
992,2020,3,강북구,인수동,14608,5827,3758,2667,1742,461,123
993,2020,3,도봉구,쌍문1동,9452,3273,2422,1854,1416,381,81
994,2020,3,도봉구,쌍문2동,8682,3203,2256,1662,1195,293,52
995,2020,3,도봉구,쌍문3동,7878,3258,1930,1404,990,238,44
996,2020,3,도봉구,쌍문4동,7187,1613,1669,1714,1759,358,58
997,2020,3,도봉구,방학1동,12745,4736,3040,2354,1959,516,104
998,2020,3,도봉구,방학2동,9554,3922,2397,1719,1152,286,63
999,2020,3,도봉구,방학3동,10078,1875,2555,2467,2468,545,129
1000,2020,3,도봉구,창1동,10906,3747,2654,2218,1847,343,74
1001,2020,3,도봉구,창2동,12420,3909,3190,2639,2049,484,103
1002,2020,3,도봉구,창3동,6672,2695,1673,1171,868,214,36
1003,2020,3,도봉구,창4동,10702,2981,2438,2407,2290,460,100
1004,2020,3,도봉구,창5동,10229,3035,2473,2245,1958,405,85
1005,2020,3,도봉구,도봉1동,10388,4361,2730,1762,1154,292,58
1006,2020,3,도봉구,도봉2동,12136,4159,3179,2449,1779,437,101
1007,2020,3,노원구,월계1동,10551,4588,2274,1725,1531,364,55
1008,2020,3,노원구,월계2동,12098,4188,3182,2381,1827,417,82
1009,2020,3,노원구,월계3동,13002,4014,3571,2814,2024,445,102
1010,2020,3,노원구,공릉2동,16424,5760,3219,3241,3341,680,128
1011,2020,3,노원구,하계1동,11728,4343,2400,2154,2268,448,81
1012,2020,3,노원구,하계2동,8293,1753,1844,1976,2223,420,58
1013,2020,3,노원구,중계본동,8770,2018,1424,1914,2645,629,105
1014,2020,3,노원구,중계1동,9075,1430,1388,2397,3257,518,60
1015,2020,3,노원구,중계4동,8486,2693,1988,1674,1673,365,68
1016,2020,3,노원구,상계1동,15653,4580,3801,3338,2997,753,140
1017,2020,3,노원구,상계2동,8782,3284,1765,1623,1666,333,89
1018,2020,3,노원구,상계5동,10991,4097,2686,2114,1606,384,80
1019,2020,3,노원구,상계8동,9242,2438,2313,2263,1855,315,45
1020,2020,3,노원구,상계9동,8441,2129,2227,2028,1685,305,50
1021,2020,3,노원구,상계10동,6642,1829,1813,1472,1292,180,40
1022,2020,3,노원구,상계3·4동,12203,4698,3053,2164,1720,446,89
1023,2020,3,노원구,상계6·7동,13947,4350,3395,2993,2645,460,75
1024,2020,3,노원구,중계2·3동,15435,5123,4126,3044,2563,486,75
1025,2020,3,노원구,공릉1동,18239,8542,3737,2879,2391,534,121
1026,2020,3,은평구,녹번동,17380,7056,4267,3186,2230,503,104
1027,2020,3,은평구,불광1동,17954,6868,4448,3407,2514,553,118
1028,2020,3,은평구,갈현1동,11206,4863,2718,1902,1334,308,60
1029,2020,3,은평구,갈현2동,12653,4502,3124,2493,1954,450,98
1030,2020,3,은평구,구산동,13359,4406,3257,2738,2211,589,107
1031,2020,3,은평구,대조동,14238,7355,3074,2001,1393,294,101
1032,2020,3,은평구,응암1동,13752,5540,3198,2437,1997,456,88
1033,2020,3,은평구,응암2동,10965,3056,2650,2574,2090,461,94
1034,2020,3,은평구,신사1동,11835,3979,3006,2380,1898,437,105
1035,2020,3,은평구,신사2동,9073,3255,2201,1727,1450,329,90
1036,2020,3,은평구,증산동,6886,2608,1713,1227,1011,260,50
1037,2020,3,은평구,수색동,4665,1582,1158,923,752,191,51
1038,2020,3,은평구,진관동,21639,6298,4274,4275,4917,1448,351
1039,2020,3,은평구,불광2동,13911,6238,3337,2298,1530,402,78
1040,2020,3,은평구,응암3동,12732,6113,2954,1909,1351,299,77
1041,2020,3,은평구,역촌동,20791,7810,5075,3952,3037,703,161
1042,2020,3,서대문구,천연동,8113,3296,1801,1471,1218,266,44
1043,2020,3,서대문구,홍제1동,10481,3704,2504,2071,1677,415,73
1044,2020,3,서대문구,홍제3동,7107,2741,1701,1321,1034,240,54
1045,2020,3,서대문구,홍제2동,5913,1861,1437,1256,1057,243,42
1046,2020,3,서대문구,홍은1동,9613,3274,2301,1878,1637,396,98
1047,2020,3,서대문구,홍은2동,12338,5021,2859,2179,1733,390,115
1048,2020,3,서대문구,남가좌1동,5904,1419,1205,1457,1439,301,65
1049,2020,3,서대문구,남가좌2동,13220,5083,2934,2489,2132,457,96
1050,2020,3,서대문구,북가좌1동,6987,1638,1714,1618,1564,352,83
1051,2020,3,서대문구,북가좌2동,14774,5727,3624,2669,2091,535,99
1052,2020,3,서대문구,충현동,10113,5165,1939,1420,1201,299,68
1053,2020,3,서대문구,북아현동,7478,2892,1668,1500,1142,224,38
1054,2020,3,서대문구,신촌동,13143,10043,1526,802,574,137,40
1055,2020,3,서대문구,연희동,19310,10366,3708,2542,1993,542,123
1056,2020,3,마포구,용강동,9274,3344,1971,1890,1613,353,70
1057,2020,3,마포구,대흥동,8379,5244,1425,844,698,131,25
1058,2020,3,마포구,염리동,5652,2481,1155,989,820,168,28
1059,2020,3,마포구,신수동,10257,3983,2213,1951,1686,329,64
1060,2020,3,마포구,서교동,15274,9945,2566,1423,1031,229,56
1061,2020,3,마포구,합정동,9721,5281,2103,1238,845,186,46
1062,2020,3,마포구,망원1동,10557,5097,2486,1472,1155,272,56
1063,2020,3,마포구,망원2동,8511,3308,2047,1435,1363,280,57
1064,2020,3,마포구,연남동,8873,5226,1727,986,690,192,32
1065,2020,3,마포구,성산1동,9468,4421,2063,1471,1122,297,62
1066,2020,3,마포구,성산2동,19028,8432,4007,3112,2729,582,139
1067,2020,3,마포구,상암동,12823,4439,2526,2441,2556,690,130
1068,2020,3,마포구,도화동,9553,3706,2037,1783,1558,361,81
1069,2020,3,마포구,서강동,11703,5313,2257,1992,1708,356,54
1070,2020,3,마포구,공덕동,18989,9000,4012,2971,2371,490,110
1071,2020,3,마포구,아현동,10433,3292,2308,2462,1939,338,68
1072,2020,3,양천구,목1동,10565,1656,1864,2943,3348,595,114
1073,2020,3,양천구,목2동,13242,4889,3023,2514,2168,496,112
1074,2020,3,양천구,목3동,10060,3799,2453,1935,1473,296,74
1075,2020,3,양천구,목4동,10120,3089,1921,2095,2401,484,96
1076,2020,3,양천구,신월1동,10165,4512,2409,1746,1148,279,57
1077,2020,3,양천구,신월2동,8587,2541,2069,1859,1566,416,96
1078,2020,3,양천구,신월3동,8112,4038,1831,1149,806,232,46
1079,2020,3,양천구,신월4동,6943,1618,1689,1663,1504,354,96
1080,2020,3,양천구,신월5동,6481,2272,1553,1272,1050,243,75
1081,2020,3,양천구,신월6동,5079,1140,1278,1223,1149,239,39
1082,2020,3,양천구,신월7동,9230,3217,2624,1782,1270,258,58
1083,2020,3,양천구,신정1동,7200,1404,1282,1675,2298,452,72
1084,2020,3,양천구,신정2동,7142,1622,1314,1552,2130,444,62
1085,2020,3,양천구,신정3동,17893,4690,4225,3880,3879,976,191
1086,2020,3,양천구,신정6동,8251,1095,1542,2300,2717,484,88
1087,2020,3,양천구,신정7동,11592,3050,2666,2583,2702,477,79
1088,2020,3,양천구,목5동,13566,1684,2210,3710,4957,803,141
1089,2020,3,양천구,신정4동,16081,7145,3672,2617,2012,495,100
1090,2020,3,강서구,염창동,15776,3981,3232,3782,3933,699,114
1091,2020,3,강서구,등촌1동,12835,7131,2425,1660,1299,254,44
1092,2020,3,강서구,등촌2동,8800,2837,2077,1846,1525,383,100
1093,2020,3,강서구,등촌3동,15041,6189,3948,2545,1906,349,82
1094,2020,3,강서구,화곡본동,16749,7552,3785,2755,2032,501,83
1095,2020,3,강서구,화곡2동,8234,3009,2094,1599,1146,317,49
1096,2020,3,강서구,화곡3동,9444,3372,2248,1814,1518,372,95
1097,2020,3,강서구,화곡4동,9737,3796,2488,1800,1279,287,67
1098,2020,3,강서구,화곡6동,12230,5802,2592,1878,1517,338,75
1099,2020,3,강서구,화곡8동,11796,4703,3048,2127,1484,342,70
1100,2020,3,강서구,가양1동,19933,12912,2710,2076,1724,404,82
1101,2020,3,강서구,가양2동,8091,4209,2133,1032,543,121,36
1102,2020,3,강서구,가양3동,7922,3373,2414,1312,632,150,32
1103,2020,3,강서구,발산1동,13588,2891,3091,3064,3486,871,140
1104,2020,3,강서구,공항동,12773,5729,2735,2071,1720,408,86
1105,2020,3,강서구,방화1동,17466,5032,3988,3635,3643,932,181
1106,2020,3,강서구,방화2동,11613,5661,2601,1707,1219,315,84
1107,2020,3,강서구,방화3동,11331,4865,2837,1921,1315,291,79
1108,2020,3,강서구,화곡1동,26810,12983,6245,4215,2559,610,143
1109,2020,3,강서구,우장산동,16197,3971,3288,3667,4231,827,157
1110,2020,3,구로구,신도림동,13504,3101,3068,3284,3242,621,141
1111,2020,3,구로구,구로1동,8377,2284,1981,1831,1842,354,62
1112,2020,3,구로구,구로3동,13176,7715,2266,1602,1223,287,56
1113,2020,3,구로구,구로4동,10687,5342,2491,1572,1015,202,46
1114,2020,3,구로구,구로5동,14697,7218,3051,2188,1723,394,91
1115,2020,3,구로구,고척1동,9582,3089,2288,1861,1838,402,83
1116,2020,3,구로구,고척2동,11586,3879,2790,2315,2031,443,109
1117,2020,3,구로구,개봉2동,12639,3330,3381,2858,2331,558,136
1118,2020,3,구로구,개봉3동,8824,2709,2406,1857,1454,318,61
1119,2020,3,구로구,오류1동,11634,5920,2508,1644,1182,291,63
1120,2020,3,구로구,수궁동,9936,3014,2647,2098,1609,451,95
1121,2020,3,구로구,가리봉동,6014,4168,1003,474,282,69,10
1122,2020,3,구로구,구로2동,12741,6377,2964,1794,1192,311,75
1123,2020,3,구로구,개봉1동,14734,5181,3769,2787,2291,553,118
1124,2020,3,구로구,오류2동,15557,4499,4002,3016,2925,897,158
1125,2020,3,구로구,항동,6104,1475,1340,1538,1380,304,50
1126,2020,3,금천구,가산동,15497,11512,2023,1053,706,155,41
1127,2020,3,금천구,독산1동,21024,10504,4135,3047,2573,596,122
1128,2020,3,금천구,독산2동,9389,4262,2278,1491,1059,243,41
1129,2020,3,금천구,독산3동,12489,6077,2889,1818,1337,290,59
1130,2020,3,금천구,독산4동,7680,3510,1846,1183,860,226,42
1131,2020,3,금천구,시흥1동,16068,7047,3695,2646,2072,488,78
1132,2020,3,금천구,시흥2동,8443,2168,2115,1837,1730,431,122
1133,2020,3,금천구,시흥3동,4775,1539,1315,944,734,196,40
1134,2020,3,금천구,시흥4동,9143,3265,2345,1726,1383,319,73
1135,2020,3,금천구,시흥5동,9379,3999,2375,1540,1090,294,64
1136,2020,3,영등포구,여의동,13800,4269,3099,2957,2707,559,154
1137,2020,3,영등포구,당산1동,10827,5625,2241,1526,1081,265,64
1138,2020,3,영등포구,당산2동,18425,9195,3285,2874,2407,499,121
1139,2020,3,영등포구,양평1동,9001,4567,1997,1285,910,172,48
1140,2020,3,영등포구,양평2동,10279,4334,2207,1794,1566,300,59
1141,2020,3,영등포구,신길1동,10410,6555,1827,1072,727,179,41
1142,2020,3,영등포구,신길3동,7662,3064,1686,1464,1124,277,35
1143,2020,3,영등포구,신길4동,4368,2029,995,729,456,135,19
1144,2020,3,영등포구,신길5동,4980,1991,1153,911,706,179,22
1145,2020,3,영등포구,신길6동,8598,3977,1882,1358,1063,242,53
1146,2020,3,영등포구,신길7동,7910,2288,1660,1698,1792,380,71
1147,2020,3,영등포구,대림1동,7159,3271,1669,1089,903,171,40
1148,2020,3,영등포구,대림2동,6889,3855,1520,827,505,136,32
1149,2020,3,영등포구,대림3동,10450,4102,2544,1887,1459,346,78
1150,2020,3,영등포구,영등포본동,10315,4768,2061,1684,1427,307,51
1151,2020,3,영등포구,영등포동,18442,13582,2328,1310,970,201,39
1152,2020,3,영등포구,도림동,9441,4706,2121,1366,956,227,49
1153,2020,3,영등포구,문래동,13131,4034,2933,2848,2631,543,109
1154,2020,3,동작구,노량진2동,7283,4330,1472,807,522,120,27
1155,2020,3,동작구,상도1동,21584,10114,4017,3632,3020,626,124
1156,2020,3,동작구,상도2동,12675,5203,2718,2216,1995,419,96
1157,2020,3,동작구,상도3동,12075,5463,2675,1983,1496,336,85
1158,2020,3,동작구,상도4동,13814,6054,3118,2364,1772,411,73
1159,2020,3,동작구,사당1동,13275,7845,2625,1504,1039,196,53
1160,2020,3,동작구,사당3동,10542,3575,2436,2168,1804,417,93
1161,2020,3,동작구,사당4동,7183,3394,1625,1077,849,186,34
1162,2020,3,동작구,사당5동,6613,2558,1517,1289,1001,198,38
1163,2020,3,동작구,대방동,17289,7260,3303,2881,2972,683,139
1164,2020,3,동작구,신대방1동,10235,4017,2025,1769,1881,436,83
1165,2020,3,동작구,신대방2동,9486,4431,1765,1466,1365,344,86
1166,2020,3,동작구,흑석동,14390,5611,3095,2764,2292,507,94
1167,2020,3,동작구,노량진1동,15762,7533,3244,2453,1941,466,92
1168,2020,3,동작구,사당2동,11987,4273,2993,2391,1778,433,95
1169,2020,3,관악구,보라매동,12495,6194,2760,1797,1344,315,63
1170,2020,3,관악구,청림동,6591,2065,1688,1416,1116,234,55
1171,2020,3,관악구,행운동,17381,10954,2997,1728,1287,320,78
1172,2020,3,관악구,낙성대동,11230,8031,1522,845,619,159,41
1173,2020,3,관악구,중앙동,9789,6614,1580,810,603,145,27
1174,2020,3,관악구,인헌동,14230,7963,2711,1765,1359,340,60
1175,2020,3,관악구,남현동,9518,4978,1912,1362,955,230,60
1176,2020,3,관악구,서원동,14207,9185,2602,1337,814,196,59
1177,2020,3,관악구,신원동,10931,6715,2130,1136,743,154,40
1178,2020,3,관악구,서림동,14595,9649,2307,1334,974,250,56
1179,2020,3,관악구,신사동,13716,8736,2329,1387,1003,208,43
1180,2020,3,관악구,신림동,17352,14386,1899,614,343,86,20
1181,2020,3,관악구,난향동,6456,1998,1550,1312,1204,286,76
1182,2020,3,관악구,조원동,10639,6860,1851,958,742,184,25
1183,2020,3,관악구,대학동,16266,12248,1855,1130,794,182,51
1184,2020,3,관악구,은천동,16101,7149,3544,2557,2177,504,134
1185,2020,3,관악구,성현동,12569,4073,2999,2485,2339,541,96
1186,2020,3,관악구,청룡동,22511,15861,3098,1758,1375,333,63
1187,2020,3,관악구,난곡동,13017,5469,3221,2214,1633,370,83
1188,2020,3,관악구,삼성동,11420,4820,2775,1870,1454,389,89
1189,2020,3,관악구,미성동,14234,5747,3288,2509,2044,511,98
1190,2020,3,서초구,서초1동,9354,3977,1800,1559,1486,383,110
1191,2020,3,서초구,서초2동,8730,3987,1571,1422,1356,298,73
1192,2020,3,서초구,서초3동,14240,6231,2830,2336,2076,550,146
1193,2020,3,서초구,서초4동,11079,2409,1949,2639,3275,631,116
1194,2020,3,서초구,잠원동,12449,4324,2229,2613,2655,492,90
1195,2020,3,서초구,반포본동,4114,731,854,975,1233,242,61
1196,2020,3,서초구,반포1동,14357,6398,2222,2348,2609,584,144
1197,2020,3,서초구,반포2동,5122,682,850,1320,1709,443,89
1198,2020,3,서초구,반포3동,7734,1441,1521,2044,2173,438,78
1199,2020,3,서초구,반포4동,7288,1880,1510,1787,1582,386,105
1200,2020,3,서초구,방배본동,8019,2271,1567,1711,1877,437,112
1201,2020,3,서초구,방배1동,7692,3002,1742,1384,1190,271,76
1202,2020,3,서초구,방배2동,8695,3068,2175,1605,1388,350,73
1203,2020,3,서초구,방배3동,8351,2268,1894,1883,1786,372,104
1204,2020,3,서초구,방배4동,9810,3434,2079,1819,1895,426,118
1205,2020,3,서초구,양재1동,18299,6199,4040,3456,3243,1020,251
1206,2020,3,서초구,양재2동,10818,5098,2267,1578,1395,355,88
1207,2020,3,서초구,내곡동,7332,2175,1863,1548,1280,328,103
1208,2020,3,강남구,신사동,7399,2957,1554,1302,1187,284,77
1209,2020,3,강남구,논현1동,14450,9658,2513,1162,796,222,67
1210,2020,3,강남구,논현2동,11633,6476,2139,1519,1158,248,70
1211,2020,3,강남구,삼성1동,5785,2114,1211,1091,1004,268,65
1212,2020,3,강남구,삼성2동,13468,5881,2304,2280,2360,472,116
1213,2020,3,강남구,대치1동,7407,582,943,1956,3103,646,138
1214,2020,3,강남구,대치4동,10338,5507,1706,1360,1372,292,79
1215,2020,3,강남구,역삼1동,24143,17455,3499,1639,1137,289,81
1216,2020,3,강남구,역삼2동,15730,6579,2349,2799,3201,616,125
1217,2020,3,강남구,도곡1동,8662,2673,1595,1893,2008,374,84
1218,2020,3,강남구,도곡2동,11863,2202,2364,2985,3446,693,132
1219,2020,3,강남구,개포1동,2682,815,613,523,557,134,29
1220,2020,3,강남구,개포4동,7884,3047,1636,1477,1322,305,68
1221,2020,3,강남구,일원본동,8152,1470,1564,2005,2536,461,86
1222,2020,3,강남구,일원1동,7482,3224,1787,1209,935,258,54
1223,2020,3,강남구,일원2동,7389,2308,1800,1543,1433,260,35
1224,2020,3,강남구,수서동,7872,3498,2340,1154,667,161,38
1225,2020,3,강남구,세곡동,17980,5983,3995,3232,3334,1059,284
1226,2020,3,강남구,압구정동,10688,2980,2429,2403,2206,503,130
1227,2020,3,강남구,청담동,11846,4748,2365,2181,1913,475,102
1228,2020,3,강남구,대치2동,13079,2643,2159,3232,4089,779,121
1229,2020,3,강남구,개포2동,8089,1618,1806,2090,2098,374,84
1230,2020,3,송파구,풍납1동,6459,2562,1598,1124,938,177,46
1231,2020,3,송파구,풍납2동,11132,4225,2296,2235,1862,391,97
1232,2020,3,송파구,거여1동,5624,2016,1380,1034,928,207,42
1233,2020,3,송파구,거여2동,8147,2762,2071,1633,1308,294,62
1234,2020,3,송파구,마천1동,9010,3590,2155,1572,1225,378,74
1235,2020,3,송파구,마천2동,8858,3433,2185,1628,1202,312,73
1236,2020,3,송파구,방이1동,6311,1921,1243,1302,1443,299,77
1237,2020,3,송파구,방이2동,14408,8188,2811,1769,1292,267,63
1238,2020,3,송파구,오륜동,5961,668,1149,1575,2064,409,65
1239,2020,3,송파구,오금동,15858,4466,3739,3544,3168,726,177
1240,2020,3,송파구,송파1동,12434,6048,2672,1839,1408,347,89
1241,2020,3,송파구,송파2동,7599,1790,1607,1810,1859,429,81
1242,2020,3,송파구,석촌동,17120,8894,3600,2370,1756,374,96
1243,2020,3,송파구,삼전동,16309,8415,3341,2340,1703,404,80
1244,2020,3,송파구,가락본동,11952,4688,2551,2229,1893,478,85
1245,2020,3,송파구,가락1동,9927,1626,2507,2667,2537,471,94
1246,2020,3,송파구,가락2동,12343,3063,2551,2963,3042,555,132
1247,2020,3,송파구,문정1동,8570,2831,1929,1701,1634,374,75
1248,2020,3,송파구,문정2동,15543,8567,2799,1972,1728,344,95
1249,2020,3,송파구,잠실본동,15464,8527,3007,2025,1465,340,78
1250,2020,3,송파구,잠실4동,7447,1209,1467,2044,2202,411,83
1251,2020,3,송파구,잠실6동,5964,990,1371,1581,1536,378,78
1252,2020,3,송파구,잠실7동,3467,522,872,901,921,194,41
1253,2020,3,송파구,잠실2동,11954,1838,1912,3113,4238,695,133
1254,2020,3,송파구,잠실3동,12158,1887,2629,3334,3473,668,121
1255,2020,3,송파구,장지동,12185,3459,2997,2735,2303,548,112
1256,2020,3,송파구,위례동,9213,1198,1800,2358,2922,745,154
1257,2020,3,강동구,강일동,11566,2475,2810,2384,2716,970,173
1258,2020,3,강동구,상일동,11524,2006,2562,2949,3219,647,104
1259,2020,3,강동구,명일1동,10136,2451,2502,2419,2198,461,76
1260,2020,3,강동구,명일2동,6022,1196,1150,1381,1833,361,70
1261,2020,3,강동구,고덕1동,8895,1572,1574,2347,2735,529,102
1262,2020,3,강동구,고덕2동,8422,2187,1983,1970,1867,334,58
1263,2020,3,강동구,암사2동,6355,1929,1564,1391,1174,233,53
1264,2020,3,강동구,암사3동,6359,1135,1404,1611,1701,388,77
1265,2020,3,강동구,천호1동,12919,5413,3099,2313,1608,377,85
1266,2020,3,강동구,천호3동,13891,7090,3018,2012,1374,308,68
1267,2020,3,강동구,성내1동,8213,2475,1912,1849,1557,325,70
1268,2020,3,강동구,성내2동,12817,6693,2779,1878,1123,262,56
1269,2020,3,강동구,성내3동,10556,4203,2423,1880,1613,344,69
1270,2020,3,강동구,둔촌1동,160,113,18,12,13,2,2
1271,2020,3,강동구,둔촌2동,11188,3656,2619,2290,2105,420,73
1272,2020,3,강동구,암사1동,16209,6431,3794,2996,2382,475,96
1273,2020,3,강동구,천호2동,17899,8847,4080,2638,1805,410,88
1274,2020,3,강동구,길동,21471,9057,4738,3820,2906,725,167
1275,2020,4,종로구,사직동,4758,2399,951,696,520,141,26
1276,2020,4,종로구,삼청동,1342,701,270,175,135,40,17
1277,2020,4,종로구,부암동,4392,1742,990,754,648,185,44
1278,2020,4,종로구,평창동,7522,2442,1791,1463,1329,387,69
1279,2020,4,종로구,무악동,3192,772,722,748,728,179,29
1280,2020,4,종로구,교남동,4602,1680,1100,918,732,133,28
1281,2020,4,종로구,가회동,2077,979,429,339,232,66,20
1282,2020,4,종로구,종로1·2·3·4가동,5283,4212,535,268,199,48,14
1283,2020,4,종로구,종로5·6가동,3415,2410,504,265,171,50,11
1284,2020,4,종로구,이화동,4430,2757,776,457,324,94,14
1285,2020,4,종로구,창신1동,2961,1787,578,312,193,73,14
1286,2020,4,종로구,창신2동,4185,2058,943,580,432,133,33
1287,2020,4,종로구,창신3동,2913,953,716,643,433,136,28
1288,2020,4,종로구,숭인1동,3035,1472,673,447,329,90,17
1289,2020,4,종로구,숭인2동,6165,4242,940,508,361,90,18
1290,2020,4,종로구,청운효자동,5357,2032,1149,1009,863,232,52
1291,2020,4,종로구,혜화동,9374,5716,1481,1029,852,210,57
1292,2020,4,중구,소공동,1130,645,208,177,76,17,4
1293,2020,4,중구,회현동,3025,1969,447,293,227,64,12
1294,2020,4,중구,명동,1552,1075,235,135,72,23,4
1295,2020,4,중구,필동,2406,1556,415,218,153,48,12
1296,2020,4,중구,장충동,2755,1785,439,246,196,66,17
1297,2020,4,중구,광희동,3295,2219,566,269,173,47,16
1298,2020,4,중구,을지로동,1373,1109,162,50,35,11,4
1299,2020,4,중구,신당5동,5392,2698,1211,756,551,136,29
1300,2020,4,중구,황학동,6927,3827,1485,891,559,129,26
1301,2020,4,중구,중림동,5843,2534,1276,1030,775,169,39
1302,2020,4,중구,신당동,4629,2941,846,438,305,73,22
1303,2020,4,중구,다산동,6965,3223,1668,1001,826,182,44
1304,2020,4,중구,약수동,7809,2954,2114,1463,961,228,69
1305,2020,4,중구,청구동,6413,2565,1560,1152,855,217,50
1306,2020,4,중구,동화동,4172,1180,1002,899,793,217,59
1307,2020,4,용산구,후암동,8710,4280,1804,1318,956,264,57
1308,2020,4,용산구,용산2가동,5407,2906,1209,713,427,121,23
1309,2020,4,용산구,남영동,5385,4181,595,292,243,54,12
1310,2020,4,용산구,원효로2동,6042,2193,1344,1196,971,242,66
1311,2020,4,용산구,효창동,4381,1587,1026,828,701,173,55
1312,2020,4,용산구,용문동,5448,2038,1333,1034,784,193,49
1313,2020,4,용산구,이촌1동,10337,2274,2350,2626,2381,533,133
1314,2020,4,용산구,이촌2동,3851,1351,1061,749,503,147,25
1315,2020,4,용산구,이태원1동,3934,2327,776,449,270,77,26
1316,2020,4,용산구,이태원2동,5035,2756,1075,646,408,106,35
1317,2020,4,용산구,서빙고동,5324,1778,1158,956,1032,320,64
1318,2020,4,용산구,보광동,7787,4269,1706,968,641,159,37
1319,2020,4,용산구,청파동,11110,6691,2060,1185,870,224,58
1320,2020,4,용산구,원효로1동,8039,3932,1688,1249,911,199,41
1321,2020,4,용산구,한강로동,10875,5918,2162,1419,1071,210,71
1322,2020,4,용산구,한남동,11428,6267,2399,1444,965,257,64
1323,2020,4,성동구,왕십리2동,7634,2998,1766,1414,1126,243,67
1324,2020,4,성동구,마장동,10922,5022,2404,1656,1386,339,82
1325,2020,4,성동구,사근동,7805,5646,993,558,456,121,22
1326,2020,4,성동구,행당1동,6459,2711,1383,1191,925,195,37
1327,2020,4,성동구,행당2동,9482,2447,2490,2183,1881,369,82
1328,2020,4,성동구,응봉동,6135,1633,1439,1448,1271,274,49
1329,2020,4,성동구,금호1가동,6720,2241,1692,1435,1056,230,55
1330,2020,4,성동구,금호4가동,6463,2256,1635,1409,931,184,32
1331,2020,4,성동구,성수1가1동,7667,3279,1687,1283,1126,223,58
1332,2020,4,성동구,성수1가2동,6524,3022,1407,1067,794,180,44
1333,2020,4,성동구,성수2가1동,8454,4198,1835,1279,898,190,42
1334,2020,4,성동구,성수2가3동,5712,2994,1116,755,626,164,44
1335,2020,4,성동구,송정동,5574,2902,1156,787,543,147,32
1336,2020,4,성동구,용답동,6869,4250,1210,730,520,119,32
1337,2020,4,성동구,왕십리도선동,12033,4748,2557,2350,1890,369,82
1338,2020,4,성동구,금호2·3가동,10324,3701,2606,2111,1505,304,68
1339,2020,4,성동구,옥수동,11093,3322,2911,2588,1760,395,85
1340,2020,4,광진구,화양동,17061,13689,1981,738,524,93,25
1341,2020,4,광진구,군자동,11166,6562,2047,1331,950,209,46
1342,2020,4,광진구,중곡1동,8338,4309,1888,1145,786,156,39
1343,2020,4,광진구,중곡2동,10621,4773,2508,1701,1258,297,64
1344,2020,4,광진구,중곡3동,8572,4244,1980,1222,871,212,34
1345,2020,4,광진구,중곡4동,13264,5115,3275,2485,1853,407,97
1346,2020,4,광진구,능동,6511,3752,1334,741,507,134,36
1347,2020,4,광진구,구의1동,12122,6846,2419,1486,1054,251,52
1348,2020,4,광진구,구의2동,11693,4321,2690,2229,1899,418,97
1349,2020,4,광진구,구의3동,12202,4146,2699,2456,2294,468,102
1350,2020,4,광진구,광장동,12073,2295,2035,3019,3851,684,149
1351,2020,4,광진구,자양1동,11869,6190,2475,1609,1242,285,55
1352,2020,4,광진구,자양2동,11217,4160,2619,2144,1809,374,82
1353,2020,4,광진구,자양3동,11178,3089,2566,2441,2477,456,106
1354,2020,4,광진구,자양4동,9540,5123,2033,1264,850,214,39
1355,2020,4,동대문구,회기동,6315,4201,917,564,468,130,25
1356,2020,4,동대문구,휘경1동,7202,3994,1289,922,758,187,40
1357,2020,4,동대문구,휘경2동,11858,5848,2200,1776,1571,366,76
1358,2020,4,동대문구,청량리동,10088,4954,2301,1462,1023,268,68
1359,2020,4,동대문구,용신동,18442,11562,3235,1928,1324,308,62
1360,2020,4,동대문구,제기동,13340,7318,2668,1677,1227,339,85
1361,2020,4,동대문구,전농1동,15234,7630,3098,2315,1689,393,76
1362,2020,4,동대문구,전농2동,7803,2376,1907,1661,1416,340,86
1363,2020,4,동대문구,답십리2동,12852,4669,3248,2422,1954,430,101
1364,2020,4,동대문구,장안1동,18269,8036,4053,3100,2343,583,111
1365,2020,4,동대문구,장안2동,14039,4961,3129,2869,2408,501,134
1366,2020,4,동대문구,이문1동,10524,6475,1755,1083,927,204,58
1367,2020,4,동대문구,이문2동,8719,3142,1994,1632,1479,356,82
1368,2020,4,동대문구,답십리1동,12913,5170,2675,2496,1958,479,94
1369,2020,4,중랑구,면목2동,12334,5814,2824,1879,1416,324,61
1370,2020,4,중랑구,면목4동,9052,3933,2149,1562,1078,260,53
1371,2020,4,중랑구,면목5동,6345,2217,1578,1331,977,200,33
1372,2020,4,중랑구,면목7동,10718,4641,2629,1784,1298,278,68
1373,2020,4,중랑구,상봉1동,10300,3279,2485,2203,1889,343,77
1374,2020,4,중랑구,상봉2동,11716,7073,2359,1309,765,157,40
1375,2020,4,중랑구,중화1동,9122,3466,2315,1721,1253,288,51
1376,2020,4,중랑구,중화2동,13893,7435,3126,1864,1139,262,49
1377,2020,4,중랑구,묵1동,14974,5216,3473,2952,2527,624,134
1378,2020,4,중랑구,묵2동,9340,4117,2220,1578,1081,276,55
1379,2020,4,중랑구,망우3동,8441,3832,2048,1376,923,209,44
1380,2020,4,중랑구,신내1동,14818,3682,3611,3072,3230,981,180
1381,2020,4,중랑구,신내2동,9084,2974,2376,1903,1479,276,59
1382,2020,4,중랑구,면목본동,17897,8927,4117,2576,1782,408,59
1383,2020,4,중랑구,면목3·8동,12793,5958,3116,1960,1401,273,66
1384,2020,4,중랑구,망우본동,15093,7238,3345,2303,1697,412,75
1385,2020,4,성북구,돈암1동,6240,1833,1640,1322,1110,259,63
1386,2020,4,성북구,돈암2동,8731,1758,1918,2221,2172,505,109
1387,2020,4,성북구,안암동,9326,6280,1394,843,645,127,29
1388,2020,4,성북구,보문동,7841,3839,1582,1251,915,211,31
1389,2020,4,성북구,정릉1동,7498,2271,1706,1681,1414,322,77
1390,2020,4,성북구,정릉2동,9883,3263,2464,2004,1652,363,97
1391,2020,4,성북구,정릉3동,8022,4321,1673,1006,785,181,40
1392,2020,4,성북구,정릉4동,10993,3815,2723,2186,1731,415,90
1393,2020,4,성북구,길음1동,12802,2608,2515,3118,3659,729,132
1394,2020,4,성북구,길음2동,7126,2440,1536,1492,1313,275,57
1395,2020,4,성북구,월곡1동,10912,3384,2569,2253,2068,506,98
1396,2020,4,성북구,월곡2동,9619,4567,1958,1474,1223,302,72
1397,2020,4,성북구,장위1동,9190,3651,2230,1624,1275,313,68
1398,2020,4,성북구,장위2동,6609,2804,1679,1129,743,193,49
1399,2020,4,성북구,장위3동,7094,2350,1524,1525,1334,291,57
1400,2020,4,성북구,성북동,8254,3985,1797,1213,905,260,67
1401,2020,4,성북구,삼선동,11719,5859,2342,1616,1454,354,69
1402,2020,4,성북구,동선동,9366,6079,1500,926,634,172,39
1403,2020,4,성북구,종암동,17448,6784,3779,3175,2852,693,124
1404,2020,4,성북구,석관동,16723,6973,4083,2970,2103,465,95
1405,2020,4,강북구,번1동,10483,5767,2247,1374,863,183,40
1406,2020,4,강북구,번2동,7663,2978,2138,1397,851,231,56
1407,2020,4,강북구,번3동,7575,2441,2218,1440,1131,266,68
1408,2020,4,강북구,수유1동,10455,4871,2465,1636,1096,301,59
1409,2020,4,강북구,수유2동,9728,3683,2580,1789,1256,336,60
1410,2020,4,강북구,수유3동,13011,7303,2657,1688,1057,244,45
1411,2020,4,강북구,삼양동,11384,4714,2757,1963,1455,398,71
1412,2020,4,강북구,미아동,11778,6252,2488,1622,1077,270,48
1413,2020,4,강북구,송중동,14076,6039,3254,2405,1822,432,91
1414,2020,4,강북구,송천동,13787,6502,3314,2074,1492,333,59
1415,2020,4,강북구,삼각산동,11741,2693,2537,2787,2970,589,126
1416,2020,4,강북구,우이동,9644,3793,2555,1675,1229,299,69
1417,2020,4,강북구,인수동,14571,5874,3770,2626,1706,447,119
1418,2020,4,도봉구,쌍문1동,9439,3278,2455,1861,1371,367,81
1419,2020,4,도봉구,쌍문2동,8672,3245,2263,1631,1186,278,51
1420,2020,4,도봉구,쌍문3동,7905,3292,1961,1400,970,230,41
1421,2020,4,도봉구,쌍문4동,7203,1630,1727,1704,1729,341,61
1422,2020,4,도봉구,방학1동,12740,4787,3050,2340,1926,504,104
1423,2020,4,도봉구,방학2동,9515,3922,2408,1673,1137,296,60
1424,2020,4,도봉구,방학3동,10073,1909,2557,2483,2403,561,125
1425,2020,4,도봉구,창1동,10880,3758,2698,2180,1806,339,73
1426,2020,4,도봉구,창2동,12460,3978,3216,2645,2009,469,102
1427,2020,4,도봉구,창3동,6656,2689,1703,1173,831,209,33
1428,2020,4,도봉구,창4동,10754,3048,2503,2393,2250,438,97
1429,2020,4,도봉구,창5동,10266,3082,2533,2234,1895,404,89
1430,2020,4,도봉구,도봉1동,10434,4421,2786,1754,1095,289,57
1431,2020,4,도봉구,도봉2동,12117,4203,3191,2425,1736,434,96
1432,2020,4,노원구,월계1동,10461,4542,2299,1693,1495,359,60
1433,2020,4,노원구,월계2동,12069,4247,3170,2359,1791,396,87
1434,2020,4,노원구,월계3동,13016,4075,3588,2794,1992,442,95
1435,2020,4,노원구,공릉2동,16497,5852,3262,3234,3308,671,121
1436,2020,4,노원구,하계1동,11661,4321,2418,2127,2239,446,78
1437,2020,4,노원구,하계2동,8307,1821,1867,1955,2177,409,61
1438,2020,4,노원구,중계본동,8657,1981,1413,1899,2624,605,103
1439,2020,4,노원구,중계1동,9068,1434,1435,2358,3234,522,60
1440,2020,4,노원구,중계4동,8478,2719,1990,1678,1631,365,68
1441,2020,4,노원구,상계1동,15648,4630,3833,3341,2935,719,139
1442,2020,4,노원구,상계2동,8791,3343,1776,1612,1637,311,91
1443,2020,4,노원구,상계5동,11019,4155,2721,2100,1576,369,77
1444,2020,4,노원구,상계8동,9168,2445,2302,2256,1801,309,42
1445,2020,4,노원구,상계9동,8425,2174,2240,2000,1663,282,48
1446,2020,4,노원구,상계10동,7134,1963,1927,1579,1390,216,42
1447,2020,4,노원구,상계3·4동,12229,4761,3072,2146,1689,440,85
1448,2020,4,노원구,상계6·7동,13938,4389,3436,2970,2593,447,75
1449,2020,4,노원구,중계2·3동,15411,5199,4137,3027,2492,465,72
1450,2020,4,노원구,공릉1동,18293,8642,3785,2842,2375,497,121
1451,2020,4,은평구,녹번동,17494,7209,4322,3134,2195,495,107
1452,2020,4,은평구,불광1동,17977,6926,4502,3352,2467,566,116
1453,2020,4,은평구,갈현1동,11163,4890,2709,1880,1306,300,56
1454,2020,4,은평구,갈현2동,12656,4596,3123,2462,1902,442,99
1455,2020,4,은평구,구산동,13402,4554,3256,2699,2169,568,110
1456,2020,4,은평구,대조동,14324,7450,3137,1971,1368,289,88
1457,2020,4,은평구,응암1동,14077,5716,3345,2462,1985,451,88
1458,2020,4,은평구,응암2동,11008,3119,2641,2590,2084,442,92
1459,2020,4,은평구,신사1동,11846,4047,3027,2378,1833,427,104
1460,2020,4,은평구,신사2동,9049,3282,2189,1729,1427,314,83
1461,2020,4,은평구,증산동,6897,2655,1739,1189,994,259,45
1462,2020,4,은평구,수색동,4785,1622,1217,961,743,185,47
1463,2020,4,은평구,진관동,21645,6335,4347,4279,4821,1433,351
1464,2020,4,은평구,불광2동,13962,6359,3359,2263,1484,381,89
1465,2020,4,은평구,응암3동,12770,6167,3011,1888,1301,301,74
1466,2020,4,은평구,역촌동,20859,7938,5151,3912,2982,665,159
1467,2020,4,서대문구,천연동,8048,3262,1816,1461,1187,264,39
1468,2020,4,서대문구,홍제1동,10512,3762,2537,2045,1660,401,73
1469,2020,4,서대문구,홍제3동,7126,2787,1716,1301,1006,249,49
1470,2020,4,서대문구,홍제2동,5908,1864,1467,1258,1021,238,44
1471,2020,4,서대문구,홍은1동,9759,3357,2370,1877,1642,397,91
1472,2020,4,서대문구,홍은2동,12335,5069,2857,2175,1689,391,116
1473,2020,4,서대문구,남가좌1동,5891,1416,1221,1464,1409,300,63
1474,2020,4,서대문구,남가좌2동,13316,5165,2963,2512,2106,444,104
1475,2020,4,서대문구,북가좌1동,6991,1681,1743,1584,1528,350,85
1476,2020,4,서대문구,북가좌2동,14783,5801,3638,2647,2071,501,99
1477,2020,4,서대문구,충현동,10414,5296,2001,1474,1249,306,66
1478,2020,4,서대문구,북아현동,7471,2923,1657,1506,1113,219,41
1479,2020,4,서대문구,신촌동,13304,10220,1529,799,560,135,40
1480,2020,4,서대문구,연희동,18980,10233,3666,2476,1917,532,123
1481,2020,4,마포구,용강동,9304,3380,1974,1893,1599,356,75
1482,2020,4,마포구,대흥동,8399,5237,1438,843,710,141,19
1483,2020,4,마포구,염리동,5675,2530,1144,973,830,158,28
1484,2020,4,마포구,신수동,10246,3998,2225,1921,1672,326,72
1485,2020,4,마포구,서교동,15494,10136,2625,1419,1010,222,57
1486,2020,4,마포구,합정동,9699,5315,2089,1217,830,185,40
1487,2020,4,마포구,망원1동,10520,5081,2506,1458,1137,268,51
1488,2020,4,마포구,망원2동,8566,3363,2083,1439,1333,274,56
1489,2020,4,마포구,연남동,8872,5271,1702,982,676,194,29
1490,2020,4,마포구,성산1동,9420,4407,2097,1445,1092,285,64
1491,2020,4,마포구,성산2동,19022,8501,4049,3069,2673,567,135
1492,2020,4,마포구,상암동,12770,4448,2520,2432,2522,685,122
1493,2020,4,마포구,도화동,9540,3711,2037,1806,1526,351,86
1494,2020,4,마포구,서강동,11625,5287,2263,1985,1663,346,57
1495,2020,4,마포구,공덕동,18706,8877,3977,2941,2298,472,104
1496,2020,4,마포구,아현동,10624,3350,2403,2477,1950,341,74
1497,2020,4,양천구,목1동,10559,1634,1884,2953,3343,585,116
1498,2020,4,양천구,목2동,13248,4962,3024,2467,2162,480,111
1499,2020,4,양천구,목3동,10119,3882,2493,1912,1435,293,77
1500,2020,4,양천구,목4동,10140,3136,1936,2098,2357,480,97
1501,2020,4,양천구,신월1동,10200,4560,2432,1753,1115,271,56
1502,2020,4,양천구,신월2동,8613,2586,2116,1826,1558,402,90
1503,2020,4,양천구,신월3동,8044,4025,1821,1134,773,232,46
1504,2020,4,양천구,신월4동,6960,1646,1716,1663,1482,334,101
1505,2020,4,양천구,신월5동,6484,2328,1555,1250,1019,242,72
1506,2020,4,양천구,신월6동,5232,1209,1325,1249,1163,236,41
1507,2020,4,양천구,신월7동,9238,3293,2593,1796,1225,257,55
1508,2020,4,양천구,신정1동,7214,1408,1317,1700,2269,429,67
1509,2020,4,양천구,신정2동,7141,1644,1332,1546,2101,443,57
1510,2020,4,양천구,신정3동,17886,4733,4286,3866,3812,956,187
1511,2020,4,양천구,신정6동,8296,1152,1598,2260,2704,466,92
1512,2020,4,양천구,신정7동,11612,3091,2711,2600,2632,466,79
1513,2020,4,양천구,목5동,13583,1745,2250,3691,4886,803,148
1514,2020,4,양천구,신정4동,16064,7175,3708,2601,1970,473,98
1515,2020,4,강서구,염창동,15835,4060,3271,3775,3877,697,118
1516,2020,4,강서구,등촌1동,13168,7442,2465,1678,1268,247,47
1517,2020,4,강서구,등촌2동,8765,2870,2092,1827,1483,365,97
1518,2020,4,강서구,등촌3동,15059,6320,3940,2486,1875,336,81
1519,2020,4,강서구,화곡본동,16783,7681,3811,2679,2011,487,75
1520,2020,4,강서구,화곡2동,8221,3047,2092,1585,1124,305,48
1521,2020,4,강서구,화곡3동,9383,3351,2285,1762,1500,369,94
1522,2020,4,강서구,화곡4동,9764,3865,2522,1768,1252,271,71
1523,2020,4,강서구,화곡6동,12246,5894,2591,1842,1484,334,72
1524,2020,4,강서구,화곡8동,11809,4763,3081,2106,1428,341,69
1525,2020,4,강서구,가양1동,20071,13017,2817,2035,1717,382,80
1526,2020,4,강서구,가양2동,8050,4220,2128,1014,529,115,27
1527,2020,4,강서구,가양3동,7892,3402,2416,1278,618,140,30
1528,2020,4,강서구,발산1동,13521,2919,3093,3028,3455,836,144
1529,2020,4,강서구,공항동,12807,5791,2746,2074,1686,398,88
1530,2020,4,강서구,방화1동,17484,5095,4072,3630,3550,911,176
1531,2020,4,강서구,방화2동,11662,5742,2608,1688,1201,323,78
1532,2020,4,강서구,방화3동,11323,4921,2863,1877,1273,291,76
1533,2020,4,강서구,화곡1동,26956,13284,6255,4141,2504,588,127
1534,2020,4,강서구,우장산동,16183,3989,3324,3649,4183,839,150
1535,2020,4,구로구,신도림동,13484,3101,3098,3293,3198,606,141
1536,2020,4,구로구,구로1동,8368,2310,2019,1806,1805,351,54
1537,2020,4,구로구,구로3동,13245,7792,2302,1592,1191,289,57
1538,2020,4,구로구,구로4동,10711,5403,2535,1544,962,206,44
1539,2020,4,구로구,구로5동,14704,7286,3053,2169,1689,382,93
1540,2020,4,구로구,고척1동,9623,3158,2317,1852,1807,388,80
1541,2020,4,구로구,고척2동,11601,3942,2819,2296,1995,426,107
1542,2020,4,구로구,개봉2동,12604,3293,3431,2871,2284,549,131
1543,2020,4,구로구,개봉3동,8849,2776,2443,1832,1409,309,60
1544,2020,4,구로구,오류1동,11809,6139,2500,1638,1157,293,58
1545,2020,4,구로구,수궁동,9968,3064,2655,2110,1583,429,105
1546,2020,4,구로구,가리봉동,6048,4237,981,474,274,67,8
1547,2020,4,구로구,구로2동,12799,6465,2972,1808,1150,302,70
1548,2020,4,구로구,개봉1동,14945,5243,3881,2865,2251,555,119
1549,2020,4,구로구,오류2동,15634,4582,4075,3005,2910,839,165
1550,2020,4,구로구,항동,6139,1496,1340,1560,1376,297,54
1551,2020,4,금천구,가산동,15966,11937,2082,1065,684,154,39
1552,2020,4,금천구,독산1동,21066,10585,4204,3011,2499,602,116
1553,2020,4,금천구,독산2동,9457,4367,2272,1496,1034,235,41
1554,2020,4,금천구,독산3동,12588,6180,2940,1811,1304,280,56
1555,2020,4,금천구,독산4동,7678,3549,1826,1188,847,217,39
1556,2020,4,금천구,시흥1동,16126,7131,3733,2650,2016,477,84
1557,2020,4,금천구,시흥2동,8478,2216,2151,1835,1694,425,119
1558,2020,4,금천구,시흥3동,4771,1558,1310,949,723,189,33
1559,2020,4,금천구,시흥4동,9161,3337,2337,1716,1363,303,75
1560,2020,4,금천구,시흥5동,9424,4068,2402,1528,1052,292,63
1561,2020,4,영등포구,여의동,13780,4284,3130,2934,2672,552,153
1562,2020,4,영등포구,당산1동,10800,5615,2274,1523,1050,253,61
1563,2020,4,영등포구,당산2동,18488,9227,3347,2888,2375,489,119
1564,2020,4,영등포구,양평1동,9140,4753,1976,1295,871,178,47
1565,2020,4,영등포구,양평2동,10319,4344,2290,1778,1524,303,60
1566,2020,4,영등포구,신길1동,10429,6592,1841,1072,702,177,37
1567,2020,4,영등포구,신길3동,7659,3072,1721,1454,1099,272,29
1568,2020,4,영등포구,신길4동,5613,2312,1303,1038,753,175,22
1569,2020,4,영등포구,신길5동,5002,2011,1167,915,694,176,22
1570,2020,4,영등포구,신길6동,8713,4031,1914,1388,1061,243,51
1571,2020,4,영등포구,신길7동,7913,2286,1711,1673,1779,368,74
1572,2020,4,영등포구,대림1동,7241,3298,1714,1109,887,179,38
1573,2020,4,영등포구,대림2동,6984,3958,1531,832,487,129,32
1574,2020,4,영등포구,대림3동,10441,4158,2543,1874,1418,347,70
1575,2020,4,영등포구,영등포본동,10349,4844,2095,1667,1375,295,55
1576,2020,4,영등포구,영등포동,19028,14077,2360,1362,981,197,40
1577,2020,4,영등포구,도림동,9444,4759,2127,1358,918,222,44
1578,2020,4,영등포구,문래동,13371,4094,3008,2891,2679,559,105
1579,2020,4,동작구,노량진2동,7474,4561,1475,783,506,114,30
1580,2020,4,동작구,상도1동,21583,10183,4059,3575,2981,614,119
1581,2020,4,동작구,상도2동,12598,5199,2710,2187,1976,416,84
1582,2020,4,동작구,상도3동,12061,5503,2687,1970,1457,327,79
1583,2020,4,동작구,상도4동,13854,6161,3150,2322,1727,403,69
1584,2020,4,동작구,사당1동,13290,7904,2630,1474,1011,204,55
1585,2020,4,동작구,사당3동,10567,3651,2448,2152,1774,402,94
1586,2020,4,동작구,사당4동,7158,3390,1631,1074,840,174,33
1587,2020,4,동작구,사당5동,6614,2551,1569,1281,969,192,40
1588,2020,4,동작구,대방동,17290,7306,3332,2866,2949,661,131
1589,2020,4,동작구,신대방1동,10238,4043,2052,1745,1863,420,90
1590,2020,4,동작구,신대방2동,9485,4453,1769,1456,1343,351,84
1591,2020,4,동작구,흑석동,14338,5582,3121,2758,2257,492,100
1592,2020,4,동작구,노량진1동,15712,7541,3262,2434,1896,456,90
1593,2020,4,동작구,사당2동,11967,4324,2991,2384,1716,434,94
1594,2020,4,관악구,보라매동,12536,6282,2774,1763,1323,309,64
1595,2020,4,관악구,청림동,6579,2108,1706,1386,1088,216,55
1596,2020,4,관악구,행운동,17357,10991,2978,1723,1256,314,78
1597,2020,4,관악구,낙성대동,11120,7956,1520,831,617,146,38
1598,2020,4,관악구,중앙동,9709,6577,1575,802,586,136,23
1599,2020,4,관악구,인헌동,14227,8034,2725,1728,1334,321,54
1600,2020,4,관악구,남현동,9544,5033,1918,1340,951,226,53
1601,2020,4,관악구,서원동,14108,9152,2581,1312,802,190,60
1602,2020,4,관악구,신원동,10926,6789,2098,1112,719,153,44
1603,2020,4,관악구,서림동,14623,9705,2327,1320,955,235,54
1604,2020,4,관악구,신사동,13742,8825,2325,1369,968,202,42
1605,2020,4,관악구,신림동,17289,14342,1906,602,338,79,16
1606,2020,4,관악구,난향동,6433,2015,1549,1317,1168,283,73
1607,2020,4,관악구,조원동,10690,6932,1867,953,723,171,26
1608,2020,4,관악구,대학동,16204,12190,1875,1130,770,185,46
1609,2020,4,관악구,은천동,16091,7200,3559,2520,2134,514,126
1610,2020,4,관악구,성현동,12591,4176,2960,2482,2307,536,95
1611,2020,4,관악구,청룡동,22520,15802,3144,1786,1377,329,60
1612,2020,4,관악구,난곡동,13097,5599,3232,2192,1596,368,82
1613,2020,4,관악구,삼성동,11217,4805,2725,1816,1406,363,80
1614,2020,4,관악구,미성동,14208,5775,3336,2447,2009,508,97
1615,2020,4,서초구,서초1동,9351,3985,1807,1581,1442,387,117
1616,2020,4,서초구,서초2동,9713,4214,1821,1653,1583,340,74
1617,2020,4,서초구,서초3동,14599,6410,2917,2409,2115,535,147
1618,2020,4,서초구,서초4동,11009,2364,1944,2646,3251,628,119
1619,2020,4,서초구,잠원동,11448,3953,1994,2420,2472,465,97
1620,2020,4,서초구,반포본동,4105,732,872,965,1223,237,55
1621,2020,4,서초구,반포1동,14297,6389,2210,2332,2587,589,139
1622,2020,4,서초구,반포2동,5110,676,861,1326,1698,438,82
1623,2020,4,서초구,반포3동,7741,1405,1532,2080,2161,441,79
1624,2020,4,서초구,반포4동,7280,1866,1536,1775,1570,396,107
1625,2020,4,서초구,방배본동,7998,2276,1583,1725,1814,441,116
1626,2020,4,서초구,방배1동,7656,2995,1763,1366,1157,276,73
1627,2020,4,서초구,방배2동,8688,3096,2171,1600,1387,325,71
1628,2020,4,서초구,방배3동,8310,2323,1903,1861,1715,372,96
1629,2020,4,서초구,방배4동,9829,3460,2110,1766,1895,443,116
1630,2020,4,서초구,양재1동,18218,6175,4100,3428,3178,993,251
1631,2020,4,서초구,양재2동,10835,5106,2321,1572,1357,361,82
1632,2020,4,서초구,내곡동,7315,2196,1885,1530,1229,340,103
1633,2020,4,강남구,신사동,7320,2921,1571,1269,1174,269,79
1634,2020,4,강남구,논현1동,14412,9641,2486,1192,778,222,63
1635,2020,4,강남구,논현2동,11680,6534,2144,1532,1141,245,63
1636,2020,4,강남구,삼성1동,5665,2118,1198,1019,969,267,64
1637,2020,4,강남구,삼성2동,13452,5889,2309,2272,2350,468,110
1638,2020,4,강남구,대치1동,7383,597,968,1931,3090,636,124
1639,2020,4,강남구,대치4동,10321,5524,1698,1373,1338,288,78
1640,2020,4,강남구,역삼1동,24001,17395,3481,1617,1105,282,79
1641,2020,4,강남구,역삼2동,15697,6606,2320,2795,3197,604,117
1642,2020,4,강남구,도곡1동,8669,2711,1636,1837,2006,360,85
1643,2020,4,강남구,도곡2동,11797,2196,2372,2988,3393,681,131
1644,2020,4,강남구,개포1동,2646,806,622,510,537,126,31
1645,2020,4,강남구,개포4동,9522,3398,2040,1892,1716,370,76
1646,2020,4,강남구,일원본동,8145,1487,1587,1986,2521,458,77
1647,2020,4,강남구,일원1동,7467,3284,1771,1197,901,249,51
1648,2020,4,강남구,일원2동,7353,2323,1814,1522,1401,249,36
1649,2020,4,강남구,수서동,7873,3596,2308,1128,634,163,31
1650,2020,4,강남구,세곡동,17966,6015,4058,3221,3303,1032,257
1651,2020,4,강남구,압구정동,10634,2971,2439,2379,2182,486,135
1652,2020,4,강남구,청담동,11806,4711,2394,2173,1896,462,106
1653,2020,4,강남구,대치2동,13016,2668,2225,3182,4011,758,126
1654,2020,4,강남구,개포2동,8047,1616,1809,2078,2076,372,77
1655,2020,4,송파구,풍납1동,6383,2553,1598,1091,902,181,44
1656,2020,4,송파구,풍납2동,11083,4205,2318,2236,1813,384,100
1657,2020,4,송파구,거여1동,5652,2042,1405,1034,909,202,44
1658,2020,4,송파구,거여2동,8209,2762,2132,1641,1305,290,64
1659,2020,4,송파구,마천1동,8975,3623,2171,1536,1181,367,83
1660,2020,4,송파구,마천2동,8886,3507,2214,1588,1184,300,70
1661,2020,4,송파구,방이1동,6319,1943,1253,1298,1421,295,85
1662,2020,4,송파구,방이2동,14572,8397,2820,1761,1242,261,71
1663,2020,4,송파구,오륜동,5956,677,1175,1594,2014,405,58
1664,2020,4,송파구,오금동,15697,4496,3730,3502,3065,694,170
1665,2020,4,송파구,송파1동,12432,6123,2676,1808,1372,335,90
1666,2020,4,송파구,송파2동,7648,1836,1641,1812,1836,428,74
1667,2020,4,송파구,석촌동,17076,8959,3607,2318,1716,358,92
1668,2020,4,송파구,삼전동,16347,8501,3405,2275,1662,398,77
1669,2020,4,송파구,가락본동,12018,4776,2597,2226,1843,457,88
1670,2020,4,송파구,가락1동,9903,1662,2487,2629,2524,477,98
1671,2020,4,송파구,가락2동,12378,3106,2576,2958,3017,561,121
1672,2020,4,송파구,문정1동,8571,2871,1953,1665,1623,370,66
1673,2020,4,송파구,문정2동,15564,8679,2777,1949,1693,327,102
1674,2020,4,송파구,잠실본동,15435,8584,2987,2012,1424,323,80
1675,2020,4,송파구,잠실4동,7427,1206,1490,2050,2167,409,76
1676,2020,4,송파구,잠실6동,5981,1008,1391,1566,1532,373,78
1677,2020,4,송파구,잠실7동,3464,536,892,896,895,189,43
1678,2020,4,송파구,잠실2동,11893,1837,1938,3130,4138,685,139
1679,2020,4,송파구,잠실3동,12132,1882,2675,3286,3457,659,125
1680,2020,4,송파구,장지동,12156,3529,2986,2719,2237,548,115
1681,2020,4,송파구,위례동,9802,1287,1895,2496,3110,824,157
1682,2020,4,강동구,강일동,13063,2927,3290,2749,2893,988,178
1683,2020,4,강동구,상일동,11609,2023,2597,2969,3243,636,104
1684,2020,4,강동구,명일1동,10109,2462,2521,2426,2144,444,84
1685,2020,4,강동구,명일2동,6130,1303,1158,1392,1816,362,66
1686,2020,4,강동구,고덕1동,8804,1562,1577,2325,2693,511,100
1687,2020,4,강동구,고덕2동,8717,2279,2071,2037,1913,337,54
1688,2020,4,강동구,암사2동,6350,1923,1568,1421,1148,235,42
1689,2020,4,강동구,암사3동,6371,1132,1420,1617,1687,392,82
1690,2020,4,강동구,천호1동,12912,5422,3165,2256,1587,370,89
1691,2020,4,강동구,천호3동,13919,7190,3014,1991,1340,293,71
1692,2020,4,강동구,성내1동,8267,2519,1981,1833,1536,308,69
1693,2020,4,강동구,성내2동,12913,6801,2779,1863,1119,265,58
1694,2020,4,강동구,성내3동,10603,4221,2490,1874,1597,338,63
1695,2020,4,강동구,둔촌1동,156,110,18,13,12,2,1
1696,2020,4,강동구,둔촌2동,11019,3672,2585,2246,2032,396,69
1697,2020,4,강동구,암사1동,16172,6496,3804,2933,2337,472,98
1698,2020,4,강동구,천호2동,17798,8854,4086,2574,1784,379,88
1699,2020,4,강동구,길동,21587,9185,4843,3769,2871,704,157
